{
    "name": "root",
    "gauges": {
        "AIDriver.Policy.Entropy.mean": {
            "value": 0.4621918201446533,
            "min": 0.4621918201446533,
            "max": 0.5224451422691345,
            "count": 4
        },
        "AIDriver.Policy.Entropy.sum": {
            "value": 2218.520751953125,
            "min": 2218.520751953125,
            "max": 3009.2841796875,
            "count": 4
        },
        "AIDriver.Step.mean": {
            "value": 19940.0,
            "min": 4992.0,
            "max": 19940.0,
            "count": 4
        },
        "AIDriver.Step.sum": {
            "value": 19940.0,
            "min": 4992.0,
            "max": 19940.0,
            "count": 4
        },
        "AIDriver.Policy.ExtrinsicValueEstimate.mean": {
            "value": -0.10366268455982208,
            "min": -0.13766898214817047,
            "max": 0.004560325760394335,
            "count": 4
        },
        "AIDriver.Policy.ExtrinsicValueEstimate.sum": {
            "value": -8.085689544677734,
            "min": -10.738180160522461,
            "max": 0.3557054102420807,
            "count": 4
        },
        "AIDriver.Policy.GailValueEstimate.mean": {
            "value": 33.41890335083008,
            "min": 33.41890335083008,
            "max": 74.55027770996094,
            "count": 4
        },
        "AIDriver.Policy.GailValueEstimate.sum": {
            "value": 2606.674560546875,
            "min": 2606.674560546875,
            "max": 5814.92138671875,
            "count": 4
        },
        "AIDriver.IsTraining.mean": {
            "value": 1.0,
            "min": 1.0,
            "max": 1.0,
            "count": 4
        },
        "AIDriver.IsTraining.sum": {
            "value": 1.0,
            "min": 1.0,
            "max": 1.0,
            "count": 4
        },
        "AIDriver.Losses.PolicyLoss.mean": {
            "value": 0.04511036115842379,
            "min": 0.04511036115842379,
            "max": 0.04511036115842379,
            "count": 1
        },
        "AIDriver.Losses.PolicyLoss.sum": {
            "value": 0.04511036115842379,
            "min": 0.04511036115842379,
            "max": 0.04511036115842379,
            "count": 1
        },
        "AIDriver.Losses.ValueLoss.mean": {
            "value": 12.803082318809944,
            "min": 12.803082318809944,
            "max": 12.803082318809944,
            "count": 1
        },
        "AIDriver.Losses.ValueLoss.sum": {
            "value": 12.803082318809944,
            "min": 12.803082318809944,
            "max": 12.803082318809944,
            "count": 1
        },
        "AIDriver.Policy.LearningRate.mean": {
            "value": 0.0002993664002111999,
            "min": 0.0002993664002111999,
            "max": 0.0002993664002111999,
            "count": 1
        },
        "AIDriver.Policy.LearningRate.sum": {
            "value": 0.0002993664002111999,
            "min": 0.0002993664002111999,
            "max": 0.0002993664002111999,
            "count": 1
        },
        "AIDriver.Policy.Epsilon.mean": {
            "value": 0.19978880000000002,
            "min": 0.19978880000000002,
            "max": 0.19978880000000002,
            "count": 1
        },
        "AIDriver.Policy.Epsilon.sum": {
            "value": 0.19978880000000002,
            "min": 0.19978880000000002,
            "max": 0.19978880000000002,
            "count": 1
        },
        "AIDriver.Policy.Beta.mean": {
            "value": 0.00049896512,
            "min": 0.00049896512,
            "max": 0.00049896512,
            "count": 1
        },
        "AIDriver.Policy.Beta.sum": {
            "value": 0.00049896512,
            "min": 0.00049896512,
            "max": 0.00049896512,
            "count": 1
        },
        "AIDriver.Policy.GAILPolicyEstimate.mean": {
            "value": 0.28341705261207206,
            "min": 0.28341705261207206,
            "max": 0.28341705261207206,
            "count": 1
        },
        "AIDriver.Policy.GAILPolicyEstimate.sum": {
            "value": 0.28341705261207206,
            "min": 0.28341705261207206,
            "max": 0.28341705261207206,
            "count": 1
        },
        "AIDriver.Policy.GAILExpertEstimate.mean": {
            "value": 0.7294629371263147,
            "min": 0.7294629371263147,
            "max": 0.7294629371263147,
            "count": 1
        },
        "AIDriver.Policy.GAILExpertEstimate.sum": {
            "value": 0.7294629371263147,
            "min": 0.7294629371263147,
            "max": 0.7294629371263147,
            "count": 1
        },
        "AIDriver.Losses.GAILLoss.mean": {
            "value": 0.7336596613977013,
            "min": 0.7336596613977013,
            "max": 0.7336596613977013,
            "count": 1
        },
        "AIDriver.Losses.GAILLoss.sum": {
            "value": 0.7336596613977013,
            "min": 0.7336596613977013,
            "max": 0.7336596613977013,
            "count": 1
        },
        "AIDriver.Policy.GAILGradMagLoss.mean": {
            "value": 0.0635706302444867,
            "min": 0.0635706302444867,
            "max": 0.0635706302444867,
            "count": 1
        },
        "AIDriver.Policy.GAILGradMagLoss.sum": {
            "value": 0.0635706302444867,
            "min": 0.0635706302444867,
            "max": 0.0635706302444867,
            "count": 1
        },
        "AIDriver.Losses.PretrainingLoss.mean": {
            "value": 0.39955574167080415,
            "min": 0.39955574167080415,
            "max": 0.39955574167080415,
            "count": 1
        },
        "AIDriver.Losses.PretrainingLoss.sum": {
            "value": 0.39955574167080415,
            "min": 0.39955574167080415,
            "max": 0.39955574167080415,
            "count": 1
        },
        "AIDriver.Environment.EpisodeLength.mean": {
            "value": 739.0,
            "min": 739.0,
            "max": 739.0,
            "count": 1
        },
        "AIDriver.Environment.EpisodeLength.sum": {
            "value": 739.0,
            "min": 739.0,
            "max": 739.0,
            "count": 1
        },
        "AIDriver.Environment.CumulativeReward.mean": {
            "value": -18.80000114440918,
            "min": -18.80000114440918,
            "max": -18.80000114440918,
            "count": 1
        },
        "AIDriver.Environment.CumulativeReward.sum": {
            "value": -18.80000114440918,
            "min": -18.80000114440918,
            "max": -18.80000114440918,
            "count": 1
        },
        "AIDriver.Policy.ExtrinsicReward.mean": {
            "value": -1.8800001591444016,
            "min": -1.8800001591444016,
            "max": -1.8800001591444016,
            "count": 1
        },
        "AIDriver.Policy.ExtrinsicReward.sum": {
            "value": -1.8800001591444016,
            "min": -1.8800001591444016,
            "max": -1.8800001591444016,
            "count": 1
        },
        "AIDriver.Policy.GailReward.mean": {
            "value": 237.38966464996338,
            "min": 237.38966464996338,
            "max": 237.38966464996338,
            "count": 1
        },
        "AIDriver.Policy.GailReward.sum": {
            "value": 237.38966464996338,
            "min": 237.38966464996338,
            "max": 237.38966464996338,
            "count": 1
        }
    },
    "metadata": {
        "timer_format_version": "0.1.0",
        "start_time_seconds": "1625183020",
        "python_version": "3.7.9 (tags/v3.7.9:13c94747c7, Aug 17 2020, 18:58:18) [MSC v.1900 64 bit (AMD64)]",
        "command_line_arguments": "C:\\Users\\axfor\\Documents\\Unity\\Projects\\AIDriver\\AIDriver\\venv\\Scripts\\mlagents-learn config/AIDriverImitation.yaml --initialize-from=AIDriverImitationRight --run-id=AIDriverImitationRight --force",
        "mlagents_version": "0.27.0",
        "mlagents_envs_version": "0.27.0",
        "communication_protocol_version": "1.5.0",