{
    "name": "root",
    "gauges": {
        "AIDriver.Policy.Entropy.mean": {
            "value": -6.143126010894775,
            "min": -6.273433685302734,
            "max": -5.7441840171813965,
            "count": 273
        },
        "AIDriver.Policy.Entropy.sum": {
            "value": -613329.6875,
            "min": -628748.625,
            "max": -258809.953125,
            "count": 273
        },
        "AIDriver.Step.mean": {
            "value": 27799991.0,
            "min": 599942.0,
            "max": 27799991.0,
            "count": 273
        },
        "AIDriver.Step.sum": {
            "value": 27799991.0,
            "min": 599942.0,
            "max": 27799991.0,
            "count": 273
        },
        "AIDriver.Policy.ExtrinsicValueEstimate.mean": {
            "value": 2.811556100845337,
            "min": 0.6078194379806519,
            "max": 18.172103881835938,
            "count": 273
        },
        "AIDriver.Policy.ExtrinsicValueEstimate.sum": {
            "value": 4551.9091796875,
            "min": 979.1970825195312,
            "max": 27448.25390625,
            "count": 273
        },
        "AIDriver.Policy.GailValueEstimate.mean": {
            "value": 3.2201428413391113,
            "min": 2.1297903060913086,
            "max": 31.175342559814453,
            "count": 273
        },
        "AIDriver.Policy.GailValueEstimate.sum": {
            "value": 5213.4111328125,
            "min": 3431.09228515625,
            "max": 40374.7734375,
            "count": 273
        },
        "AIDriver.Losses.PolicyLoss.mean": {
            "value": 0.08170183315329874,
            "min": 0.0775274685176555,
            "max": 0.1295891370995983,
            "count": 273
        },
        "AIDriver.Losses.PolicyLoss.sum": {
            "value": 0.7353164983796886,
            "min": 0.3887674112987949,
            "max": 1.2536192049466384,
            "count": 273
        },
        "AIDriver.Losses.ValueLoss.mean": {
            "value": 6.531156665086746,
            "min": 3.425541102499874,
            "max": 61.50904929483059,
            "count": 273
        },
        "AIDriver.Losses.ValueLoss.sum": {
            "value": 58.780409985780715,
            "min": 30.829869922498865,
            "max": 612.7867099285126,
            "count": 273
        },
        "AIDriver.Policy.LearningRate.mean": {
            "value": 0.00029167482750839174,
            "min": 0.00029167482750839174,
            "max": 0.0002998256535581155,
            "count": 273
        },
        "AIDriver.Policy.LearningRate.sum": {
            "value": 0.0026250734475755256,
            "min": 0.0008994769606743465,
            "max": 0.0029980510794496394,
            "count": 273
        },
        "AIDriver.Policy.Epsilon.mean": {
            "value": 0.1972249415777778,
            "min": 0.1972249415777778,
            "max": 0.19994188450000003,
            "count": 273
        },
        "AIDriver.Policy.Epsilon.sum": {
            "value": 1.7750244742000003,
            "min": 0.5998256535000001,
            "max": 1.9993503596000004,
            "count": 273
        },
        "AIDriver.Policy.Beta.mean": {
            "value": 0.0004864022137311112,
            "min": 0.0004864022137311112,
            "max": 0.00049971523405,
            "count": 273
        },
        "AIDriver.Policy.Beta.sum": {
            "value": 0.004377619923580001,
            "min": 0.0014991457021500002,
            "max": 0.004996816762040001,
            "count": 273
        },
        "AIDriver.Policy.GAILPolicyEstimate.mean": {
            "value": 0.02803140508649112,
            "min": 0.020111498675585072,
            "max": 0.17750470747964248,
            "count": 273
        },
        "AIDriver.Policy.GAILPolicyEstimate.sum": {
            "value": 0.2522826457784201,
            "min": 0.18100348808026565,
            "max": 1.730043245355288,
            "count": 273
        },
        "AIDriver.Policy.GAILExpertEstimate.mean": {
            "value": 0.9713511785423314,
            "min": 0.8222386990984282,
            "max": 0.9782501760456298,
            "count": 273
        },
        "AIDriver.Policy.GAILExpertEstimate.sum": {
            "value": 8.742160606880983,
            "min": 2.491147539486296,
            "max": 9.72729777743419,
            "count": 273
        },
        "AIDriver.Losses.GAILLoss.mean": {
            "value": 0.07480745303823993,
            "min": 0.05473577376558549,
            "max": 0.515388730996185,
            "count": 273
        },
        "AIDriver.Losses.GAILLoss.sum": {
            "value": 0.6732670773441594,
            "min": 0.4926219638902694,
            "max": 5.069260550538698,
            "count": 273
        },
        "AIDriver.Policy.GAILGradMagLoss.mean": {
            "value": 0.022199980568580538,
            "min": 0.017779086256416998,
            "max": 0.03984249497556853,
            "count": 273
        },
        "AIDriver.Policy.GAILGradMagLoss.sum": {
            "value": 0.19979982511722483,
            "min": 0.11590469442694125,
            "max": 0.383478516805917,
            "count": 273
        },
        "AIDriver.Losses.PretrainingLoss.mean": {
            "value": 0.1937995678434109,
            "min": 0.1920951129657705,
            "max": 0.3022037015909974,
            "count": 273
        },
        "AIDriver.Losses.PretrainingLoss.sum": {
            "value": 1.7441961105906982,
            "min": 0.9032859709797104,
            "max": 3.022037015909974,
            "count": 273
        },
        "AIDriver.Environment.EpisodeLength.mean": {
            "value": 887.75,
            "min": 450.05454545454546,
            "max": 1093.5257731958764,
            "count": 273
        },
        "AIDriver.Environment.EpisodeLength.sum": {
            "value": 99428.0,
            "min": 24753.0,
            "max": 119757.0,
            "count": 273
        },
        "AIDriver.Environment.CumulativeReward.mean": {
            "value": 31.434869295590683,
            "min": 22.06224414054608,
            "max": 118.64112781026189,
            "count": 273
        },
        "AIDriver.Environment.CumulativeReward.sum": {
            "value": 3520.7053611061565,
            "min": 2552.0544177565953,
            "max": 22927.245857927395,
            "count": 273
        },
        "AIDriver.Policy.ExtrinsicReward.mean": {
            "value": 31.434869295590683,
            "min": 22.06224414054608,
            "max": 118.64112781026189,
            "count": 273
        },
        "AIDriver.Policy.ExtrinsicReward.sum": {
            "value": 3520.7053611061565,
            "min": 2552.0544177565953,
            "max": 22927.245857927395,
            "count": 273
        },
        "AIDriver.Policy.GailReward.mean": {
            "value": 42.21912751093139,
            "min": 34.49061408992452,
            "max": 197.2298947167837,
            "count": 273
        },
        "AIDriver.Policy.GailReward.sum": {
            "value": 4728.542281224316,
            "min": 3207.62711036298,
            "max": 33323.35126790643,
            "count": 273
        },
        "AIDriver.IsTraining.mean": {
            "value": 1.0,
            "min": 1.0,
            "max": 1.0,
            "count": 273
        },
        "AIDriver.IsTraining.sum": {
            "value": 1.0,
            "min": 1.0,
            "max": 1.0,
            "count": 273
        }
    },
    "metadata": {
        "timer_format_version": "0.1.0",
        "start_time_seconds": "1630026241",
        "python_version": "3.7.9 (tags/v3.7.9:13c94747c7, Aug 17 2020, 18:58:18) [MSC v.1900 64 bit (AMD64)]",
        "command_line_arguments": "C:\\Users\\Student\\Documents\\GitHub\\AIDriver\\AIDriver\\venv\\Scripts\\mlagents-learn config/AIDriverImitation4.yaml --run-id=2AIDriver3 --resume",
        "mlagents_version": "0.27.0",
        "mlagents_envs_version": "0.27.0",