{
    "name": "root",
    "gauges": {
        "AIDriver.Policy.Entropy.mean": {
            "value": -0.0975494384765625,
            "min": -0.15734897553920746,
            "max": -0.0975494384765625,
            "count": 3
        },
        "AIDriver.Policy.Entropy.sum": {
            "value": -9714.36328125,
            "min": -13627.06640625,
            "max": -3544.7578125,
            "count": 3
        },
        "AIDriver.Step.mean": {
            "value": 117599961.0,
            "min": 117399954.0,
            "max": 117599961.0,
            "count": 3
        },
        "AIDriver.Step.sum": {
            "value": 117599961.0,
            "min": 117399954.0,
            "max": 117599961.0,
            "count": 3
        },
        "AIDriver.Policy.ExtrinsicValueEstimate.mean": {
            "value": 1.346386194229126,
            "min": 1.346386194229126,
            "max": 4.667264938354492,
            "count": 3
        },
        "AIDriver.Policy.ExtrinsicValueEstimate.sum": {
            "value": 2224.22998046875,
            "min": 1605.5391845703125,
            "max": 7452.06396484375,
            "count": 3
        },
        "AIDriver.Environment.EpisodeLength.mean": {
            "value": 497.78612716763007,
            "min": 497.78612716763007,
            "max": 652.7025316455696,
            "count": 3
        },
        "AIDriver.Environment.EpisodeLength.sum": {
            "value": 86117.0,
            "min": 8372.0,
            "max": 103127.0,
            "count": 3
        },
        "AIDriver.Environment.CumulativeReward.mean": {
            "value": 11.973035160150658,
            "min": 11.973035160150658,
            "max": 53.67544332796802,
            "count": 3
        },
        "AIDriver.Environment.CumulativeReward.sum": {
            "value": 2071.335082706064,
            "min": 669.9903020793572,
            "max": 8480.720045818947,
            "count": 3
        },
        "AIDriver.Policy.ExtrinsicReward.mean": {
            "value": 11.973035160150658,
            "min": 11.973035160150658,
            "max": 53.67544332796802,
            "count": 3
        },
        "AIDriver.Policy.ExtrinsicReward.sum": {
            "value": 2071.335082706064,
            "min": 669.9903020793572,
            "max": 8480.720045818947,
            "count": 3
        },
        "AIDriver.Losses.PolicyLoss.mean": {
            "value": 0.061555443524460615,
            "min": 0.061555443524460615,
            "max": 0.08169899136561004,
            "count": 3
        },
        "AIDriver.Losses.PolicyLoss.sum": {
            "value": 0.6155544352446062,
            "min": 0.1416845438381036,
            "max": 0.7352909222904904,
            "count": 3
        },
        "AIDriver.Losses.ValueLoss.mean": {
            "value": 43.49829070885976,
            "min": 43.49829070885976,
            "max": 48.97303852240245,
            "count": 3
        },
        "AIDriver.Losses.ValueLoss.sum": {
            "value": 434.98290708859764,
            "min": 97.9460770448049,
            "max": 434.98290708859764,
            "count": 3
        },
        "AIDriver.Policy.LearningRate.mean": {
            "value": 0.00026473561979479735,
            "min": 0.00026473561979479735,
            "max": 0.00026478186573938194,
            "count": 3
        },
        "AIDriver.Policy.LearningRate.sum": {
            "value": 0.0026473561979479736,
            "min": 0.0005295637314787639,
            "max": 0.0026473561979479736,
            "count": 3
        },
        "AIDriver.Policy.Epsilon.mean": {
            "value": 0.18824520268000003,
            "min": 0.18824520268000003,
            "max": 0.188260618,
            "count": 3
        },
        "AIDriver.Policy.Epsilon.sum": {
            "value": 1.8824520268000002,
            "min": 0.376521236,
            "max": 1.8824520268000002,
            "count": 3
        },
        "AIDriver.Policy.Beta.mean": {
            "value": 0.00044240149313200006,
            "min": 0.00044240149313200006,
            "max": 0.0004424770282000001,
            "count": 3
        },
        "AIDriver.Policy.Beta.sum": {
            "value": 0.004424014931320001,
            "min": 0.0008849540564000002,
            "max": 0.004424014931320001,
            "count": 3
        },
        "AIDriver.IsTraining.mean": {
            "value": 1.0,
            "min": 1.0,
            "max": 1.0,
            "count": 3
        },
        "AIDriver.IsTraining.sum": {
            "value": 1.0,
            "min": 1.0,
            "max": 1.0,
            "count": 3
        }
    },
    "metadata": {
        "timer_format_version": "0.1.0",
        "start_time_seconds": "1639402339",
        "python_version": "3.7.9 (tags/v3.7.9:13c94747c7, Aug 17 2020, 18:58:18) [MSC v.1900 64 bit (AMD64)]",
        "command_line_arguments": "C:\\Users\\Student\\OneDrive - Loughborough University\\Documents\\GitHub\\AIDriver\\AIDriver\\venv\\Scripts\\mlagents-learn config/AIDriverImitation5.yaml --run-id=8AIDriver15 --resume",
        "mlagents_version": "0.27.0",
        "mlagents_envs_version": "0.27.0",
        "communication_protocol_version": "1.5.0",
        "pytorch_version": "1.7.0+cu110",
        "numpy_version": "1.21.2",
        "end_time_seconds": "1639403258"
    },
    "total": 919.0709633,
    "count": 1,
    "self": 0.004237500000044747,
    "children": {
        "run_training.setup": {
            "total": 0.1609368,
            "count": 1,
            "self": 0.1609368
        },
        "TrainerController.start_learning": {
            "total": 918.905789,
            "count": 1,
            "self": 0.25724219999756315,
            "children": {
                "TrainerController._reset_env": {
                    "total": 8.429363200000001,
                    "count": 1,
                    "self": 8.429363200000001
                },
                "TrainerController.advance": {
                    "total": 910.1555103000024,
                    "count": 9590,
                    "self": 0.23353599999654762,
                    "children": {
                        "env_step": {
                            "total": 791.7685769000012,
                            "count": 9590,
                            "self": 756.435357000002,
                            "children": {
                                "SubprocessEnvManager._take_step": {
                                    "total": 35.19096679999688,
                                    "count": 9590,
                                    "self": 0.7834636999966165,
                                    "children": {
                                        "TorchPolicy.evaluate": {
                                            "total": 34.40750310000026,
                                            "count": 9590,
                                            "self": 12.792729300003629,
                                            "children": {
                                                "TorchPolicy.sample_actions": {
                                                    "total": 21.614773799996634,
                                                    "count": 9590,
                                                    "self": 21.614773799996634
                                                }
                                            }
                                        }
                                    }
                                },
                                "workers": {
                                    "total": 0.14225310000231062,
                                    "count": 9589,
                                    "self": 0.0,
                                    "children": {
                                        "worker_root": {
                                            "total": 910.9789919000013,
                                            "count": 9589,