{
    "name": "root",
    "gauges": {
        "AIDriver.Policy.Entropy.mean": {
            "value": 0.3771548569202423,
            "min": 0.3771548569202423,
            "max": 0.4236765205860138,
            "count": 3
        },
        "AIDriver.Policy.Entropy.sum": {
            "value": 37715.484375,
            "min": 14750.7216796875,
            "max": 39314.76953125,
            "count": 3
        },
        "AIDriver.Step.mean": {
            "value": 88899996.0,
            "min": 88699966.0,
            "max": 88899996.0,
            "count": 3
        },
        "AIDriver.Step.sum": {
            "value": 88899996.0,
            "min": 88699966.0,
            "max": 88899996.0,
            "count": 3
        },
        "AIDriver.Policy.ExtrinsicValueEstimate.mean": {
            "value": 22.68147087097168,
            "min": 21.395057678222656,
            "max": 27.615745544433594,
            "count": 3
        },
        "AIDriver.Policy.ExtrinsicValueEstimate.sum": {
            "value": 35859.40625,
            "min": 14719.1923828125,
            "max": 35859.40625,
            "count": 3
        },
        "AIDriver.Losses.PolicyLoss.mean": {
            "value": 0.05029514093400427,
            "min": 0.05029514093400427,
            "max": 0.054202252966610506,
            "count": 3
        },
        "AIDriver.Losses.PolicyLoss.sum": {
            "value": 0.45265626840603845,
            "min": 0.10840450593322101,
            "max": 0.4827850391338062,
            "count": 3
        },
        "AIDriver.Losses.ValueLoss.mean": {
            "value": 20.31664563594041,
            "min": 7.235148756040467,
            "max": 20.31664563594041,
            "count": 3
        },
        "AIDriver.Losses.ValueLoss.sum": {
            "value": 182.8498107234637,
            "min": 14.470297512080935,
            "max": 182.8498107234637,
            "count": 3
        },
        "AIDriver.Policy.LearningRate.mean": {
            "value": 0.0002733454746848447,
            "min": 0.0002733454746848447,
            "max": 0.00027339472306842864,
            "count": 3
        },
        "AIDriver.Policy.LearningRate.sum": {
            "value": 0.0024601092721636022,
            "min": 0.0005467894461368573,
            "max": 0.00246037183897608,
            "count": 3
        },
        "AIDriver.Policy.Epsilon.mean": {
            "value": 0.1911151552666667,
            "min": 0.1911151552666667,
            "max": 0.1911315714,
            "count": 3
        },
        "AIDriver.Policy.Epsilon.sum": {
            "value": 1.7200363974000004,
            "min": 0.3822631428,
            "max": 1.7201239197000002,
            "count": 3
        },
        "AIDriver.Policy.Beta.mean": {
            "value": 0.00045646426080666675,
            "min": 0.00045646426080666675,
            "max": 0.00045654469986000006,
            "count": 3
        },
        "AIDriver.Policy.Beta.sum": {
            "value": 0.004108178347260001,
            "min": 0.0009130893997200001,
            "max": 0.00410860720653,
            "count": 3
        },
        "AIDriver.IsTraining.mean": {
            "value": 1.0,
            "min": 1.0,
            "max": 1.0,
            "count": 3
        },
        "AIDriver.IsTraining.sum": {
            "value": 1.0,
            "min": 1.0,
            "max": 1.0,
            "count": 3
        },
        "AIDriver.Environment.EpisodeLength.mean": {
            "value": 3835.0882352941176,
            "min": 3835.0882352941176,
            "max": 3961.2,
            "count": 2
        },
        "AIDriver.Environment.EpisodeLength.sum": {
            "value": 130393.0,
            "min": 19806.0,
            "max": 130393.0,
            "count": 2
        },
        "AIDriver.Environment.CumulativeReward.mean": {
            "value": 952.198637204998,
            "min": 807.8644894994795,
            "max": 952.198637204998,
            "count": 2
        },
        "AIDriver.Environment.CumulativeReward.sum": {
            "value": 32374.753664969932,
            "min": 4039.3224474973977,
            "max": 32374.753664969932,
            "count": 2
        },
        "AIDriver.Policy.ExtrinsicReward.mean": {
            "value": 952.198637204998,
            "min": 807.8644894994795,
            "max": 952.198637204998,
            "count": 2
        },
        "AIDriver.Policy.ExtrinsicReward.sum": {
            "value": 32374.753664969932,
            "min": 4039.3224474973977,
            "max": 32374.753664969932,
            "count": 2
        }
    },
    "metadata": {
        "timer_format_version": "0.1.0",
        "start_time_seconds": "1639494970",
        "python_version": "3.7.9 (tags/v3.7.9:13c94747c7, Aug 17 2020, 18:58:18) [MSC v.1900 64 bit (AMD64)]",
        "command_line_arguments": "C:\\Users\\Student\\OneDrive - Loughborough University\\Documents\\GitHub\\AIDriver\\AIDriver\\venv\\Scripts\\mlagents-learn config/AIDriverImitation5.yaml --run-id=8AIDriver15 --resume",
        "mlagents_version": "0.27.0",
        "mlagents_envs_version": "0.27.0",
        "communication_protocol_version": "1.5.0",
        "pytorch_version": "1.7.0+cu110",
        "numpy_version": "1.21.2",
        "end_time_seconds": "1639495535"
    },
    "total": 564.6597694999999,
    "count": 1,
    "self": 0.004793199999994613,
    "children": {
        "run_training.setup": {
            "total": 0.07726319999999998,
            "count": 1,
            "self": 0.07726319999999998
        },
        "TrainerController.start_learning": {
            "total": 564.5777131,
            "count": 1,
            "self": 0.1590383999982805,
            "children": {
                "TrainerController._reset_env": {
                    "total": 5.3119117,
                    "count": 1,
                    "self": 5.3119117
                },
                "TrainerController.advance": {
                    "total": 559.0160450000018,
                    "count": 7809,
                    "self": 0.1638797999991084,
                    "children": {
                        "env_step": {
                            "total": 473.8938454999995,
                            "count": 7809,
                            "self": 446.6998915999976,
                            "children": {
                                "SubprocessEnvManager._take_step": {
                                    "total": 27.08583500000043,
                                    "count": 7809,
                                    "self": 0.4959033000030715,
                                    "children": {
                                        "TorchPolicy.evaluate": {
                                            "total": 26.589931699997358,
                                            "count": 7809,
                                            "self": 10.164381999995879,
                                            "children": {
                                                "TorchPolicy.sample_actions": {
                                                    "total": 16.42554970000148,
                                                    "count": 7809,
                                                    "self": 16.42554970000148
                                                }
                                            }
                                        }
                                    }
                                },
                                "workers": {
                                    "total": 0.10811890000145663,
                                    "count": 7808,
                                    "self": 0.0,
                                    "children": {
                                        "worker_root": {
                                            "total": 559.8309375999995,
                                            "count": 7808,
                                            "is_parallel": true,