{
    "name": "root",
    "gauges": {
        "AIDriver.Policy.Entropy.mean": {
            "value": 1.014001727104187,
            "min": 1.0133092403411865,
            "max": 1.6303790807724,
            "count": 90
        },
        "AIDriver.Policy.Entropy.sum": {
            "value": 101205.484375,
            "min": 101205.484375,
            "max": 163090.078125,
            "count": 90
        },
        "AIDriver.Step.mean": {
            "value": 81899968.0,
            "min": 72999970.0,
            "max": 81899968.0,
            "count": 90
        },
        "AIDriver.Step.sum": {
            "value": 81899968.0,
            "min": 72999970.0,
            "max": 81899968.0,
            "count": 90
        },
        "AIDriver.Policy.ExtrinsicValueEstimate.mean": {
            "value": 22.92075538635254,
            "min": 17.73422622680664,
            "max": 27.431617736816406,
            "count": 90
        },
        "AIDriver.Policy.ExtrinsicValueEstimate.sum": {
            "value": 36123.109375,
            "min": 27984.609375,
            "max": 43287.09375,
            "count": 90
        },
        "AIDriver.Losses.PolicyLoss.mean": {
            "value": 0.04821412575586388,
            "min": 0.0457478734315373,
            "max": 0.05320052312497325,
            "count": 90
        },
        "AIDriver.Losses.PolicyLoss.sum": {
            "value": 0.48214125755863885,
            "min": 0.40546765286272396,
            "max": 0.5319895436133568,
            "count": 90
        },
        "AIDriver.Losses.ValueLoss.mean": {
            "value": 17.900876276890436,
            "min": 10.429875319278326,
            "max": 64.62551305095354,
            "count": 90
        },
        "AIDriver.Losses.ValueLoss.sum": {
            "value": 179.00876276890438,
            "min": 83.4390025542266,
            "max": 646.2551305095354,
            "count": 90
        },
        "AIDriver.Policy.LearningRate.mean": {
            "value": 0.00027544467443511123,
            "min": 0.00027544467443511123,
            "max": 0.00027811409353280464,
            "count": 90
        },
        "AIDriver.Policy.LearningRate.sum": {
            "value": 0.0027544467443511122,
            "min": 0.002224912748262437,
            "max": 0.0027808586074471553,
            "count": 90
        },
        "AIDriver.Policy.Epsilon.mean": {
            "value": 0.19181488875,
            "min": 0.19181488875,
            "max": 0.19270469541250002,
            "count": 90
        },
        "AIDriver.Policy.Epsilon.sum": {
            "value": 1.9181488875,
            "min": 1.5416375633000001,
            "max": 1.9269528448000002,
            "count": 90
        },
        "AIDriver.Policy.Beta.mean": {
            "value": 0.00045989295487500003,
            "min": 0.00045989295487500003,
            "max": 0.00046425300752125004,
            "count": 90
        },
        "AIDriver.Policy.Beta.sum": {
            "value": 0.00459892954875,
            "min": 0.0037140240601700003,
            "max": 0.00464206893952,
            "count": 90
        },
        "AIDriver.Environment.EpisodeLength.mean": {
            "value": 3735.375,
            "min": 1842.6666666666667,
            "max": 4737.64705882353,
            "count": 90
        },
        "AIDriver.Environment.EpisodeLength.sum": {
            "value": 89649.0,
            "min": 16584.0,
            "max": 134928.0,
            "count": 90
        },
        "AIDriver.Environment.CumulativeReward.mean": {
            "value": 822.677624492163,
            "min": 342.67043531065184,
            "max": 1215.0693277361365,
            "count": 90
        },
        "AIDriver.Environment.CumulativeReward.sum": {
            "value": 18921.585363319748,
            "min": 3084.0339177958667,
            "max": 35252.6332346227,
            "count": 90
        },
        "AIDriver.Policy.ExtrinsicReward.mean": {
            "value": 822.677624492163,
            "min": 342.67043531065184,
            "max": 1215.0693277361365,
            "count": 90
        },
        "AIDriver.Policy.ExtrinsicReward.sum": {
            "value": 18921.585363319748,
            "min": 3084.0339177958667,
            "max": 35252.6332346227,
            "count": 90
        },
        "AIDriver.IsTraining.mean": {
            "value": 1.0,
            "min": 1.0,
            "max": 1.0,
            "count": 90
        },
        "AIDriver.IsTraining.sum": {
            "value": 1.0,
            "min": 1.0,
            "max": 1.0,
            "count": 90
        }
    },
    "metadata": {
        "timer_format_version": "0.1.0",
        "start_time_seconds": "1639241205",
        "python_version": "3.7.9 (tags/v3.7.9:13c94747c7, Aug 17 2020, 18:58:18) [MSC v.1900 64 bit (AMD64)]",
        "command_line_arguments": "C:\\Users\\Student\\OneDrive - Loughborough University\\Documents\\GitHub\\AIDriver\\AIDriver\\venv\\Scripts\\mlagents-learn config/AIDriverImitation5.yaml --run-id=8AIDriver15 --resume",
        "mlagents_version": "0.27.0",
        "mlagents_envs_version": "0.27.0",
        "communication_protocol_version": "1.5.0",
        "pytorch_version": "1.7.0+cu110",
        "numpy_version": "1.21.2",
        "end_time_seconds": "1639254643"
    },
    "total": 13438.5592906,
    "count": 1,
    "self": 0.005160100001376122,
    "children": {
        "run_training.setup": {
            "total": 0.07638680000000009,
            "count": 1,
            "self": 0.07638680000000009
        },
        "TrainerController.start_learning": {
            "total": 13438.4777437,
            "count": 1,
            "self": 6.291539600395481,
            "children": {
                "TrainerController._reset_env": {
                    "total": 7.100498000000001,
                    "count": 1,
                    "self": 7.100498000000001
                },
                "TrainerController.advance": {
                    "total": 13425.021295599603,
                    "count": 282729,
                    "self": 6.681677499278521,
                    "children": {
                        "env_step": {
                            "total": 10313.331775000037,
                            "count": 282729,
                            "self": 9373.393245900046,
                            "children": {
                                "SubprocessEnvManager._take_step": {
                                    "total": 935.9510720999479,
                                    "count": 282729,
                                    "self": 18.319266000238372,
                                    "children": {
                                        "TorchPolicy.evaluate": {
                                            "total": 917.6318060997095,
                                            "count": 282729,
                                            "self": 373.1456986003283,
                                            "children": {
                                                "TorchPolicy.sample_actions": {
                                                    "total": 544.4861074993812,
                                                    "count": 282729,
                                                    "self": 544.4861074993812
                                                }
                                            }
                                        }
                                    }
                                },
                                "workers": {
                                    "total": 3.9874570000421716,
                                    "count": 282728,
                                    "self": 0.0,
                                    "children": {
                                        "worker_root": {
                                            "total": 13421.713822099526,
                                            "count": 282728,