{
    "name": "root",
    "gauges": {
        "AIDriver.Policy.Entropy.mean": {
            "value": 2.924384832382202,
            "min": -0.01214625034481287,
            "max": 3.006991386413574,
            "count": 196
        },
        "AIDriver.Policy.Entropy.sum": {
            "value": 292812.8125,
            "min": -1158.4608154296875,
            "max": 301011.875,
            "count": 196
        },
        "AIDriver.Step.mean": {
            "value": 137299978.0,
            "min": 117799944.0,
            "max": 137299978.0,
            "count": 196
        },
        "AIDriver.Step.sum": {
            "value": 137299978.0,
            "min": 117799944.0,
            "max": 137299978.0,
            "count": 196
        },
        "AIDriver.Policy.ExtrinsicValueEstimate.mean": {
            "value": 0.8705947399139404,
            "min": -78.07648468017578,
            "max": 4.946533203125,
            "count": 196
        },
        "AIDriver.Policy.ExtrinsicValueEstimate.sum": {
            "value": 1428.64599609375,
            "min": -129997.34375,
            "max": 8062.84912109375,
            "count": 196
        },
        "AIDriver.Environment.EpisodeLength.mean": {
            "value": 703.375796178344,
            "min": 369.52767527675275,
            "max": 787.1782945736434,
            "count": 196
        },
        "AIDriver.Environment.EpisodeLength.sum": {
            "value": 110430.0,
            "min": 74355.0,
            "max": 126253.0,
            "count": 196
        },
        "AIDriver.Environment.CumulativeReward.mean": {
            "value": 11.296340221435445,
            "min": -23.46295130113641,
            "max": 53.11147635942487,
            "count": 196
        },
        "AIDriver.Environment.CumulativeReward.sum": {
            "value": 1773.525414765365,
            "min": -3730.6092568806894,
            "max": 7648.052595757181,
            "count": 196
        },
        "AIDriver.Policy.ExtrinsicReward.mean": {
            "value": 11.296340221435445,
            "min": -23.46295130113641,
            "max": 53.11147635942487,
            "count": 196
        },
        "AIDriver.Policy.ExtrinsicReward.sum": {
            "value": 1773.525414765365,
            "min": -3730.6092568806894,
            "max": 7648.052595757181,
            "count": 196
        },
        "AIDriver.Losses.PolicyLoss.mean": {
            "value": 0.0480329578265082,
            "min": 0.0464884740843748,
            "max": 0.06971759073087015,
            "count": 196
        },
        "AIDriver.Losses.PolicyLoss.sum": {
            "value": 0.48032957826508205,
            "min": 0.4288399965153076,
            "max": 0.6971759073087015,
            "count": 196
        },
        "AIDriver.Losses.ValueLoss.mean": {
            "value": 27.489834734797476,
            "min": 15.27446778262103,
            "max": 4325.219061335811,
            "count": 196
        },
        "AIDriver.Losses.ValueLoss.sum": {
            "value": 274.8983473479748,
            "min": 137.47021004358928,
            "max": 38926.971552022296,
            "count": 196
        },
        "AIDriver.Policy.LearningRate.mean": {
            "value": 0.00025882551451483304,
            "min": 0.00025882551451483304,
            "max": 0.0002646729612423502,
            "count": 196
        },
        "AIDriver.Policy.LearningRate.sum": {
            "value": 0.0025882551451483302,
            "min": 0.0023296932262356325,
            "max": 0.0026461588701470824,
            "count": 196
        },
        "AIDriver.Policy.Epsilon.mean": {
            "value": 0.18627516693,
            "min": 0.18627516693,
            "max": 0.1882243164888889,
            "count": 196
        },
        "AIDriver.Policy.Epsilon.sum": {
            "value": 1.8627516693000001,
            "min": 1.6765643676000002,
            "max": 1.8820529174,
            "count": 196
        },
        "AIDriver.Policy.Beta.mean": {
            "value": 0.000432748317957,
            "min": 0.000432748317957,
            "max": 0.0004422991507955556,
            "count": 196
        },
        "AIDriver.Policy.Beta.sum": {
            "value": 0.0043274831795699995,
            "min": 0.0038951654012400003,
            "max": 0.0044220592952599995,
            "count": 196
        },
        "AIDriver.IsTraining.mean": {
            "value": 1.0,
            "min": 1.0,
            "max": 1.0,
            "count": 196
        },
        "AIDriver.IsTraining.sum": {
            "value": 1.0,
            "min": 1.0,
            "max": 1.0,
            "count": 196
        }
    },
    "metadata": {
        "timer_format_version": "0.1.0",
        "start_time_seconds": "1639438689",
        "python_version": "3.7.9 (tags/v3.7.9:13c94747c7, Aug 17 2020, 18:58:18) [MSC v.1900 64 bit (AMD64)]",
        "command_line_arguments": "C:\\Users\\Student\\OneDrive - Loughborough University\\Documents\\GitHub\\AIDriver\\AIDriver\\venv\\Scripts\\mlagents-learn config/AIDriverImitation5.yaml --run-id=8AIDriver15 --resume",
        "mlagents_version": "0.27.0",
        "mlagents_envs_version": "0.27.0",
        "communication_protocol_version": "1.5.0",
        "pytorch_version": "1.7.0+cu110",
        "numpy_version": "1.21.2",
        "end_time_seconds": "1639471571"
    },
    "total": 32882.263266999995,
    "count": 1,
    "self": 0.004957199991622474,
    "children": {
        "run_training.setup": {
            "total": 0.0734724,
            "count": 1,
            "self": 0.0734724
        },
        "TrainerController.start_learning": {
            "total": 32882.184837400004,
            "count": 1,
            "self": 16.625780401474913,
            "children": {
                "TrainerController._reset_env": {
                    "total": 5.9345115,
                    "count": 1,
                    "self": 5.9345115
                },
                "TrainerController.advance": {
                    "total": 32859.55921359853,
                    "count": 819178,
                    "self": 14.772740997708752,
                    "children": {
                        "env_step": {
                            "total": 26286.390301902138,
                            "count": 819178,
                            "self": 23734.452647701695,
                            "children": {
                                "SubprocessEnvManager._take_step": {
                                    "total": 2541.0232916992263,
                                    "count": 819178,
                                    "self": 43.870525098898725,
                                    "children": {
                                        "TorchPolicy.evaluate": {
                                            "total": 2497.1527666003276,
                                            "count": 819178,
                                            "self": 999.7410936002102,
                                            "children": {
                                                "TorchPolicy.sample_actions": {
                                                    "total": 1497.4116730001174,
                                                    "count": 819178,
                                                    "self": 1497.4116730001174
                                                }
                                            }
                                        }
                                    }
                                },
                                "workers": {
                                    "total": 10.91436250121713,
                                    "count": 819177,
                                    "self": 0.0,
                                    "children": {
                                        "worker_root": {
                                            "total": 32856.33395570004,
                                            "count": 819177,