{
    "name": "root",
    "metadata": {
        "timer_format_version": "0.1.0",
        "start_time_seconds": "1639472014",
        "python_version": "3.7.9 (tags/v3.7.9:13c94747c7, Aug 17 2020, 18:58:18) [MSC v.1900 64 bit (AMD64)]",
        "command_line_arguments": "C:\\Users\\Student\\OneDrive - Loughborough University\\Documents\\GitHub\\AIDriver\\AIDriver\\venv\\Scripts\\mlagents-learn config/AIDriverImitation5.yaml --run-id=8AIDriver15 --resume",
        "mlagents_version": "0.27.0",
        "mlagents_envs_version": "0.27.0",
        "communication_protocol_version": "1.5.0",
        "pytorch_version": "1.7.0+cu110",
        "numpy_version": "1.21.2",
        "end_time_seconds": "1639472056"
    },
    "total": 41.5217653,
    "count": 1,
    "self": 0.004377199999993309,
    "children": {
        "run_training.setup": {
            "total": 0.12524400000000036,
            "count": 1,
            "self": 0.12524400000000036
        },
        "TrainerController.start_learning": {
            "total": 41.3921441,
            "count": 1,
            "self": 0.009523299999969481,
            "children": {
                "TrainerController._reset_env": {
                    "total": 5.521088300000001,
                    "count": 1,
                    "self": 5.521088300000001
                },
                "TrainerController.advance": {
                    "total": 35.76656550000003,
                    "count": 454,
                    "self": 0.009317100000103551,
                    "children": {
                        "env_step": {
                            "total": 31.167948099999983,
                            "count": 454,
                            "self": 27.088844299999963,
                            "children": {
                                "SubprocessEnvManager._take_step": {
                                    "total": 4.073315699999977,
                                    "count": 454,
                                    "self": 0.03492589999994955,
                                    "children": {
                                        "TorchPolicy.evaluate": {
                                            "total": 4.038389800000028,
                                            "count": 454,
                                            "self": 1.4065480000000452,
                                            "children": {
                                                "TorchPolicy.sample_actions": {
                                                    "total": 2.6318417999999824,
                                                    "count": 454,
                                                    "self": 2.6318417999999824
                                                }
                                            }
                                        }
                                    }
                                },
                                "workers": {
                                    "total": 0.005788100000042817,
                                    "count": 453,
                                    "self": 0.0,
                                    "children": {
                                        "worker_root": {
                                            "total": 36.65695359999999,
                                            "count": 453,
                                            "is_parallel": true,
                                            "self": 10.436435699999961,
                                            "children": {
                                                "steps_from_proto": {
                                                    "total": 0.0009882000000001057,
                                                    "count": 1,
                                                    "is_parallel": true,
                                                    "self": 0.0002871000000004287,
                                                    "children": {
                                                        "_process_rank_one_or_two_observation": {
                                                            "total": 0.000701099999999677,
                                                            "count": 6,
                                                            "is_parallel": true,
                                                            "self": 0.000701099999999677
                                                        }
                                                    }
                                                },
                                                "UnityEnvironment.step": {
                                                    "total": 26.219529700000027,
                                                    "count": 453,
                                                    "is_parallel": true,
                                                    "self": 0.15411320000007223,
                                                    "children": {
                                                        "UnityEnvironment._generate_step_input": {
                                                            "total": 0.18147109999999422,
                                                            "count": 453,
                                                            "is_parallel": true,
                                                            "self": 0.18147109999999422
                                                        },
                                                        "communicator.exchange": {
                                                            "total": 25.49611480000002,
                                                            "count": 453,
                                                            "is_parallel": true,
                                                            "self": 25.49611480000002
                                                        },
                                                        "steps_from_proto": {
                                                            "total": 0.3878305999999423,
                                                            "count": 453,
                                                            "is_parallel": true,
                                                            "self": 0.10715599999996783,
                                                            "children": {
                                                                "_process_rank_one_or_two_observation": {
                                                                    "total": 0.28067459999997446,
                                                                    "count": 2718,
                                                                    "is_parallel": true,
                                                                    "self": 0.28067459999997446
                                                                }
                                                            }
                                                        }
                                                    }
                                                }
                                            }
                                        }
                                    }
                                }
                            }
                        },
                        "trainer_advance": {
                            "total": 4.589300299999945,
                            "count": 453,
                            "self": 0.01192829999991396,
                            "children": {
                                "process_trajectory": {
                                    "total": 1.1111876000000347,
                                    "count": 453,
                                    "self": 1.1111876000000347
                                },