{
    "name": "root",
    "gauges": {
        "AIDriver.Policy.Entropy.mean": {
            "value": 0.48806101083755493,
            "min": 0.4810101389884949,
            "max": 1.0282608270645142,
            "count": 56
        },
        "AIDriver.Policy.Entropy.sum": {
            "value": 48884.19140625,
            "min": 48054.8359375,
            "max": 102088.3984375,
            "count": 56
        },
        "AIDriver.Step.mean": {
            "value": 87499969.0,
            "min": 81999942.0,
            "max": 87499969.0,
            "count": 56
        },
        "AIDriver.Step.sum": {
            "value": 87499969.0,
            "min": 81999942.0,
            "max": 87499969.0,
            "count": 56
        },
        "AIDriver.Policy.ExtrinsicValueEstimate.mean": {
            "value": 26.537324905395508,
            "min": 21.157175064086914,
            "max": 28.420778274536133,
            "count": 56
        },
        "AIDriver.Policy.ExtrinsicValueEstimate.sum": {
            "value": 41822.82421875,
            "min": 18481.37109375,
            "max": 44762.7265625,
            "count": 56
        },
        "AIDriver.Environment.EpisodeLength.mean": {
            "value": 4177.714285714285,
            "min": 1055.7,
            "max": 4399.3,
            "count": 56
        },
        "AIDriver.Environment.EpisodeLength.sum": {
            "value": 116976.0,
            "min": 10557.0,
            "max": 128508.0,
            "count": 56
        },
        "AIDriver.Environment.CumulativeReward.mean": {
            "value": 1095.0340430920478,
            "min": 82.26946098310873,
            "max": 1146.6297395810145,
            "count": 56
        },
        "AIDriver.Environment.CumulativeReward.sum": {
            "value": 30660.95320657734,
            "min": 822.6946098310873,
            "max": 33289.017447708175,
            "count": 56
        },
        "AIDriver.Policy.ExtrinsicReward.mean": {
            "value": 1095.0340430920478,
            "min": 82.26946098310873,
            "max": 1146.6297395810145,
            "count": 56
        },
        "AIDriver.Policy.ExtrinsicReward.sum": {
            "value": 30660.95320657734,
            "min": 822.6946098310873,
            "max": 33289.017447708175,
            "count": 56
        },
        "AIDriver.Losses.PolicyLoss.mean": {
            "value": 0.05989458772800087,
            "min": 0.046081972916144874,
            "max": 0.05989458772800087,
            "count": 56
        },
        "AIDriver.Losses.PolicyLoss.sum": {
            "value": 0.5989458772800087,
            "min": 0.19722771530645627,
            "max": 0.5989458772800087,
            "count": 56
        },
        "AIDriver.Losses.ValueLoss.mean": {
            "value": 21.076284108161925,
            "min": 14.802249633382868,
            "max": 79.0007844547642,
            "count": 56
        },
        "AIDriver.Losses.ValueLoss.sum": {
            "value": 210.76284108161926,
            "min": 133.2202467004458,
            "max": 351.7454844713211,
            "count": 56
        },
        "AIDriver.Policy.LearningRate.mean": {
            "value": 0.00027376540264486865,
            "min": 0.00027376540264486865,
            "max": 0.00027540723399759135,
            "count": 56
        },
        "AIDriver.Policy.LearningRate.sum": {
            "value": 0.0027376540264486865,
            "min": 0.0011016289359903654,
            "max": 0.002753852433149215,
            "count": 56
        },
        "AIDriver.Policy.Epsilon.mean": {
            "value": 0.1912551313,
            "min": 0.1912551313,
            "max": 0.19180240860000003,
            "count": 56
        },
        "AIDriver.Policy.Epsilon.sum": {
            "value": 1.912551313,
            "min": 0.7672096344000001,
            "max": 1.9179507837000003,
            "count": 56
        },
        "AIDriver.Policy.Beta.mean": {
            "value": 0.0004571501433700001,
            "min": 0.0004571501433700001,
            "max": 0.00045983180214000005,
            "count": 56
        },
        "AIDriver.Policy.Beta.sum": {
            "value": 0.004571501433700001,
            "min": 0.0018393272085600002,
            "max": 0.00459795884013,
            "count": 56
        },
        "AIDriver.IsTraining.mean": {
            "value": 1.0,
            "min": 1.0,
            "max": 1.0,
            "count": 56
        },
        "AIDriver.IsTraining.sum": {
            "value": 1.0,
            "min": 1.0,
            "max": 1.0,
            "count": 56
        }
    },
    "metadata": {
        "timer_format_version": "0.1.0",
        "start_time_seconds": "1639274702",
        "python_version": "3.7.9 (tags/v3.7.9:13c94747c7, Aug 17 2020, 18:58:18) [MSC v.1900 64 bit (AMD64)]",
        "command_line_arguments": "C:\\Users\\Student\\OneDrive - Loughborough University\\Documents\\GitHub\\AIDriver\\AIDriver\\venv\\Scripts\\mlagents-learn config/AIDriverImitation5.yaml --run-id=8AIDriver15 --resume",
        "mlagents_version": "0.27.0",
        "mlagents_envs_version": "0.27.0",
        "communication_protocol_version": "1.5.0",
        "pytorch_version": "1.7.0+cu110",
        "numpy_version": "1.21.2",
        "end_time_seconds": "1639303303"
    },
    "total": 28598.5584759,
    "count": 1,
    "self": 0.005749899999500485,
    "children": {
        "run_training.setup": {
            "total": 0.14134030000000042,
            "count": 1,
            "self": 0.14134030000000042
        },
        "TrainerController.start_learning": {
            "total": 28598.4113857,
            "count": 1,
            "self": 9.52449869981865,
            "children": {
                "TrainerController._reset_env": {
                    "total": 15.0196163,
                    "count": 1,
                    "self": 15.0196163
                },
                "TrainerController.advance": {
                    "total": 28573.806045800182,
                    "count": 174308,
                    "self": 9.802913499730494,
                    "children": {
                        "env_step": {
                            "total": 22013.8840167004,
                            "count": 174308,
                            "self": 20456.846066701833,
                            "children": {
                                "SubprocessEnvManager._take_step": {
                                    "total": 1551.340772899584,
                                    "count": 174308,
                                    "self": 32.130627498694366,
                                    "children": {
                                        "TorchPolicy.evaluate": {
                                            "total": 1519.2101454008896,
                                            "count": 174308,
                                            "self": 479.09086680117457,
                                            "children": {
                                                "TorchPolicy.sample_actions": {
                                                    "total": 1040.119278599715,
                                                    "count": 174308,
                                                    "self": 1040.119278599715
                                                }
                                            }
                                        }
                                    }
                                },
                                "workers": {
                                    "total": 5.697177098981932,
                                    "count": 174307,
                                    "self": 0.0,
                                    "children": {
                                        "worker_root": {
                                            "total": 28570.665189599506,
                                            "count": 174307,