{
    "name": "root",
    "gauges": {
        "AIDriver.Policy.Entropy.mean": {
            "value": -0.27994754910469055,
            "min": -0.27994754910469055,
            "max": 1.4805402755737305,
            "count": 4
        },
        "AIDriver.Policy.Entropy.sum": {
            "value": -27994.75390625,
            "min": -27994.75390625,
            "max": 135830.6875,
            "count": 4
        },
        "AIDriver.Step.mean": {
            "value": 599985.0,
            "min": 299980.0,
            "max": 599985.0,
            "count": 4
        },
        "AIDriver.Step.sum": {
            "value": 599985.0,
            "min": 299980.0,
            "max": 599985.0,
            "count": 4
        },
        "AIDriver.Policy.ExtrinsicValueEstimate.mean": {
            "value": 6.9464521408081055,
            "min": 5.713047504425049,
            "max": 8.016485214233398,
            "count": 4
        },
        "AIDriver.Policy.ExtrinsicValueEstimate.sum": {
            "value": 11162.9482421875,
            "min": 9180.8671875,
            "max": 11672.0029296875,
            "count": 4
        },
        "AIDriver.Policy.GailValueEstimate.mean": {
            "value": 24.112703323364258,
            "min": 24.112703323364258,
            "max": 28.723752975463867,
            "count": 4
        },
        "AIDriver.Policy.GailValueEstimate.sum": {
            "value": 38749.11328125,
            "min": 38749.11328125,
            "max": 46159.0703125,
            "count": 4
        },
        "AIDriver.Environment.EpisodeLength.mean": {
            "value": 1487.8219178082193,
            "min": 786.546511627907,
            "max": 1487.8219178082193,
            "count": 4
        },
        "AIDriver.Environment.EpisodeLength.sum": {
            "value": 108611.0,
            "min": 67643.0,
            "max": 108611.0,
            "count": 4
        },
        "AIDriver.Environment.CumulativeReward.mean": {
            "value": 118.87058899749066,
            "min": 83.8354862822313,
            "max": 118.87058899749066,
            "count": 4
        },
        "AIDriver.Environment.CumulativeReward.sum": {
            "value": 8677.552996816818,
            "min": 7098.110402307474,
            "max": 8677.552996816818,
            "count": 4
        },
        "AIDriver.Policy.ExtrinsicReward.mean": {
            "value": 118.87058899749066,
            "min": 83.8354862822313,
            "max": 118.87058899749066,
            "count": 4
        },
        "AIDriver.Policy.ExtrinsicReward.sum": {
            "value": 8677.552996816818,
            "min": 7098.110402307474,
            "max": 8677.552996816818,
            "count": 4
        },
        "AIDriver.Policy.GailReward.mean": {
            "value": 387.93771665853336,
            "min": 353.1394561532832,
            "max": 387.93771665853336,
            "count": 4
        },
        "AIDriver.Policy.GailReward.sum": {
            "value": 28319.453316072933,
            "min": 25072.90138688311,
            "max": 31752.29267284274,
            "count": 4
        },
        "AIDriver.Losses.PolicyLoss.mean": {
            "value": 0.05827927175430684,
            "min": 0.04891375201715467,
            "max": 0.05827927175430684,
            "count": 4
        },
        "AIDriver.Losses.PolicyLoss.sum": {
            "value": 0.5245134457887616,
            "min": 0.4112382797175087,
            "max": 0.5245134457887616,
            "count": 4
        },
        "AIDriver.Losses.ValueLoss.mean": {
            "value": 31.6397306477582,
            "min": 19.549895515441897,
            "max": 31.6397306477582,
            "count": 4
        },
        "AIDriver.Losses.ValueLoss.sum": {
            "value": 284.7575758298238,
            "min": 195.49895515441895,
            "max": 284.7575758298238,
            "count": 4
        },
        "AIDriver.Policy.LearningRate.mean": {
            "value": 0.0002998352836215721,
            "min": 0.0002998352836215721,
            "max": 0.0002999233176630608,
            "count": 4
        },
        "AIDriver.Policy.LearningRate.sum": {
            "value": 0.002698517552594149,
            "min": 0.0023993865413044864,
            "max": 0.002998955585748138,
            "count": 4
        },
        "AIDriver.Policy.Epsilon.mean": {
            "value": 0.19994509452222223,
            "min": 0.19994509452222223,
            "max": 0.19997443921250002,
            "count": 4
        },
        "AIDriver.Policy.Epsilon.sum": {
            "value": 1.7995058507000001,
            "min": 1.5997955137000002,
            "max": 1.9996518618,
            "count": 4
        },
        "AIDriver.Policy.Beta.mean": {
            "value": 0.0004997309631588889,
            "min": 0.0004997309631588889,
            "max": 0.00049987475214125,
            "count": 4
        },
        "AIDriver.Policy.Beta.sum": {
            "value": 0.00449757866843,
            "min": 0.00399899801713,
            "max": 0.00499829412282,
            "count": 4
        },
        "AIDriver.Policy.GAILPolicyEstimate.mean": {
            "value": 0.16855655669200198,
            "min": 0.16855655669200198,
            "max": 0.29038608221647644,
            "count": 4
        },
        "AIDriver.Policy.GAILPolicyEstimate.sum": {
            "value": 1.5170090102280178,
            "min": 1.5170090102280178,
            "max": 2.3230886577318115,
            "count": 4
        },
        "AIDriver.Policy.GAILExpertEstimate.mean": {
            "value": 0.8067898702842218,
            "min": 0.6838647538796068,
            "max": 0.8067898702842218,
            "count": 4
        },
        "AIDriver.Policy.GAILExpertEstimate.sum": {
            "value": 7.261108832557996,
            "min": 5.470918031036854,
            "max": 7.863904376327992,
            "count": 4
        },
        "AIDriver.Losses.GAILLoss.mean": {
            "value": 0.4796732487501921,
            "min": 0.4796732487501921,
            "max": 0.7972122333322962,
            "count": 4
        },
        "AIDriver.Losses.GAILLoss.sum": {
            "value": 4.317059238751729,
            "min": 4.317059238751729,
            "max": 6.3776978666583695,
            "count": 4
        },
        "AIDriver.Policy.GAILGradMagLoss.mean": {
            "value": 0.06071519446731718,
            "min": 0.06071519446731718,
            "max": 0.7889415108986819,
            "count": 4
        },
        "AIDriver.Policy.GAILGradMagLoss.sum": {
            "value": 0.5464367502058546,
            "min": 0.5464367502058546,
            "max": 6.311532087189455,
            "count": 4
        },
        "AIDriver.Losses.PretrainingLoss.mean": {
            "value": 0.5544944480368139,
            "min": 0.5544944480368139,
            "max": 0.9818541496139181,
            "count": 4
        },
        "AIDriver.Losses.PretrainingLoss.sum": {
            "value": 4.990450032331325,
            "min": 4.990450032331325,
            "max": 7.854833196911345,
            "count": 4
        },
        "AIDriver.IsTraining.mean": {
            "value": 1.0,
            "min": 1.0,
            "max": 1.0,
            "count": 4
        },
        "AIDriver.IsTraining.sum": {
            "value": 1.0,
            "min": 1.0,
            "max": 1.0,
            "count": 4
        }
    },
    "metadata": {
        "timer_format_version": "0.1.0",
        "start_time_seconds": "1630276752",
        "python_version": "3.7.9 (tags/v3.7.9:13c94747c7, Aug 17 2020, 18:58:18) [MSC v.1900 64 bit (AMD64)]",
        "command_line_arguments": "C:\\Users\\Student\\Documents\\GitHub\\AIDriver\\AIDriver\\venv\\Scripts\\mlagents-learn config/AIDriverImitation5.yaml --run-id=4AIDriver1 --resume",
        "mlagents_version": "0.27.0",
        "mlagents_envs_version": "0.27.0",
        "communication_protocol_version": "1.5.0",
        "pytorch_version": "1.7.0+cu110",