{
    "name": "root",
    "gauges": {
        "AIDriver.Policy.Entropy.mean": {
            "value": 0.02003861591219902,
            "min": 0.008138823322951794,
            "max": 0.2133679986000061,
            "count": 39
        },
        "AIDriver.Policy.Entropy.sum": {
            "value": 2007.708984375,
            "min": 814.6636962890625,
            "max": 20275.720703125,
            "count": 39
        },
        "AIDriver.Step.mean": {
            "value": 267699974.0,
            "min": 263899992.0,
            "max": 267699974.0,
            "count": 39
        },
        "AIDriver.Step.sum": {
            "value": 267699974.0,
            "min": 263899992.0,
            "max": 267699974.0,
            "count": 39
        },
        "AIDriver.Policy.ExtrinsicValueEstimate.mean": {
            "value": 81.00334167480469,
            "min": 74.08140563964844,
            "max": 83.82121276855469,
            "count": 39
        },
        "AIDriver.Policy.ExtrinsicValueEstimate.sum": {
            "value": 129848.3515625,
            "min": 85175.2734375,
            "max": 134365.40625,
            "count": 39
        },
        "AIDriver.Losses.PolicyLoss.mean": {
            "value": 0.04883572228796159,
            "min": 0.04673388787476277,
            "max": 0.05090233920646521,
            "count": 39
        },
        "AIDriver.Losses.PolicyLoss.sum": {
            "value": 0.4883572228796159,
            "min": 0.25450313394475316,
            "max": 0.5090233920646521,
            "count": 39
        },
        "AIDriver.Losses.ValueLoss.mean": {
            "value": 122.21769867102304,
            "min": 54.82828034294976,
            "max": 510.36241435651414,
            "count": 39
        },
        "AIDriver.Losses.ValueLoss.sum": {
            "value": 1222.1769867102305,
            "min": 493.45452308654785,
            "max": 4593.261729208627,
            "count": 39
        },
        "AIDriver.Policy.LearningRate.mean": {
            "value": 0.00021970451577517036,
            "min": 0.00021970451577517036,
            "max": 0.00022083890776703955,
            "count": 39
        },
        "AIDriver.Policy.LearningRate.sum": {
            "value": 0.0021970451577517035,
            "min": 0.0011041945388351978,
            "max": 0.0022081535000489216,
            "count": 39
        },
        "AIDriver.Policy.Epsilon.mean": {
            "value": 0.17323482967,
            "min": 0.17323482967,
            "max": 0.17361296046000002,
            "count": 39
        },
        "AIDriver.Policy.Epsilon.sum": {
            "value": 1.7323482967000001,
            "min": 0.8680648023000002,
            "max": 1.7360510787000003,
            "count": 39
        },
        "AIDriver.Policy.Beta.mean": {
            "value": 0.000368850665383,
            "min": 0.000368850665383,
            "max": 0.000370703506254,
            "count": 39
        },
        "AIDriver.Policy.Beta.sum": {
            "value": 0.00368850665383,
            "min": 0.0018535175312699998,
            "max": 0.0037066502856300003,
            "count": 39
        },
        "AIDriver.Environment.EpisodeLength.mean": {
            "value": 1307.875,
            "min": 1278.26582278481,
            "max": 1427.4375,
            "count": 39
        },
        "AIDriver.Environment.EpisodeLength.sum": {
            "value": 104630.0,
            "min": 45678.0,
            "max": 110687.0,
            "count": 39
        },
        "AIDriver.Environment.CumulativeReward.mean": {
            "value": 1065.6364690421149,
            "min": 1023.5821278092506,
            "max": 1076.4732181377392,
            "count": 39
        },
        "AIDriver.Environment.CumulativeReward.sum": {
            "value": 85250.9175233692,
            "min": 33237.88620468951,
            "max": 92312.25634820329,
            "count": 39
        },
        "AIDriver.Policy.ExtrinsicReward.mean": {
            "value": 1065.6364690421149,
            "min": 1023.5821278092506,
            "max": 1076.4732181377392,
            "count": 39
        },
        "AIDriver.Policy.ExtrinsicReward.sum": {
            "value": 85250.9175233692,
            "min": 33237.88620468951,
            "max": 92312.25634820329,
            "count": 39
        },
        "AIDriver.IsTraining.mean": {
            "value": 1.0,
            "min": 1.0,
            "max": 1.0,
            "count": 39
        },
        "AIDriver.IsTraining.sum": {
            "value": 1.0,
            "min": 1.0,
            "max": 1.0,
            "count": 39
        }
    },
    "metadata": {
        "timer_format_version": "0.1.0",
        "start_time_seconds": "1638965424",
        "python_version": "3.7.9 (tags/v3.7.9:13c94747c7, Aug 17 2020, 18:58:18) [MSC v.1900 64 bit (AMD64)]",
        "command_line_arguments": "C:\\Users\\Student\\OneDrive - Loughborough University\\Documents\\GitHub\\AIDriver\\AIDriver\\venv\\Scripts\\mlagents-learn config/AIDriverImitation5.yaml --run-id=8AIDriver14 --resume",
        "mlagents_version": "0.27.0",
        "mlagents_envs_version": "0.27.0",
        "communication_protocol_version": "1.5.0",
        "pytorch_version": "1.7.0+cu110",
        "numpy_version": "1.21.2",
        "end_time_seconds": "1638970421"
    },
    "total": 4996.7015603,
    "count": 1,
    "self": 0.004445599999598926,
    "children": {
        "run_training.setup": {
            "total": 0.11970600000000031,
            "count": 1,
            "self": 0.11970600000000031
        },
        "TrainerController.start_learning": {
            "total": 4996.5774087,
            "count": 1,
            "self": 2.6475761999399765,
            "children": {
                "TrainerController._reset_env": {
                    "total": 5.9488195,
                    "count": 1,
                    "self": 5.9488195
                },
                "TrainerController.advance": {
                    "total": 4987.917616500059,
                    "count": 120848,
                    "self": 2.645721500111904,
                    "children": {
                        "env_step": {
                            "total": 3716.4945164999663,
                            "count": 120848,
                            "self": 3361.29137159992,
                            "children": {
                                "SubprocessEnvManager._take_step": {
                                    "total": 353.5411199000459,
                                    "count": 120848,
                                    "self": 7.550263999867184,
                                    "children": {
                                        "TorchPolicy.evaluate": {
                                            "total": 345.9908559001787,
                                            "count": 120848,
                                            "self": 116.76334920028964,
                                            "children": {
                                                "TorchPolicy.sample_actions": {
                                                    "total": 229.22750669988906,
                                                    "count": 120848,
                                                    "self": 229.22750669988906
                                                }
                                            }
                                        }
                                    }
                                },
                                "workers": {
                                    "total": 1.6620250000004066,
                                    "count": 120847,
                                    "self": 0.0,
                                    "children": {
                                        "worker_root": {
                                            "total": 4988.073906000039,
                                            "count": 120847,