{
    "name": "root",
    "gauges": {
        "AIDriver.Policy.Entropy.mean": {
            "value": 1.5786877870559692,
            "min": 1.5748589038848877,
            "max": 3.109093189239502,
            "count": 534
        },
        "AIDriver.Policy.Entropy.sum": {
            "value": 157313.078125,
            "min": 37923.46875,
            "max": 310909.3125,
            "count": 534
        },
        "AIDriver.Step.mean": {
            "value": 206999963.0,
            "min": 153699943.0,
            "max": 206999963.0,
            "count": 534
        },
        "AIDriver.Step.sum": {
            "value": 206999963.0,
            "min": 153699943.0,
            "max": 206999963.0,
            "count": 534
        },
        "AIDriver.Policy.ExtrinsicValueEstimate.mean": {
            "value": 51.5588493347168,
            "min": 11.07219409942627,
            "max": 55.70353698730469,
            "count": 534
        },
        "AIDriver.Policy.ExtrinsicValueEstimate.sum": {
            "value": 82133.25,
            "min": 1893.34521484375,
            "max": 88735.734375,
            "count": 534
        },
        "AIDriver.Environment.EpisodeLength.mean": {
            "value": 1678.3050847457628,
            "min": 325.0,
            "max": 2666.7297297297296,
            "count": 534
        },
        "AIDriver.Environment.EpisodeLength.sum": {
            "value": 99020.0,
            "min": 325.0,
            "max": 119589.0,
            "count": 534
        },
        "AIDriver.Environment.CumulativeReward.mean": {
            "value": 847.4918339812292,
            "min": -50.3642345033586,
            "max": 923.4688290764996,
            "count": 534
        },
        "AIDriver.Environment.CumulativeReward.sum": {
            "value": 50002.01820489252,
            "min": -50.3642345033586,
            "max": 58223.60325003242,
            "count": 534
        },
        "AIDriver.Policy.ExtrinsicReward.mean": {
            "value": 847.4918339812292,
            "min": -50.3642345033586,
            "max": 923.4688290764996,
            "count": 534
        },
        "AIDriver.Policy.ExtrinsicReward.sum": {
            "value": 50002.01820489252,
            "min": -50.3642345033586,
            "max": 58223.60325003242,
            "count": 534
        },
        "AIDriver.Losses.PolicyLoss.mean": {
            "value": 0.05075486501963396,
            "min": 0.04622236618597526,
            "max": 0.06045949283288792,
            "count": 534
        },
        "AIDriver.Losses.PolicyLoss.sum": {
            "value": 0.4567937851767056,
            "min": 0.04769229599429915,
            "max": 0.5478474293039957,
            "count": 534
        },
        "AIDriver.Losses.ValueLoss.mean": {
            "value": 159.74615947582103,
            "min": 63.45661501407623,
            "max": 313.50463752746583,
            "count": 534
        },
        "AIDriver.Losses.ValueLoss.sum": {
            "value": 1437.7154352823893,
            "min": 313.50463752746583,
            "max": 2303.8016168594363,
            "count": 534
        },
        "AIDriver.Policy.LearningRate.mean": {
            "value": 0.0002379145974618077,
            "min": 0.0002379145974618077,
            "max": 0.0002538902244699302,
            "count": 534
        },
        "AIDriver.Policy.LearningRate.sum": {
            "value": 0.0021412313771562693,
            "min": 0.0002538902244699302,
            "max": 0.0025384545017485506,
            "count": 534
        },
        "AIDriver.Policy.Epsilon.mean": {
            "value": 0.17930485892222225,
            "min": 0.17930485892222225,
            "max": 0.18463006969999998,
            "count": 534
        },
        "AIDriver.Policy.Epsilon.sum": {
            "value": 1.6137437303000002,
            "min": 0.18463006969999998,
            "max": 1.8461514493,
            "count": 534
        },
        "AIDriver.Policy.Beta.mean": {
            "value": 0.0003985938087188889,
            "min": 0.0003985938087188889,
            "max": 0.0004246873415300001,
            "count": 534
        },
        "AIDriver.Policy.Beta.sum": {
            "value": 0.00358734427847,
            "min": 0.0004246873415300001,
            "max": 0.00424614210157,
            "count": 534
        },
        "AIDriver.IsTraining.mean": {
            "value": 1.0,
            "min": 1.0,
            "max": 1.0,
            "count": 534
        },
        "AIDriver.IsTraining.sum": {
            "value": 1.0,
            "min": 1.0,
            "max": 1.0,
            "count": 534
        }
    },
    "metadata": {
        "timer_format_version": "0.1.0",
        "start_time_seconds": "1638564304",
        "python_version": "3.7.9 (tags/v3.7.9:13c94747c7, Aug 17 2020, 18:58:18) [MSC v.1900 64 bit (AMD64)]",
        "command_line_arguments": "C:\\Users\\Student\\OneDrive - Loughborough University\\Documents\\GitHub\\AIDriver\\AIDriver\\venv\\Scripts\\mlagents-learn config/AIDriverImitation5.yaml --run-id=8AIDriver14 --resume",
        "mlagents_version": "0.27.0",
        "mlagents_envs_version": "0.27.0",
        "communication_protocol_version": "1.5.0",
        "pytorch_version": "1.7.0+cu110",
        "numpy_version": "1.21.2",
        "end_time_seconds": "1638621284"
    },
    "total": 56979.5476691,
    "count": 1,
    "self": 0.007017199997790158,
    "children": {
        "run_training.setup": {
            "total": 0.1297341999999997,
            "count": 1,
            "self": 0.1297341999999997
        },
        "TrainerController.start_learning": {
            "total": 56979.4109177,
            "count": 1,
            "self": 35.60732750337047,
            "children": {
                "TrainerController._reset_env": {
                    "total": 9.7890914,
                    "count": 1,
                    "self": 9.7890914
                },
                "TrainerController.advance": {
                    "total": 56933.95970439663,
                    "count": 1668244,
                    "self": 37.70720569125842,
                    "children": {
                        "env_step": {
                            "total": 39357.75785460221,
                            "count": 1668244,
                            "self": 34072.376192504,
                            "children": {
                                "SubprocessEnvManager._take_step": {
                                    "total": 5262.93166139969,
                                    "count": 1668244,
                                    "self": 101.53776629760432,
                                    "children": {
                                        "TorchPolicy.evaluate": {
                                            "total": 5161.3938951020855,
                                            "count": 1668244,
                                            "self": 1997.6268185078543,
                                            "children": {
                                                "TorchPolicy.sample_actions": {
                                                    "total": 3163.767076594231,
                                                    "count": 1668244,
                                                    "self": 3163.767076594231
                                                }
                                            }
                                        }
                                    }
                                },
                                "workers": {
                                    "total": 22.450000698516995,
                                    "count": 1668243,
                                    "self": 0.0,
                                    "children": {
                                        "worker_root": {
                                            "total": 56925.78775910201,
                                            "count": 1668243,