{
    "name": "root",
    "gauges": {
        "AIDriver.Policy.Entropy.mean": {
            "value": 2.896512746810913,
            "min": 1.9921412467956543,
            "max": 2.898388385772705,
            "count": 151
        },
        "AIDriver.Policy.Entropy.sum": {
            "value": 290670.84375,
            "min": 8180.49267578125,
            "max": 290670.84375,
            "count": 151
        },
        "AIDriver.Step.mean": {
            "value": 140499960.0,
            "min": 125499963.0,
            "max": 140499960.0,
            "count": 151
        },
        "AIDriver.Step.sum": {
            "value": 140499960.0,
            "min": 125499963.0,
            "max": 140499960.0,
            "count": 151
        },
        "AIDriver.Policy.ExtrinsicValueEstimate.mean": {
            "value": 18.897214889526367,
            "min": 10.234970092773438,
            "max": 25.645368576049805,
            "count": 151
        },
        "AIDriver.Policy.ExtrinsicValueEstimate.sum": {
            "value": 29706.421875,
            "min": 1051.2353515625,
            "max": 40801.78125,
            "count": 151
        },
        "AIDriver.IsTraining.mean": {
            "value": 1.0,
            "min": 1.0,
            "max": 1.0,
            "count": 151
        },
        "AIDriver.IsTraining.sum": {
            "value": 1.0,
            "min": 1.0,
            "max": 1.0,
            "count": 151
        },
        "AIDriver.Environment.EpisodeLength.mean": {
            "value": 2508.3030303030305,
            "min": 662.6142857142858,
            "max": 2610.6444444444446,
            "count": 150
        },
        "AIDriver.Environment.EpisodeLength.sum": {
            "value": 82774.0,
            "min": 46383.0,
            "max": 133760.0,
            "count": 150
        },
        "AIDriver.Environment.CumulativeReward.mean": {
            "value": 488.8590525561471,
            "min": 142.34657429416464,
            "max": 509.63626434274903,
            "count": 150
        },
        "AIDriver.Environment.CumulativeReward.sum": {
            "value": 16132.348734352854,
            "min": 9005.132063937475,
            "max": 31415.722589373356,
            "count": 150
        },
        "AIDriver.Policy.ExtrinsicReward.mean": {
            "value": 488.8590525561471,
            "min": 142.34657429416464,
            "max": 509.63626434274903,
            "count": 150
        },
        "AIDriver.Policy.ExtrinsicReward.sum": {
            "value": 16132.348734352854,
            "min": 9005.132063937475,
            "max": 31415.722589373356,
            "count": 150
        },
        "AIDriver.Losses.PolicyLoss.mean": {
            "value": 0.050838885588260996,
            "min": 0.046556954152183604,
            "max": 0.05665147882774127,
            "count": 150
        },
        "AIDriver.Losses.PolicyLoss.sum": {
            "value": 0.50838885588261,
            "min": 0.4131230206504557,
            "max": 0.5557640328692893,
            "count": 150
        },
        "AIDriver.Losses.ValueLoss.mean": {
            "value": 100.00221754391988,
            "min": 66.43132944424947,
            "max": 145.25969468575937,
            "count": 150
        },
        "AIDriver.Losses.ValueLoss.sum": {
            "value": 1000.0221754391988,
            "min": 602.5845945358276,
            "max": 1429.8799537658688,
            "count": 150
        },
        "AIDriver.Policy.LearningRate.mean": {
            "value": 0.0002578658693747149,
            "min": 0.0002578658693747149,
            "max": 0.00026233491220503343,
            "count": 150
        },
        "AIDriver.Policy.LearningRate.sum": {
            "value": 0.002578658693747149,
            "min": 0.0020986792976402675,
            "max": 0.002623060186446646,
            "count": 150
        },
        "AIDriver.Policy.Epsilon.mean": {
            "value": 0.18595528511,
            "min": 0.18595528511,
            "max": 0.18744496655,
            "count": 150
        },
        "AIDriver.Policy.Epsilon.sum": {
            "value": 1.8595528511000001,
            "min": 1.4995597324,
            "max": 1.8743533536,
            "count": 150
        },
        "AIDriver.Policy.Beta.mean": {
            "value": 0.00043118089703899997,
            "min": 0.00043118089703899997,
            "max": 0.000438480336095,
            "count": 150
        },
        "AIDriver.Policy.Beta.sum": {
            "value": 0.0043118089703899996,
            "min": 0.00350784268876,
            "max": 0.004384331432639999,
            "count": 150
        }
    },
    "metadata": {
        "timer_format_version": "0.1.0",
        "start_time_seconds": "1637622597",
        "python_version": "3.7.9 (tags/v3.7.9:13c94747c7, Aug 17 2020, 18:58:18) [MSC v.1900 64 bit (AMD64)]",
        "command_line_arguments": "C:\\Users\\Student\\OneDrive - Loughborough University\\Documents\\GitHub\\AIDriver\\AIDriver\\venv\\Scripts\\mlagents-learn config/AIDriverImitation5.yaml --run-id=8AIDriver14 --resume",
        "mlagents_version": "0.27.0",
        "mlagents_envs_version": "0.27.0",
        "communication_protocol_version": "1.5.0",
        "pytorch_version": "1.7.0+cu110",
        "numpy_version": "1.21.2",
        "end_time_seconds": "1637657270"
    },
    "total": 34671.838624799995,
    "count": 1,
    "self": 0.0055545999930473045,
    "children": {
        "run_training.setup": {
            "total": 0.14581679999999952,
            "count": 1,
            "self": 0.14581679999999952
        },
        "TrainerController.start_learning": {
            "total": 34671.6872534,
            "count": 1,
            "self": 10.813784400001168,
            "children": {
                "TrainerController._reset_env": {
                    "total": 9.9778363,
                    "count": 1,
                    "self": 9.9778363
                },
                "TrainerController.advance": {
                    "total": 34650.8318676,
                    "count": 235296,
                    "self": 11.014153399213683,
                    "children": {
                        "env_step": {
                            "total": 21335.493216399722,
                            "count": 235296,
                            "self": 19700.485073599033,
                            "children": {
                                "SubprocessEnvManager._take_step": {
                                    "total": 1628.913786599576,
                                    "count": 235296,
                                    "self": 40.94204720019093,
                                    "children": {
                                        "TorchPolicy.evaluate": {
                                            "total": 1587.9717393993851,
                                            "count": 235296,
                                            "self": 510.51966029911773,
                                            "children": {
                                                "TorchPolicy.sample_actions": {
                                                    "total": 1077.4520791002674,
                                                    "count": 235296,
                                                    "self": 1077.4520791002674
                                                }
                                            }
                                        }
                                    }
                                },
                                "workers": {
                                    "total": 6.094356201113708,
                                    "count": 235295,
                                    "self": 0.0,
                                    "children": {
                                        "worker_root": {
                                            "total": 34650.75700249976,
                                            "count": 235295,