{
    "name": "root",
    "gauges": {
        "AIDriver.Policy.Entropy.mean": {
            "value": 3.0847530364990234,
            "min": 2.9144935607910156,
            "max": 3.0850696563720703,
            "count": 131
        },
        "AIDriver.Policy.Entropy.sum": {
            "value": 307981.75,
            "min": 143891.65625,
            "max": 309790.34375,
            "count": 131
        },
        "AIDriver.Step.mean": {
            "value": 153599984.0,
            "min": 140599971.0,
            "max": 153599984.0,
            "count": 131
        },
        "AIDriver.Step.sum": {
            "value": 153599984.0,
            "min": 140599971.0,
            "max": 153599984.0,
            "count": 131
        },
        "AIDriver.Policy.ExtrinsicValueEstimate.mean": {
            "value": 18.78644561767578,
            "min": 14.212059020996094,
            "max": 26.827465057373047,
            "count": 131
        },
        "AIDriver.Policy.ExtrinsicValueEstimate.sum": {
            "value": 29814.08984375,
            "min": 18638.0078125,
            "max": 42280.0859375,
            "count": 131
        },
        "AIDriver.Losses.PolicyLoss.mean": {
            "value": 0.049605541531539836,
            "min": 0.04709243904669872,
            "max": 0.05595487112877891,
            "count": 131
        },
        "AIDriver.Losses.PolicyLoss.sum": {
            "value": 0.4960554153153984,
            "min": 0.14904971284630553,
            "max": 0.559548711287789,
            "count": 131
        },
        "AIDriver.Losses.ValueLoss.mean": {
            "value": 98.88927209854126,
            "min": 64.00946208318075,
            "max": 156.35314288775126,
            "count": 131
        },
        "AIDriver.Losses.ValueLoss.sum": {
            "value": 988.8927209854126,
            "min": 395.9753168762153,
            "max": 1563.5314288775126,
            "count": 131
        },
        "AIDriver.Policy.LearningRate.mean": {
            "value": 0.00025393603622465963,
            "min": 0.00025393603622465963,
            "max": 0.00025782669115777425,
            "count": 131
        },
        "AIDriver.Policy.LearningRate.sum": {
            "value": 0.0025393603622465965,
            "min": 0.0007734800734733227,
            "max": 0.0025774506232498387,
            "count": 131
        },
        "AIDriver.Policy.Epsilon.mean": {
            "value": 0.18464534029000002,
            "min": 0.18464534029000002,
            "max": 0.18594222570000005,
            "count": 131
        },
        "AIDriver.Policy.Epsilon.sum": {
            "value": 1.8464534029000002,
            "min": 0.5578266771000001,
            "max": 1.8591501607999998,
            "count": 131
        },
        "AIDriver.Policy.Beta.mean": {
            "value": 0.00042476216742100005,
            "min": 0.00042476216742100005,
            "max": 0.00043111690592999996,
            "count": 131
        },
        "AIDriver.Policy.Beta.sum": {
            "value": 0.00424762167421,
            "min": 0.00129335071779,
            "max": 0.004309835787920001,
            "count": 131
        },
        "AIDriver.Environment.EpisodeLength.mean": {
            "value": 1720.1333333333334,
            "min": 448.8,
            "max": 2619.542857142857,
            "count": 131
        },
        "AIDriver.Environment.EpisodeLength.sum": {
            "value": 103208.0,
            "min": 2244.0,
            "max": 137329.0,
            "count": 131
        },
        "AIDriver.Environment.CumulativeReward.mean": {
            "value": 313.0452663244227,
            "min": 111.24896363373846,
            "max": 592.025210564129,
            "count": 131
        },
        "AIDriver.Environment.CumulativeReward.sum": {
            "value": 18782.715979465363,
            "min": 556.2448181686923,
            "max": 26580.455249529714,
            "count": 131
        },
        "AIDriver.Policy.ExtrinsicReward.mean": {
            "value": 313.0452663244227,
            "min": 111.24896363373846,
            "max": 592.025210564129,
            "count": 131
        },
        "AIDriver.Policy.ExtrinsicReward.sum": {
            "value": 18782.715979465363,
            "min": 556.2448181686923,
            "max": 26580.455249529714,
            "count": 131
        },
        "AIDriver.IsTraining.mean": {
            "value": 1.0,
            "min": 1.0,
            "max": 1.0,
            "count": 131
        },
        "AIDriver.IsTraining.sum": {
            "value": 1.0,
            "min": 1.0,
            "max": 1.0,
            "count": 131
        }
    },
    "metadata": {
        "timer_format_version": "0.1.0",
        "start_time_seconds": "1637885818",
        "python_version": "3.7.9 (tags/v3.7.9:13c94747c7, Aug 17 2020, 18:58:18) [MSC v.1900 64 bit (AMD64)]",
        "command_line_arguments": "C:\\Users\\Student\\OneDrive - Loughborough University\\Documents\\GitHub\\AIDriver\\AIDriver\\venv\\Scripts\\mlagents-learn config/AIDriverImitation5.yaml --run-id=8AIDriver14 --resume",
        "mlagents_version": "0.27.0",
        "mlagents_envs_version": "0.27.0",
        "communication_protocol_version": "1.5.0",
        "pytorch_version": "1.7.0+cu110",
        "numpy_version": "1.21.2",
        "end_time_seconds": "1637919450"
    },
    "total": 33631.8168038,
    "count": 1,
    "self": 0.004900799998722505,
    "children": {
        "run_training.setup": {
            "total": 0.1403863999999997,
            "count": 1,
            "self": 0.1403863999999997
        },
        "TrainerController.start_learning": {
            "total": 33631.6715166,
            "count": 1,
            "self": 10.593157799710752,
            "children": {
                "TrainerController._reset_env": {
                    "total": 6.8566232000000005,
                    "count": 1,
                    "self": 6.8566232000000005
                },
                "TrainerController.advance": {
                    "total": 33614.16206390029,
                    "count": 205281,
                    "self": 11.09772180019354,
                    "children": {
                        "env_step": {
                            "total": 20766.425455499833,
                            "count": 205281,
                            "self": 19203.017370501373,
                            "children": {
                                "SubprocessEnvManager._take_step": {
                                    "total": 1557.5080787992088,
                                    "count": 205281,
                                    "self": 40.29911549914004,
                                    "children": {
                                        "TorchPolicy.evaluate": {
                                            "total": 1517.2089633000687,
                                            "count": 205281,
                                            "self": 480.00555090093803,
                                            "children": {
                                                "TorchPolicy.sample_actions": {
                                                    "total": 1037.2034123991307,
                                                    "count": 205281,
                                                    "self": 1037.2034123991307
                                                }
                                            }
                                        }
                                    }
                                },
                                "workers": {
                                    "total": 5.900006199251816,
                                    "count": 205280,
                                    "self": 0.0,
                                    "children": {
                                        "worker_root": {
                                            "total": 33613.7060628998,