{
    "name": "root",
    "gauges": {
        "AIDriver.Policy.Entropy.mean": {
            "value": 0.23420242965221405,
            "min": 0.22363491356372833,
            "max": 0.9438978433609009,
            "count": 100
        },
        "AIDriver.Policy.Entropy.sum": {
            "value": 23480.19921875,
            "min": 22384.9609375,
            "max": 94359.578125,
            "count": 100
        },
        "AIDriver.Step.mean": {
            "value": 263799973.0,
            "min": 253899998.0,
            "max": 263799973.0,
            "count": 100
        },
        "AIDriver.Step.sum": {
            "value": 263799973.0,
            "min": 253899998.0,
            "max": 263799973.0,
            "count": 100
        },
        "AIDriver.Policy.ExtrinsicValueEstimate.mean": {
            "value": 79.32251739501953,
            "min": 26.359498977661133,
            "max": 82.4124984741211,
            "count": 100
        },
        "AIDriver.Policy.ExtrinsicValueEstimate.sum": {
            "value": 127154.0,
            "min": 23716.23828125,
            "max": 131942.40625,
            "count": 100
        },
        "AIDriver.Losses.PolicyLoss.mean": {
            "value": 0.049052036005305125,
            "min": 0.04642719677765854,
            "max": 0.06191624191900095,
            "count": 100
        },
        "AIDriver.Losses.PolicyLoss.sum": {
            "value": 0.4905203600530512,
            "min": 0.10883539591450245,
            "max": 0.6191624191900095,
            "count": 100
        },
        "AIDriver.Losses.ValueLoss.mean": {
            "value": 81.2017430194219,
            "min": 81.2017430194219,
            "max": 264.1358116340637,
            "count": 100
        },
        "AIDriver.Losses.ValueLoss.sum": {
            "value": 812.017430194219,
            "min": 429.7104244338142,
            "max": 2641.358116340637,
            "count": 100
        },
        "AIDriver.Policy.LearningRate.mean": {
            "value": 0.00022087609431464396,
            "min": 0.00022087609431464396,
            "max": 0.0002238346041384738,
            "count": 100
        },
        "AIDriver.Policy.LearningRate.sum": {
            "value": 0.0022087609431464396,
            "min": 0.0004476692082769476,
            "max": 0.0022381608592464647,
            "count": 100
        },
        "AIDriver.Policy.Epsilon.mean": {
            "value": 0.17362535598,
            "min": 0.17362535598,
            "max": 0.17461152624999998,
            "count": 100
        },
        "AIDriver.Policy.Epsilon.sum": {
            "value": 1.7362535598000002,
            "min": 0.34922305249999996,
            "max": 1.7460535351000002,
            "count": 100
        },
        "AIDriver.Policy.Beta.mean": {
            "value": 0.00037076424430200006,
            "min": 0.00037076424430200006,
            "max": 0.00037559647862499994,
            "count": 100
        },
        "AIDriver.Policy.Beta.sum": {
            "value": 0.0037076424430200006,
            "min": 0.0007511929572499999,
            "max": 0.0037556623219900005,
            "count": 100
        },
        "AIDriver.Environment.EpisodeLength.mean": {
            "value": 1333.418918918919,
            "min": 799.3636363636364,
            "max": 1576.8,
            "count": 100
        },
        "AIDriver.Environment.EpisodeLength.sum": {
            "value": 98673.0,
            "min": 8793.0,
            "max": 108201.0,
            "count": 100
        },
        "AIDriver.Environment.CumulativeReward.mean": {
            "value": 1060.572772320901,
            "min": 146.0259584928016,
            "max": 1069.9667973946034,
            "count": 100
        },
        "AIDriver.Environment.CumulativeReward.sum": {
            "value": 78482.38515174668,
            "min": 1606.2855434208177,
            "max": 88730.0772509221,
            "count": 100
        },
        "AIDriver.Policy.ExtrinsicReward.mean": {
            "value": 1060.572772320901,
            "min": 146.0259584928016,
            "max": 1069.9667973946034,
            "count": 100
        },
        "AIDriver.Policy.ExtrinsicReward.sum": {
            "value": 78482.38515174668,
            "min": 1606.2855434208177,
            "max": 88730.0772509221,
            "count": 100
        },
        "AIDriver.IsTraining.mean": {
            "value": 1.0,
            "min": 1.0,
            "max": 1.0,
            "count": 100
        },
        "AIDriver.IsTraining.sum": {
            "value": 1.0,
            "min": 1.0,
            "max": 1.0,
            "count": 100
        }
    },
    "metadata": {
        "timer_format_version": "0.1.0",
        "start_time_seconds": "1638924077",
        "python_version": "3.7.9 (tags/v3.7.9:13c94747c7, Aug 17 2020, 18:58:18) [MSC v.1900 64 bit (AMD64)]",
        "command_line_arguments": "C:\\Users\\Student\\OneDrive - Loughborough University\\Documents\\GitHub\\AIDriver\\AIDriver\\venv\\Scripts\\mlagents-learn config/AIDriverImitation5.yaml --run-id=8AIDriver14 --resume",
        "mlagents_version": "0.27.0",
        "mlagents_envs_version": "0.27.0",
        "communication_protocol_version": "1.5.0",
        "pytorch_version": "1.7.0+cu110",
        "numpy_version": "1.21.2",
        "end_time_seconds": "1638953179"
    },
    "total": 29101.7036997,
    "count": 1,
    "self": 0.0049565999979677144,
    "children": {
        "run_training.setup": {
            "total": 0.13736320000000024,
            "count": 1,
            "self": 0.13736320000000024
        },
        "TrainerController.start_learning": {
            "total": 29101.561379900002,
            "count": 1,
            "self": 15.053364699298982,
            "children": {
                "TrainerController._reset_env": {
                    "total": 7.7400797,
                    "count": 1,
                    "self": 7.7400797
                },
                "TrainerController.advance": {
                    "total": 29078.701711400703,
                    "count": 311521,
                    "self": 16.15069010101797,
                    "children": {
                        "env_step": {
                            "total": 18808.579658599487,
                            "count": 311521,
                            "self": 16423.152620898978,
                            "children": {
                                "SubprocessEnvManager._take_step": {
                                    "total": 2376.4745571999038,
                                    "count": 311521,
                                    "self": 49.90097629942784,
                                    "children": {
                                        "TorchPolicy.evaluate": {
                                            "total": 2326.573580900476,
                                            "count": 311521,
                                            "self": 739.9108341015049,
                                            "children": {
                                                "TorchPolicy.sample_actions": {
                                                    "total": 1586.662746798971,
                                                    "count": 311521,
                                                    "self": 1586.662746798971
                                                }
                                            }
                                        }
                                    }
                                },
                                "workers": {
                                    "total": 8.95248050060398,
                                    "count": 311520,
                                    "self": 0.0,
                                    "children": {
                                        "worker_root": {
                                            "total": 29077.265821198685,
                                            "count": 311520,