{
    "name": "root",
    "gauges": {
        "AIDriver.Policy.Entropy.mean": {
            "value": -0.8658451437950134,
            "min": -0.875993549823761,
            "max": -0.8658451437950134,
            "count": 3
        },
        "AIDriver.Policy.Entropy.sum": {
            "value": -86667.6328125,
            "min": -86667.6328125,
            "max": -68005.1328125,
            "count": 3
        },
        "AIDriver.Step.mean": {
            "value": 58699982.0,
            "min": 58499944.0,
            "max": 58699982.0,
            "count": 3
        },
        "AIDriver.Step.sum": {
            "value": 58699982.0,
            "min": 58499944.0,
            "max": 58699982.0,
            "count": 3
        },
        "AIDriver.Policy.ExtrinsicValueEstimate.mean": {
            "value": -0.5922003984451294,
            "min": -0.6466295719146729,
            "max": -0.5571133494377136,
            "count": 3
        },
        "AIDriver.Policy.ExtrinsicValueEstimate.sum": {
            "value": -1015.6236572265625,
            "min": -1113.49609375,
            "max": -710.3195190429688,
            "count": 3
        },
        "AIDriver.Losses.PolicyLoss.mean": {
            "value": 0.048663334572532524,
            "min": 0.048663334572532524,
            "max": 0.05070273211372464,
            "count": 3
        },
        "AIDriver.Losses.PolicyLoss.sum": {
            "value": 0.48663334572532524,
            "min": 0.3444983677996788,
            "max": 0.48663334572532524,
            "count": 3
        },
        "AIDriver.Losses.ValueLoss.mean": {
            "value": 0.31486294589626296,
            "min": 0.31486294589626296,
            "max": 1.0895593182692758,
            "count": 3
        },
        "AIDriver.Losses.ValueLoss.sum": {
            "value": 3.1486294589626294,
            "min": 3.1486294589626294,
            "max": 7.62691522788493,
            "count": 3
        },
        "AIDriver.Policy.LearningRate.mean": {
            "value": 0.000282405353924884,
            "min": 0.000282405353924884,
            "max": 0.0002824595977468027,
            "count": 3
        },
        "AIDriver.Policy.LearningRate.sum": {
            "value": 0.0028240535392488396,
            "min": 0.001977217184227619,
            "max": 0.0028240535392488396,
            "count": 3
        },
        "AIDriver.Policy.Epsilon.mean": {
            "value": 0.19413511602000005,
            "min": 0.19413511602000005,
            "max": 0.19415319730000005,
            "count": 3
        },
        "AIDriver.Policy.Epsilon.sum": {
            "value": 1.9413511602000004,
            "min": 1.3590723811000003,
            "max": 1.9413511602000004,
            "count": 3
        },
        "AIDriver.Policy.Beta.mean": {
            "value": 0.000471262068498,
            "min": 0.000471262068498,
            "max": 0.00047135066677000004,
            "count": 3
        },
        "AIDriver.Policy.Beta.sum": {
            "value": 0.00471262068498,
            "min": 0.0032994546673900003,
            "max": 0.00471262068498,
            "count": 3
        },
        "AIDriver.Environment.EpisodeLength.mean": {
            "value": 308.72727272727275,
            "min": 308.72727272727275,
            "max": 310.5,
            "count": 3
        },
        "AIDriver.Environment.EpisodeLength.sum": {
            "value": 101880.0,
            "min": 61479.0,
            "max": 102107.0,
            "count": 3
        },
        "AIDriver.Environment.CumulativeReward.mean": {
            "value": -4.265168796591179,
            "min": -4.69380964495411,
            "max": -4.265168796591179,
            "count": 3
        },
        "AIDriver.Environment.CumulativeReward.sum": {
            "value": -1407.505702875089,
            "min": -1422.3548410097137,
            "max": -929.3743097009137,
            "count": 3
        },
        "AIDriver.Policy.ExtrinsicReward.mean": {
            "value": -4.265168796591179,
            "min": -4.69380964495411,
            "max": -4.265168796591179,
            "count": 3
        },
        "AIDriver.Policy.ExtrinsicReward.sum": {
            "value": -1407.505702875089,
            "min": -1422.3548410097137,
            "max": -929.3743097009137,
            "count": 3
        },
        "AIDriver.IsTraining.mean": {
            "value": 1.0,
            "min": 1.0,
            "max": 1.0,
            "count": 3
        },
        "AIDriver.IsTraining.sum": {
            "value": 1.0,
            "min": 1.0,
            "max": 1.0,
            "count": 3
        }
    },
    "metadata": {
        "timer_format_version": "0.1.0",
        "start_time_seconds": "1639784226",
        "python_version": "3.7.9 (tags/v3.7.9:13c94747c7, Aug 17 2020, 18:58:18) [MSC v.1900 64 bit (AMD64)]",
        "command_line_arguments": "C:\\Users\\Student\\OneDrive - Loughborough University\\Documents\\GitHub\\AIDriver\\AIDriver\\venv\\Scripts\\mlagents-learn config/AIDriverImitation5.yaml --run-id=8AIDriver18 --resume",
        "mlagents_version": "0.27.0",
        "mlagents_envs_version": "0.27.0",
        "communication_protocol_version": "1.5.0",
        "pytorch_version": "1.7.0+cu110",
        "numpy_version": "1.21.2",
        "end_time_seconds": "1639784608"
    },
    "total": 381.5379013,
    "count": 1,
    "self": 0.004424999999969259,
    "children": {
        "run_training.setup": {
            "total": 0.0700461,
            "count": 1,
            "self": 0.0700461
        },
        "TrainerController.start_learning": {
            "total": 381.4634302,
            "count": 1,
            "self": 0.13872649999927944,
            "children": {
                "TrainerController._reset_env": {
                    "total": 14.1466177,
                    "count": 1,
                    "self": 14.1466177
                },
                "TrainerController.advance": {
                    "total": 367.11335000000076,
                    "count": 5552,
                    "self": 0.13033679999898595,
                    "children": {
                        "env_step": {
                            "total": 241.68080010000077,
                            "count": 5552,
                            "self": 223.6378648000012,
                            "children": {
                                "SubprocessEnvManager._take_step": {
                                    "total": 17.9665060999989,
                                    "count": 5552,
                                    "self": 0.44828009999883633,
                                    "children": {
                                        "TorchPolicy.evaluate": {
                                            "total": 17.518226000000062,
                                            "count": 5552,
                                            "self": 5.574734399999738,
                                            "children": {
                                                "TorchPolicy.sample_actions": {
                                                    "total": 11.943491600000325,
                                                    "count": 5552,
                                                    "self": 11.943491600000325
                                                }
                                            }
                                        }
                                    }
                                },
                                "workers": {
                                    "total": 0.07642920000064635,
                                    "count": 5551,
                                    "self": 0.0,
                                    "children": {
                                        "worker_root": {
                                            "total": 366.2461587000017,
                                            "count": 5551,