{
    "name": "root",
    "gauges": {
        "AIDriver.Policy.Entropy.mean": {
            "value": -0.7043372392654419,
            "min": -0.7558806538581848,
            "max": -0.11223165690898895,
            "count": 211
        },
        "AIDriver.Policy.Entropy.sum": {
            "value": -70343.5703125,
            "min": -75757.3828125,
            "max": -9194.017578125,
            "count": 211
        },
        "AIDriver.Step.mean": {
            "value": 31999988.0,
            "min": 10999980.0,
            "max": 31999988.0,
            "count": 211
        },
        "AIDriver.Step.sum": {
            "value": 31999988.0,
            "min": 10999980.0,
            "max": 31999988.0,
            "count": 211
        },
        "AIDriver.Policy.ExtrinsicValueEstimate.mean": {
            "value": 23.3200740814209,
            "min": 6.279337406158447,
            "max": 26.3911075592041,
            "count": 211
        },
        "AIDriver.Policy.ExtrinsicValueEstimate.sum": {
            "value": 37358.7578125,
            "min": 10002.984375,
            "max": 41884.24609375,
            "count": 211
        },
        "AIDriver.Environment.EpisodeLength.mean": {
            "value": 1356.2823529411764,
            "min": 362.75,
            "max": 2784.4545454545455,
            "count": 211
        },
        "AIDriver.Environment.EpisodeLength.sum": {
            "value": 115284.0,
            "min": 2902.0,
            "max": 140347.0,
            "count": 211
        },
        "AIDriver.Environment.CumulativeReward.mean": {
            "value": 324.4336226626792,
            "min": -10.2870382375404,
            "max": 690.8494655513443,
            "count": 211
        },
        "AIDriver.Environment.CumulativeReward.sum": {
            "value": 27576.857926327735,
            "min": -82.2963059003232,
            "max": 30087.42242017039,
            "count": 211
        },
        "AIDriver.Policy.ExtrinsicReward.mean": {
            "value": 324.4336226626792,
            "min": -10.2870382375404,
            "max": 690.8494655513443,
            "count": 211
        },
        "AIDriver.Policy.ExtrinsicReward.sum": {
            "value": 27576.857926327735,
            "min": -82.2963059003232,
            "max": 30087.42242017039,
            "count": 211
        },
        "AIDriver.Losses.PolicyLoss.mean": {
            "value": 0.04992189852378538,
            "min": 0.04689304280284517,
            "max": 0.06380296258837917,
            "count": 211
        },
        "AIDriver.Losses.PolicyLoss.sum": {
            "value": 0.4492970867140684,
            "min": 0.3528435045156452,
            "max": 0.6380296258837916,
            "count": 211
        },
        "AIDriver.Losses.ValueLoss.mean": {
            "value": 30.62400692568885,
            "min": 10.050361248254776,
            "max": 225.46672370155653,
            "count": 211
        },
        "AIDriver.Losses.ValueLoss.sum": {
            "value": 275.61606233119966,
            "min": 100.50361248254775,
            "max": 2254.667237015565,
            "count": 211
        },
        "AIDriver.Policy.LearningRate.mean": {
            "value": 0.0002904147429617534,
            "min": 0.0002904147429617534,
            "max": 0.00029671198378172,
            "count": 211
        },
        "AIDriver.Policy.LearningRate.sum": {
            "value": 0.0026137326866557805,
            "min": 0.00207698388647204,
            "max": 0.0029668540928486395,
            "count": 211
        },
        "AIDriver.Policy.Epsilon.mean": {
            "value": 0.19680491325555557,
            "min": 0.19680491325555557,
            "max": 0.19890399422857138,
            "count": 211
        },
        "AIDriver.Policy.Epsilon.sum": {
            "value": 1.7712442193000002,
            "min": 1.3923279595999998,
            "max": 1.9889513606000002,
            "count": 211
        },
        "AIDriver.Policy.Beta.mean": {
            "value": 0.00048434407495222216,
            "min": 0.00048434407495222216,
            "max": 0.00049462957172,
            "count": 211
        },
        "AIDriver.Policy.Beta.sum": {
            "value": 0.0043590966745699995,
            "min": 0.00346240700204,
            "max": 0.00494586166694,
            "count": 211
        },
        "AIDriver.IsTraining.mean": {
            "value": 1.0,
            "min": 1.0,
            "max": 1.0,
            "count": 211
        },
        "AIDriver.IsTraining.sum": {
            "value": 1.0,
            "min": 1.0,
            "max": 1.0,
            "count": 211
        }
    },
    "metadata": {
        "timer_format_version": "0.1.0",
        "start_time_seconds": "1639605081",
        "python_version": "3.7.9 (tags/v3.7.9:13c94747c7, Aug 17 2020, 18:58:18) [MSC v.1900 64 bit (AMD64)]",
        "command_line_arguments": "C:\\Users\\Student\\OneDrive - Loughborough University\\Documents\\GitHub\\AIDriver\\AIDriver\\venv\\Scripts\\mlagents-learn config/AIDriverImitation5.yaml --run-id=8AIDriver18 --resume",
        "mlagents_version": "0.27.0",
        "mlagents_envs_version": "0.27.0",
        "communication_protocol_version": "1.5.0",
        "pytorch_version": "1.7.0+cu110",
        "numpy_version": "1.21.2",
        "end_time_seconds": "1639659507"
    },
    "total": 54426.7642943,
    "count": 1,
    "self": 0.0048357999985455535,
    "children": {
        "run_training.setup": {
            "total": 0.07752920000000008,
            "count": 1,
            "self": 0.07752920000000008
        },
        "TrainerController.start_learning": {
            "total": 54426.6819293,
            "count": 1,
            "self": 21.99941490047786,
            "children": {
                "TrainerController._reset_env": {
                    "total": 5.951059300000001,
                    "count": 1,
                    "self": 5.951059300000001
                },
                "TrainerController.advance": {
                    "total": 54398.67593509952,
                    "count": 661475,
                    "self": 22.02594830036105,
                    "children": {
                        "env_step": {
                            "total": 41430.50143039945,
                            "count": 661475,
                            "self": 37778.7912261992,
                            "children": {
                                "SubprocessEnvManager._take_step": {
                                    "total": 3638.5486486975933,
                                    "count": 661475,
                                    "self": 67.23354729849416,
                                    "children": {
                                        "TorchPolicy.evaluate": {
                                            "total": 3571.315101399099,
                                            "count": 661475,
                                            "self": 1302.8358485994568,
                                            "children": {
                                                "TorchPolicy.sample_actions": {
                                                    "total": 2268.4792527996424,
                                                    "count": 661475,
                                                    "self": 2268.4792527996424
                                                }
                                            }
                                        }
                                    }
                                },
                                "workers": {
                                    "total": 13.161555502650417,
                                    "count": 661474,
                                    "self": 0.0,
                                    "children": {
                                        "worker_root": {
                                            "total": 54390.59812079793,
                                            "count": 661474,