{
    "name": "root",
    "gauges": {
        "AIDriver.Policy.Entropy.mean": {
            "value": -0.032903220504522324,
            "min": -0.3613699972629547,
            "max": 0.18312330543994904,
            "count": 71
        },
        "AIDriver.Policy.Entropy.sum": {
            "value": -3285.0576171875,
            "min": -34613.45703125,
            "max": 18001.75390625,
            "count": 71
        },
        "AIDriver.Step.mean": {
            "value": 29899967.0,
            "min": 22899982.0,
            "max": 29899967.0,
            "count": 71
        },
        "AIDriver.Step.sum": {
            "value": 29899967.0,
            "min": 22899982.0,
            "max": 29899967.0,
            "count": 71
        },
        "AIDriver.Policy.ExtrinsicValueEstimate.mean": {
            "value": 38.21602249145508,
            "min": 1.9593167304992676,
            "max": 50.843482971191406,
            "count": 71
        },
        "AIDriver.Policy.ExtrinsicValueEstimate.sum": {
            "value": 60763.4765625,
            "min": 3068.2900390625,
            "max": 80891.984375,
            "count": 71
        },
        "AIDriver.Losses.PolicyLoss.mean": {
            "value": 0.0588904547402547,
            "min": 0.04702052246321011,
            "max": 1.0424290452765468,
            "count": 71
        },
        "AIDriver.Losses.PolicyLoss.sum": {
            "value": 0.5300140926622923,
            "min": 0.17979730850735604,
            "max": 10.424290452765469,
            "count": 71
        },
        "AIDriver.Losses.ValueLoss.mean": {
            "value": 11.962461870311076,
            "min": 0.40031377810131136,
            "max": 21.186921912926,
            "count": 71
        },
        "AIDriver.Losses.ValueLoss.sum": {
            "value": 107.66215683279968,
            "min": 1.2009413343039341,
            "max": 211.86921912926,
            "count": 71
        },
        "AIDriver.Policy.LearningRate.mean": {
            "value": 0.00029104491668502873,
            "min": 0.00029104491668502873,
            "max": 0.00029313739968753416,
            "count": 71
        },
        "AIDriver.Policy.LearningRate.sum": {
            "value": 0.002619404250165259,
            "min": 0.0008794121990626025,
            "max": 0.002920950612249805,
            "count": 71
        },
        "AIDriver.Policy.Epsilon.mean": {
            "value": 0.19701497123333336,
            "min": 0.19701497123333336,
            "max": 0.19771246580000001,
            "count": 71
        },
        "AIDriver.Policy.Epsilon.sum": {
            "value": 1.7731347411000002,
            "min": 0.5931373974,
            "max": 1.9736501953000003,
            "count": 71
        },
        "AIDriver.Policy.Beta.mean": {
            "value": 0.00048537335904333336,
            "min": 0.00048537335904333336,
            "max": 0.0004887910824199999,
            "count": 71
        },
        "AIDriver.Policy.Beta.sum": {
            "value": 0.00436836023139,
            "min": 0.0014663732472599998,
            "max": 0.00487088595697,
            "count": 71
        },
        "AIDriver.IsTraining.mean": {
            "value": 1.0,
            "min": 1.0,
            "max": 1.0,
            "count": 71
        },
        "AIDriver.IsTraining.sum": {
            "value": 1.0,
            "min": 1.0,
            "max": 1.0,
            "count": 71
        },
        "AIDriver.Environment.EpisodeLength.mean": {
            "value": 1498.9032258064517,
            "min": 738.8333333333334,
            "max": 2984.5391705069123,
            "count": 67
        },
        "AIDriver.Environment.EpisodeLength.sum": {
            "value": 92932.0,
            "min": 4433.0,
            "max": 647645.0,
            "count": 67
        },
        "AIDriver.Environment.CumulativeReward.mean": {
            "value": 732.8774615092069,
            "min": -9.290510330267315,
            "max": 895.1581370298024,
            "count": 67
        },
        "AIDriver.Environment.CumulativeReward.sum": {
            "value": 45438.402613570826,
            "min": -27.871530990801944,
            "max": 77765.93264690223,
            "count": 67
        },
        "AIDriver.Policy.ExtrinsicReward.mean": {
            "value": 732.8774615092069,
            "min": -9.290510330267315,
            "max": 895.1581370298024,
            "count": 67
        },
        "AIDriver.Policy.ExtrinsicReward.sum": {
            "value": 45438.402613570826,
            "min": -27.871530990801944,
            "max": 77765.93264690223,
            "count": 67
        }
    },
    "metadata": {
        "timer_format_version": "0.1.0",
        "start_time_seconds": "1631399482",
        "python_version": "3.7.9 (tags/v3.7.9:13c94747c7, Aug 17 2020, 18:58:18) [MSC v.1900 64 bit (AMD64)]",
        "command_line_arguments": "C:\\Users\\Student\\Documents\\GitHub\\AIDriver\\AIDriver\\venv\\Scripts\\mlagents-learn config/AIDriverImitation5.yaml --run-id=8AIDriver3 --resume",
        "mlagents_version": "0.27.0",
        "mlagents_envs_version": "0.27.0",
        "communication_protocol_version": "1.5.0",
        "pytorch_version": "1.7.0+cu110",
        "numpy_version": "1.21.1",
        "end_time_seconds": "1631404431"
    },
    "total": 4949.5231449,
    "count": 1,
    "self": 0.006182199999784643,
    "children": {
        "run_training.setup": {
            "total": 0.08105390000000012,
            "count": 1,
            "self": 0.08105390000000012
        },
        "TrainerController.start_learning": {
            "total": 4949.4359088,
            "count": 1,
            "self": 0.813359899993884,
            "children": {
                "TrainerController._reset_env": {
                    "total": 5.4979233999999995,
                    "count": 1,
                    "self": 5.4979233999999995
                },
                "TrainerController.advance": {
                    "total": 4943.052731700007,
                    "count": 27718,
                    "self": 0.8752030000105151,
                    "children": {
                        "env_step": {
                            "total": 2491.368421000013,
                            "count": 27718,
                            "self": 2403.8306759000143,
                            "children": {
                                "SubprocessEnvManager._take_step": {
                                    "total": 87.12668199999973,
                                    "count": 27718,
                                    "self": 4.826775999943649,
                                    "children": {
                                        "TorchPolicy.evaluate": {
                                            "total": 82.29990600005608,
                                            "count": 27718,
                                            "self": 26.289184500046417,
                                            "children": {
                                                "TorchPolicy.sample_actions": {
                                                    "total": 56.010721500009666,
                                                    "count": 27718,
                                                    "self": 56.010721500009666
                                                }
                                            }
                                        }
                                    }
                                },
                                "workers": {
                                    "total": 0.41106309999896684,
                                    "count": 27717,
                                    "self": 0.0,
                                    "children": {
                                        "worker_root": {
                                            "total": 4943.621397600006,
                                            "count": 27717,