{
    "name": "root",
    "gauges": {
        "AIDriver.Policy.Entropy.mean": {
            "value": -0.09622969478368759,
            "min": -0.09622969478368759,
            "max": -0.02723909355700016,
            "count": 24
        },
        "AIDriver.Policy.Entropy.sum": {
            "value": -9601.4140625,
            "min": -9601.4140625,
            "max": -2728.267578125,
            "count": 24
        },
        "AIDriver.Step.mean": {
            "value": 5599987.0,
            "min": 3299963.0,
            "max": 5599987.0,
            "count": 24
        },
        "AIDriver.Step.sum": {
            "value": 5599987.0,
            "min": 3299963.0,
            "max": 5599987.0,
            "count": 24
        },
        "AIDriver.Policy.ExtrinsicValueEstimate.mean": {
            "value": 36.268924713134766,
            "min": -1.866424560546875,
            "max": 36.268924713134766,
            "count": 24
        },
        "AIDriver.Policy.ExtrinsicValueEstimate.sum": {
            "value": 58392.96875,
            "min": -1592.875,
            "max": 58392.96875,
            "count": 24
        },
        "AIDriver.Losses.PolicyLoss.mean": {
            "value": 0.04994727341846253,
            "min": 0.047925086383474994,
            "max": 0.058095567183336236,
            "count": 24
        },
        "AIDriver.Losses.PolicyLoss.sum": {
            "value": 0.4994727341846253,
            "min": 0.10664423918610232,
            "max": 0.5809556718333624,
            "count": 24
        },
        "AIDriver.Losses.ValueLoss.mean": {
            "value": 319.2112349319458,
            "min": 0.19042741500595023,
            "max": 377.2207023525238,
            "count": 24
        },
        "AIDriver.Losses.ValueLoss.sum": {
            "value": 3192.112349319458,
            "min": 1.713846735053552,
            "max": 3772.207023525238,
            "count": 24
        },
        "AIDriver.Policy.LearningRate.mean": {
            "value": 0.0002983343286452239,
            "min": 0.0002983343286452239,
            "max": 0.000299014668328444,
            "count": 24
        },
        "AIDriver.Policy.LearningRate.sum": {
            "value": 0.002983343286452239,
            "min": 0.000598029336656888,
            "max": 0.002989955321148227,
            "count": 24
        },
        "AIDriver.Policy.Epsilon.mean": {
            "value": 0.19944477602999997,
            "min": 0.19944477602999997,
            "max": 0.199671556,
            "count": 24
        },
        "AIDriver.Policy.Epsilon.sum": {
            "value": 1.9944477602999997,
            "min": 0.399343112,
            "max": 1.9966517726,
            "count": 24
        },
        "AIDriver.Policy.Beta.mean": {
            "value": 0.0004972794025470001,
            "min": 0.0004972794025470001,
            "max": 0.0004983906244,
            "count": 24
        },
        "AIDriver.Policy.Beta.sum": {
            "value": 0.00497279402547,
            "min": 0.0009967812488,
            "max": 0.00498359368574,
            "count": 24
        },
        "AIDriver.Environment.EpisodeLength.mean": {
            "value": 1056.2871287128712,
            "min": 430.03846153846155,
            "max": 1651.6883116883116,
            "count": 24
        },
        "AIDriver.Environment.EpisodeLength.sum": {
            "value": 106685.0,
            "min": 19696.0,
            "max": 135999.0,
            "count": 24
        },
        "AIDriver.Environment.CumulativeReward.mean": {
            "value": 323.302907547536,
            "min": -8.785325698933912,
            "max": 323.302907547536,
            "count": 24
        },
        "AIDriver.Environment.CumulativeReward.sum": {
            "value": 32653.593662301137,
            "min": -1221.1602721518138,
            "max": 34544.293810220246,
            "count": 24
        },
        "AIDriver.Policy.ExtrinsicReward.mean": {
            "value": 323.302907547536,
            "min": -8.785325698933912,
            "max": 323.302907547536,
            "count": 24
        },
        "AIDriver.Policy.ExtrinsicReward.sum": {
            "value": 32653.593662301137,
            "min": -1221.1602721518138,
            "max": 34544.293810220246,
            "count": 24
        },
        "AIDriver.IsTraining.mean": {
            "value": 1.0,
            "min": 1.0,
            "max": 1.0,
            "count": 24
        },
        "AIDriver.IsTraining.sum": {
            "value": 1.0,
            "min": 1.0,
            "max": 1.0,
            "count": 24
        }
    },
    "metadata": {
        "timer_format_version": "0.1.0",
        "start_time_seconds": "1639784615",
        "python_version": "3.7.9 (tags/v3.7.9:13c94747c7, Aug 17 2020, 18:58:18) [MSC v.1900 64 bit (AMD64)]",
        "command_line_arguments": "C:\\Users\\Student\\OneDrive - Loughborough University\\Documents\\GitHub\\AIDriver\\AIDriver\\venv\\Scripts\\mlagents-learn config/AIDriverImitation5.yaml --run-id=8AIDriver17 --resume",
        "mlagents_version": "0.27.0",
        "mlagents_envs_version": "0.27.0",
        "communication_protocol_version": "1.5.0",
        "pytorch_version": "1.7.0+cu110",
        "numpy_version": "1.21.2",
        "end_time_seconds": "1639787049"
    },
    "total": 2434.4481418,
    "count": 1,
    "self": 0.004716400000233989,
    "children": {
        "run_training.setup": {
            "total": 0.08478790000000003,
            "count": 1,
            "self": 0.08478790000000003
        },
        "TrainerController.start_learning": {
            "total": 2434.3586375,
            "count": 1,
            "self": 0.9593070999840165,
            "children": {
                "TrainerController._reset_env": {
                    "total": 7.1420721,
                    "count": 1,
                    "self": 7.1420721
                },
                "TrainerController.advance": {
                    "total": 2426.1938480000163,
                    "count": 37808,
                    "self": 0.8903074999980163,
                    "children": {
                        "env_step": {
                            "total": 1565.6587305999994,
                            "count": 37808,
                            "self": 1449.6250647000084,
                            "children": {
                                "SubprocessEnvManager._take_step": {
                                    "total": 115.50889339998882,
                                    "count": 37808,
                                    "self": 3.113302399995547,
                                    "children": {
                                        "TorchPolicy.evaluate": {
                                            "total": 112.39559099999327,
                                            "count": 37808,
                                            "self": 38.92216049997633,
                                            "children": {
                                                "TorchPolicy.sample_actions": {
                                                    "total": 73.47343050001695,
                                                    "count": 37808,
                                                    "self": 73.47343050001695
                                                }
                                            }
                                        }
                                    }
                                },
                                "workers": {
                                    "total": 0.5247725000023848,
                                    "count": 37807,
                                    "self": 0.0,
                                    "children": {
                                        "worker_root": {
                                            "total": 2426.924692900025,
                                            "count": 37807,
                                            "is_parallel": true,