{
    "name": "root",
    "gauges": {
        "AIDriver.Policy.Entropy.mean": {
            "value": -0.3426415026187897,
            "min": -0.3426415026187897,
            "max": 0.3696458637714386,
            "count": 74
        },
        "AIDriver.Policy.Entropy.sum": {
            "value": -34340.90234375,
            "min": -34340.90234375,
            "max": 37106.53125,
            "count": 74
        },
        "AIDriver.Step.mean": {
            "value": 7399972.0,
            "min": 99945.0,
            "max": 7399972.0,
            "count": 74
        },
        "AIDriver.Step.sum": {
            "value": 7399972.0,
            "min": 99945.0,
            "max": 7399972.0,
            "count": 74
        },
        "AIDriver.Policy.ExtrinsicValueEstimate.mean": {
            "value": 27.036043167114258,
            "min": 24.89132308959961,
            "max": 30.125720977783203,
            "count": 74
        },
        "AIDriver.Policy.ExtrinsicValueEstimate.sum": {
            "value": 43014.34375,
            "min": 39602.09375,
            "max": 47689.015625,
            "count": 74
        },
        "AIDriver.Environment.EpisodeLength.mean": {
            "value": 1867.1929824561403,
            "min": 317.6470588235294,
            "max": 2478.810810810811,
            "count": 74
        },
        "AIDriver.Environment.EpisodeLength.sum": {
            "value": 106430.0,
            "min": 5400.0,
            "max": 139406.0,
            "count": 74
        },
        "AIDriver.Environment.CumulativeReward.mean": {
            "value": 484.8735825288428,
            "min": -20.532233892768787,
            "max": 708.0745285407473,
            "count": 74
        },
        "AIDriver.Environment.CumulativeReward.sum": {
            "value": 27637.79420414404,
            "min": -349.04797617706936,
            "max": 36552.04548169975,
            "count": 74
        },
        "AIDriver.Policy.ExtrinsicReward.mean": {
            "value": 484.8735825288428,
            "min": -20.532233892768787,
            "max": 708.0745285407473,
            "count": 74
        },
        "AIDriver.Policy.ExtrinsicReward.sum": {
            "value": 27637.79420414404,
            "min": -349.04797617706936,
            "max": 36552.04548169975,
            "count": 74
        },
        "AIDriver.Losses.PolicyLoss.mean": {
            "value": 0.049392483001962924,
            "min": 0.047520747416613926,
            "max": 0.054318267413182186,
            "count": 74
        },
        "AIDriver.Losses.PolicyLoss.sum": {
            "value": 0.4939248300196292,
            "min": 0.4288070927839726,
            "max": 0.5431826741318219,
            "count": 74
        },
        "AIDriver.Losses.ValueLoss.mean": {
            "value": 34.858783858617144,
            "min": 13.89242689967646,
            "max": 261.8125862748449,
            "count": 74
        },
        "AIDriver.Losses.ValueLoss.sum": {
            "value": 348.5878385861714,
            "min": 125.03184209708814,
            "max": 2618.125862748449,
            "count": 74
        },
        "AIDriver.Policy.LearningRate.mean": {
            "value": 0.00029779497259500935,
            "min": 0.00029779497259500935,
            "max": 0.00029998444197185266,
            "count": 74
        },
        "AIDriver.Policy.LearningRate.sum": {
            "value": 0.0029779497259500936,
            "min": 0.0026806962541345834,
            "max": 0.00299954837865054,
            "count": 74
        },
        "AIDriver.Policy.Epsilon.mean": {
            "value": 0.19926499062,
            "min": 0.19926499062,
            "max": 0.19999481398888888,
            "count": 74
        },
        "AIDriver.Policy.Epsilon.sum": {
            "value": 1.9926499062,
            "min": 1.7935654159000003,
            "max": 1.9998494595000003,
            "count": 74
        },
        "AIDriver.Policy.Beta.mean": {
            "value": 0.000496398454038,
            "min": 0.000496398454038,
            "max": 0.0004999745885455555,
            "count": 74
        },
        "AIDriver.Policy.Beta.sum": {
            "value": 0.004963984540380001,
            "min": 0.00446847053791,
            "max": 0.004999262351550001,
            "count": 74
        },
        "AIDriver.IsTraining.mean": {
            "value": 1.0,
            "min": 1.0,
            "max": 1.0,
            "count": 74
        },
        "AIDriver.IsTraining.sum": {
            "value": 1.0,
            "min": 1.0,
            "max": 1.0,
            "count": 74
        }
    },
    "metadata": {
        "timer_format_version": "0.1.0",
        "start_time_seconds": "1639496991",
        "python_version": "3.7.9 (tags/v3.7.9:13c94747c7, Aug 17 2020, 18:58:18) [MSC v.1900 64 bit (AMD64)]",
        "command_line_arguments": "C:\\Users\\Student\\OneDrive - Loughborough University\\Documents\\GitHub\\AIDriver\\AIDriver\\venv\\Scripts\\mlagents-learn config/AIDriverImitation5.yaml --initialize-from=8AIDriver15 --run-id=8AIDriver16",
        "mlagents_version": "0.27.0",
        "mlagents_envs_version": "0.27.0",
        "communication_protocol_version": "1.5.0",
        "pytorch_version": "1.7.0+cu110",
        "numpy_version": "1.21.2",
        "end_time_seconds": "1639506663"
    },
    "total": 9671.328100499999,
    "count": 1,
    "self": 0.004534799998509698,
    "children": {
        "run_training.setup": {
            "total": 0.06814219999999993,
            "count": 1,
            "self": 0.06814219999999993
        },
        "TrainerController.start_learning": {
            "total": 9671.2554235,
            "count": 1,
            "self": 5.011909099544937,
            "children": {
                "TrainerController._reset_env": {
                    "total": 6.9702457,
                    "count": 1,
                    "self": 6.9702457
                },
                "TrainerController.advance": {
                    "total": 9659.213822500456,
                    "count": 233093,
                    "self": 5.154074600477543,
                    "children": {
                        "env_step": {
                            "total": 7158.099572299964,
                            "count": 233093,
                            "self": 6400.603610899747,
                            "children": {
                                "SubprocessEnvManager._take_step": {
                                    "total": 754.2784274001592,
                                    "count": 233093,
                                    "self": 14.388253000136274,
                                    "children": {
                                        "TorchPolicy.evaluate": {
                                            "total": 739.8901744000229,
                                            "count": 233093,
                                            "self": 289.3986998002057,
                                            "children": {
                                                "TorchPolicy.sample_actions": {
                                                    "total": 450.49147459981725,
                                                    "count": 233093,
                                                    "self": 450.49147459981725
                                                }
                                            }
                                        }
                                    }
                                },
                                "workers": {
                                    "total": 3.2175340000578334,
                                    "count": 233092,
                                    "self": 0.0,
                                    "children": {
                                        "worker_root": {
                                            "total": 9655.96621689957,
                                            "count": 233092,