{
    "name": "root",
    "gauges": {
        "AIDriver.Policy.Entropy.mean": {
            "value": -0.10022890567779541,
            "min": -0.10914238542318344,
            "max": -0.04120710864663124,
            "count": 23
        },
        "AIDriver.Policy.Entropy.sum": {
            "value": -10022.890625,
            "min": -10903.7607421875,
            "max": -822.1640625,
            "count": 23
        },
        "AIDriver.Step.mean": {
            "value": 20699981.0,
            "min": 18499944.0,
            "max": 20699981.0,
            "count": 23
        },
        "AIDriver.Step.sum": {
            "value": 20699981.0,
            "min": 18499944.0,
            "max": 20699981.0,
            "count": 23
        },
        "AIDriver.Policy.ExtrinsicValueEstimate.mean": {
            "value": 25.265233993530273,
            "min": 21.90445899963379,
            "max": 27.584575653076172,
            "count": 23
        },
        "AIDriver.Policy.ExtrinsicValueEstimate.sum": {
            "value": 39969.6015625,
            "min": 3395.191162109375,
            "max": 43197.4453125,
            "count": 23
        },
        "AIDriver.Environment.EpisodeLength.mean": {
            "value": 2283.181818181818,
            "min": 235.0,
            "max": 2659.2894736842104,
            "count": 23
        },
        "AIDriver.Environment.EpisodeLength.sum": {
            "value": 100460.0,
            "min": 235.0,
            "max": 136414.0,
            "count": 23
        },
        "AIDriver.Environment.CumulativeReward.mean": {
            "value": 617.5403700142541,
            "min": -24.32568859308958,
            "max": 749.0969097888293,
            "count": 23
        },
        "AIDriver.Environment.CumulativeReward.sum": {
            "value": 27171.77628062718,
            "min": -146.36830533482134,
            "max": 35855.87827285146,
            "count": 23
        },
        "AIDriver.Policy.ExtrinsicReward.mean": {
            "value": 617.5403700142541,
            "min": -24.32568859308958,
            "max": 749.0969097888293,
            "count": 23
        },
        "AIDriver.Policy.ExtrinsicReward.sum": {
            "value": 27171.77628062718,
            "min": -146.36830533482134,
            "max": 35855.87827285146,
            "count": 23
        },
        "AIDriver.IsTraining.mean": {
            "value": 1.0,
            "min": 1.0,
            "max": 1.0,
            "count": 23
        },
        "AIDriver.IsTraining.sum": {
            "value": 1.0,
            "min": 1.0,
            "max": 1.0,
            "count": 23
        },
        "AIDriver.Losses.PolicyLoss.mean": {
            "value": 0.04872594641909624,
            "min": 0.047593947670538914,
            "max": 0.05280855652410536,
            "count": 22
        },
        "AIDriver.Losses.PolicyLoss.sum": {
            "value": 0.48725946419096244,
            "min": 0.42968417156565314,
            "max": 0.5280855652410537,
            "count": 22
        },
        "AIDriver.Losses.ValueLoss.mean": {
            "value": 35.41974182128906,
            "min": 15.971143805980683,
            "max": 42.61877461053706,
            "count": 22
        },
        "AIDriver.Losses.ValueLoss.sum": {
            "value": 354.19741821289057,
            "min": 159.71143805980682,
            "max": 383.56897149483353,
            "count": 22
        },
        "AIDriver.Policy.LearningRate.mean": {
            "value": 0.0002938054627748464,
            "min": 0.0002938054627748464,
            "max": 0.00029443577555474207,
            "count": 22
        },
        "AIDriver.Policy.LearningRate.sum": {
            "value": 0.0029380546277484637,
            "min": 0.002644513421895532,
            "max": 0.0029443577555474205,
            "count": 22
        },
        "AIDriver.Policy.Epsilon.mean": {
            "value": 0.19793515357000002,
            "min": 0.19793515357000002,
            "max": 0.19814525789999998,
            "count": 22
        },
        "AIDriver.Policy.Epsilon.sum": {
            "value": 1.9793515357000002,
            "min": 1.7815044677999998,
            "max": 1.981452579,
            "count": 22
        },
        "AIDriver.Policy.Beta.mean": {
            "value": 0.0004898822524929999,
            "min": 0.0004898822524929999,
            "max": 0.0004909117637099999,
            "count": 22
        },
        "AIDriver.Policy.Beta.sum": {
            "value": 0.004898822524929999,
            "min": 0.00440937189222,
            "max": 0.004909117637099999,
            "count": 22
        }
    },
    "metadata": {
        "timer_format_version": "0.1.0",
        "start_time_seconds": "1639564158",
        "python_version": "3.7.9 (tags/v3.7.9:13c94747c7, Aug 17 2020, 18:58:18) [MSC v.1900 64 bit (AMD64)]",
        "command_line_arguments": "C:\\Users\\Student\\OneDrive - Loughborough University\\Documents\\GitHub\\AIDriver\\AIDriver\\venv\\Scripts\\mlagents-learn config/AIDriverImitation5.yaml --run-id=8AIDriver16 --resume",
        "mlagents_version": "0.27.0",
        "mlagents_envs_version": "0.27.0",
        "communication_protocol_version": "1.5.0",
        "pytorch_version": "1.7.0+cu110",
        "numpy_version": "1.21.2",
        "end_time_seconds": "1639568218"
    },
    "total": 4059.3012903999997,
    "count": 1,
    "self": 0.004535499999747117,
    "children": {
        "run_training.setup": {
            "total": 0.14044800000000013,
            "count": 1,
            "self": 0.14044800000000013
        },
        "TrainerController.start_learning": {
            "total": 4059.1563069,
            "count": 1,
            "self": 1.4668277000259877,
            "children": {
                "TrainerController._reset_env": {
                    "total": 12.610854400000001,
                    "count": 1,
                    "self": 12.610854400000001
                },
                "TrainerController.advance": {
                    "total": 4045.0222455999747,
                    "count": 72105,
                    "self": 1.397078399991642,
                    "children": {
                        "env_step": {
                            "total": 3281.8405472999807,
                            "count": 72105,
                            "self": 3051.929018000047,
                            "children": {
                                "SubprocessEnvManager._take_step": {
                                    "total": 228.95239029994477,
                                    "count": 72105,
                                    "self": 4.103173899961433,
                                    "children": {
                                        "TorchPolicy.evaluate": {
                                            "total": 224.84921639998333,
                                            "count": 72105,
                                            "self": 87.9694553000709,
                                            "children": {
                                                "TorchPolicy.sample_actions": {
                                                    "total": 136.87976109991243,
                                                    "count": 72105,
                                                    "self": 136.87976109991243
                                                }
                                            }
                                        }
                                    }
                                },
                                "workers": {
                                    "total": 0.9591389999890048,
                                    "count": 72104,
                                    "self": 0.0,
                                    "children": {
                                        "worker_root": {
                                            "total": 4045.5119125999063,
                                            "count": 72104,