{"count":1,"self":3504.5572607999998,"total":23872.130192999997,"children":{"InitializeActuators":{"count":64,"self":0.0015003,"total":0.0015003,"children":null},"InitializeSensors":{"count":64,"self":0.0030004999999999997,"total":0.0030004999999999997,"children":null},"AgentSendState":{"count":238546,"self":854.9818368,"total":1038.8568022,"children":{"CollectObservations":{"count":15266944,"self":8.7101096,"total":8.7101095,"children":null},"WriteActionMask":{"count":15266944,"self":10.810623999999999,"total":10.810623999999999,"children":null},"RequestDecision":{"count":15266944,"self":24.8640032,"total":164.3542309,"children":{"AgentInfo.ToProto":{"count":15266944,"self":23.183448,"total":139.4902285,"children":{"GenerateSensorData":{"count":15266944,"self":95.66643839999999,"total":116.3067799,"children":{"RayPerceptionSensor.Perceive":{"count":15266944,"self":20.640342399999998,"total":20.6403419,"children":null}}}}}}}}},"DecideAction":{"count":238546,"self":19295.346687999998,"total":19295.346577,"children":null},"AgentAct":{"count":238546,"self":32.6955904,"total":32.7431122,"children":{"AgentInfo.ToProto":{"count":1516,"self":0.0070052,"total":0.0475228,"children":{"GenerateSensorData":{"count":1516,"self":0.036514899999999996,"total":0.0405176,"children":{"RayPerceptionSensor.Perceive":{"count":1516,"self":0.0040027,"total":0.0040027,"children":null}}}}}}},"AgentInfo.ToProto":{"count":19298,"self":0.1375462,"total":0.6205638,"children":{"GenerateSensorData":{"count":19298,"self":0.445637,"total":0.4830176,"children":{"RayPerceptionSensor.Perceive":{"count":19298,"self":0.0373806,"total":0.0373806,"children":null}}}}}},"gauges":{"AIDriver.CumulativeReward":{"count":20814,"max":454.342957,"min":-579.6408,"runningAverage":59.2138,"value":77.21084,"weightedAverage":83.22122}},"metadata":{"timer_format_version":"0.1.0","start_time_seconds":"1629722771","unity_version":"2020.3.16f1","command_line_arguments":"C:\\Program Files\\Unity\\Hub\\Editor\\2020.3.16f1\\Editor\\Unity.exe -projectpath C:\/Users\/Student\/Documents\/GitHub\/AIDriver\/AIDriver -useHub -hubIPC -cloudEnvironment production -hubSessionId 55f5afb0-01f6-11ec-83ef-ebadbc29e7ee -accessToken dai1rd2MjqFU236oGE584KyQFf73rCmHNY4FDN1zTE4005f","communication_protocol_version":"1.5.0","com.unity.ml-agents_version":"2.1.0-exp.1","scene_name":"SampleScene","end_time_seconds":"1629746643"}}