{"count":1,"self":16718.2401536,"total":58923.864126099994,"children":{"InitializeActuators":{"count":256,"self":0.0058414999999999995,"total":0.0058414999999999995,"children":null},"InitializeSensors":{"count":256,"self":0.0077873,"total":0.0077873,"children":null},"AgentSendState":{"count":325809,"self":5436.9476607999995,"total":7015.2826631,"children":{"CollectObservations":{"count":83407104,"self":147.6648064,"total":147.6648011,"children":null},"WriteActionMask":{"count":83407104,"self":53.2665504,"total":53.2665515,"children":null},"RequestDecision":{"count":83407104,"self":134.5132672,"total":1377.4035264,"children":{"AgentInfo.ToProto":{"count":83407104,"self":106.3462464,"total":1242.8902592,"children":{"GenerateSensorData":{"count":83407104,"self":971.1591424,"total":1136.5440102,"children":{"RayPerceptionSensor.Perceive":{"count":166814208,"self":165.384832,"total":165.3848349,"children":null}}}}}}}}},"DecideAction":{"count":325809,"self":35012.8963584,"total":35012.8955003,"children":null},"AgentAct":{"count":325809,"self":174.3931264,"total":174.407041,"children":{"AgentInfo.ToProto":{"count":619,"self":0.0019226,"total":0.0139145,"children":{"GenerateSensorData":{"count":619,"self":0.0119919,"total":0.0119919,"children":{"RayPerceptionSensor.Perceive":{"count":1238,"self":0,"total":0,"children":null}}}}}}},"AgentInfo.ToProto":{"count":71995,"self":0.5514799,"total":3.0237043,"children":{"GenerateSensorData":{"count":71995,"self":2.2860755999999998,"total":2.4722244,"children":{"RayPerceptionSensor.Perceive":{"count":143990,"self":0.1861488,"total":0.1861488,"children":null}}}}}},"gauges":{"AIDriver.CumulativeReward":{"count":72614,"max":927.6247,"min":-352.719482,"runningAverage":558.7675,"value":918.4408,"weightedAverage":711.776062}},"metadata":{"timer_format_version":"0.1.0","start_time_seconds":"1630717973","unity_version":"2020.3.16f1","command_line_arguments":"C:\\Program Files\\Unity\\Hub\\Editor\\2020.3.16f1\\Editor\\Unity.exe -projectpath C:\/Users\/Student\/Documents\/GitHub\/AIDriver\/AIDriver -useHub -hubIPC -cloudEnvironment production -hubSessionId 1e3e5890-0824-11ec-9376-61fb78e16adb -accessToken BXseeyQPsSpNkhdnAKqfuC1Zo75-3no0llAo4N4ee-0005f","communication_protocol_version":"1.5.0","com.unity.ml-agents_version":"2.1.0-exp.1","scene_name":"SampleScene","end_time_seconds":"1630776897"}}