{"count":1,"self":11826.7772928,"total":33626.9449882,"children":{"InitializeActuators":{"count":64,"self":0.0030006,"total":0.0030006,"children":null},"InitializeSensors":{"count":64,"self":0.0040005,"total":0.0040005,"children":null},"AgentSendState":{"count":205282,"self":2215.6363776,"total":3232.3254278,"children":{"CollectObservations":{"count":13138048,"self":68.0114624,"total":68.0114609,"children":null},"WriteActionMask":{"count":13138048,"self":28.53248,"total":28.5324794,"children":null},"RequestDecision":{"count":13138048,"self":83.9026944,"total":920.1451152,"children":{"AgentInfo.ToProto":{"count":13138048,"self":79.841504,"total":836.24241869999992,"children":{"GenerateSensorData":{"count":13138048,"self":664.4158976,"total":756.4009119,"children":{"RayPerceptionSensor.Perceive":{"count":26276096,"self":91.985024,"total":91.985022399999991,"children":null}}}}}}}}},"DecideAction":{"count":205282,"self":18513.911808,"total":18513.9122688,"children":null},"AgentAct":{"count":205282,"self":53.2701888,"total":53.540679,"children":{"AgentInfo.ToProto":{"count":2839,"self":0.031006,"total":0.27048869999999997,"children":{"GenerateSensorData":{"count":2839,"self":0.20506749999999999,"total":0.2394827,"children":{"RayPerceptionSensor.Perceive":{"count":5678,"self":0.0344152,"total":0.0344152,"children":null}}}}}}},"AgentInfo.ToProto":{"count":3266,"self":0.053084099999999995,"total":0.3813399,"children":{"GenerateSensorData":{"count":3266,"self":0.2952314,"total":0.3282558,"children":{"RayPerceptionSensor.Perceive":{"count":6532,"self":0.033024399999999995,"total":0.033024399999999995,"children":null}}}}}},"gauges":{"AIDriver.CumulativeReward":{"count":6105,"max":1011.53613,"min":-3565.57373,"runningAverage":431.590271,"value":601.4486,"weightedAverage":407.738556}},"metadata":{"timer_format_version":"0.1.0","start_time_seconds":"1637885823","unity_version":"2020.3.16f1","command_line_arguments":"C:\\Program Files\\Unity\\Hub\\Editor\\2020.3.16f1\\Editor\\Unity.exe -projectpath C:\/Users\/Student\/OneDrive - Loughborough University\/Documents\/GitHub\/AIDriver\/AIDriver -useHub -hubIPC -cloudEnvironment production -hubSessionId f7ce1810-4e4d-11ec-aeaf-eb76455ecd0e","communication_protocol_version":"1.5.0","com.unity.ml-agents_version":"2.1.0-exp.1","scene_name":"SampleScene","end_time_seconds":"1637919450"}}