{"count":1,"self":12237.2112384,"total":40989.1704627,"children":{"InitializeActuators":{"count":256,"self":0.0158297,"total":0.0158297,"children":null},"InitializeSensors":{"count":256,"self":0.0391003,"total":0.0391003,"children":null},"AgentSendState":{"count":206656,"self":3852.566528,"total":4915.3769629,"children":{"CollectObservations":{"count":52903936,"self":100.7804096,"total":100.78040709999999,"children":null},"WriteActionMask":{"count":52903936,"self":32.372393599999995,"total":32.372394199999995,"children":null},"RequestDecision":{"count":52903936,"self":86.577382399999991,"total":929.65754729999992,"children":{"AgentInfo.ToProto":{"count":52903936,"self":71.4481536,"total":843.08016249999991,"children":{"GenerateSensorData":{"count":52903936,"self":661.1914752,"total":771.6320109,"children":{"RayPerceptionSensor.Perceive":{"count":105807872,"self":110.4405632,"total":110.4405587,"children":null}}}}}}}}},"DecideAction":{"count":206656,"self":23728.6424576,"total":23728.6430139,"children":null},"AgentAct":{"count":206656,"self":104.8756544,"total":104.9400069,"children":{"AgentInfo.ToProto":{"count":1549,"self":0.0045727,"total":0.064353399999999991,"children":{"GenerateSensorData":{"count":1549,"self":0.052112,"total":0.0597807,"children":{"RayPerceptionSensor.Perceive":{"count":3098,"self":0.0076687,"total":0.0076687,"children":null}}}}}}},"AgentInfo.ToProto":{"count":65582,"self":0.5107548,"total":2.9436844,"children":{"GenerateSensorData":{"count":65582,"self":2.2318732,"total":2.4329296,"children":{"RayPerceptionSensor.Perceive":{"count":131164,"self":0.2010563,"total":0.2010563,"children":null}}}}}},"gauges":{"AIDriver.CumulativeReward":{"count":67131,"max":1098.37915,"min":-155.611191,"runningAverage":269.5599,"value":148.03125,"weightedAverage":442.5054}},"metadata":{"timer_format_version":"0.1.0","start_time_seconds":"1631663083","unity_version":"2020.3.16f1","command_line_arguments":"C:\\Program Files\\Unity\\Hub\\Editor\\2020.3.16f1\\Editor\\Unity.exe -projectpath C:\/Users\/Student\/OneDrive - Loughborough University\/Documents\/GitHub\/AIDriver\/AIDriver -useHub -hubIPC -cloudEnvironment production -hubSessionId 0c6fd7d0-15ab-11ec-9189-377152bc8949 -accessToken M0O1HdBdof18Tbi3peecnYkJLNaVgJUInh9y8kA7XnQ005f","communication_protocol_version":"1.5.0","com.unity.ml-agents_version":"2.1.0-exp.1","scene_name":"SampleScene","end_time_seconds":"1631704072"}}