{"count":1,"self":25453.184614399997,"total":57827.5182814,"children":{"InitializeActuators":{"count":32,"self":0.0010000999999999999,"total":0.0010000999999999999,"children":null},"InitializeSensors":{"count":32,"self":0.0025003,"total":0.0025003,"children":null},"AgentSendState":{"count":1403521,"self":3332.293632,"total":4340.3519638,"children":{"CollectObservations":{"count":44912672,"self":90.437696,"total":90.4376975,"children":null},"WriteActionMask":{"count":44912672,"self":32.362,"total":32.3620005,"children":null},"RequestDecision":{"count":44912672,"self":85.842220799999993,"total":885.258566,"children":{"AgentInfo.ToProto":{"count":44912672,"self":77.575744,"total":799.41634249999993,"children":{"GenerateSensorData":{"count":44912672,"self":619.1111168,"total":721.8406013,"children":{"RayPerceptionSensor.Perceive":{"count":89825344,"self":102.7294976,"total":102.7294969,"children":null}}}}}}}}},"DecideAction":{"count":1403521,"self":27951.1433216,"total":27951.1432241,"children":null},"AgentAct":{"count":1403521,"self":81.7703488,"total":81.845377599999992,"children":{"AgentInfo.ToProto":{"count":2223,"self":0.011003299999999999,"total":0.0750271,"children":{"GenerateSensorData":{"count":2223,"self":0.058520199999999994,"total":0.064023799999999992,"children":{"RayPerceptionSensor.Perceive":{"count":4446,"self":0.0055036,"total":0.0055036,"children":null}}}}}}},"AgentInfo.ToProto":{"count":27237,"self":0.176085,"total":0.9881325,"children":{"GenerateSensorData":{"count":27237,"self":0.74501469999999992,"total":0.81204749999999992,"children":{"RayPerceptionSensor.Perceive":{"count":54474,"self":0.0670328,"total":0.0670328,"children":null}}}}}},"gauges":{"AIDriver.CumulativeReward":{"count":29460,"max":1185.22009,"min":-7138.95947,"runningAverage":146.17157,"value":106.787994,"weightedAverage":103.002319}},"metadata":{"timer_format_version":"0.1.0","start_time_seconds":"1641325740","unity_version":"2020.3.16f1","command_line_arguments":"C:\\Program Files\\Unity\\Hub\\Editor\\2020.3.16f1\\Editor\\Unity.exe -projectpath C:\/Users\/Student\/OneDrive - Loughborough University\/Documents\/GitHub\/AIDriver\/AIDriver -useHub -hubIPC -cloudEnvironment production -hubSessionId 2780a450-68ee-11ec-ac2d-0d6594029528","communication_protocol_version":"1.5.0","com.unity.ml-agents_version":"2.1.0-exp.1","scene_name":"SampleScene","end_time_seconds":"1641383567"}}