{"count":1,"self":18174.3157248,"total":71682.6659158,"children":{"InitializeActuators":{"count":256,"self":0.0041199,"total":0.0041199,"children":null},"InitializeSensors":{"count":256,"self":0.0054889,"total":0.0054889,"children":null},"AgentSendState":{"count":389526,"self":7599.4030079999993,"total":9409.6132243,"children":{"CollectObservations":{"count":99718656,"self":172.41411839999998,"total":172.4141211,"children":null},"WriteActionMask":{"count":99718656,"self":56.782361599999994,"total":56.782364599999994,"children":null},"RequestDecision":{"count":99718656,"self":157.2403584,"total":1581.0137469,"children":{"AgentInfo.ToProto":{"count":99718656,"self":123.288832,"total":1423.7733901,"children":{"GenerateSensorData":{"count":99718656,"self":1101.4309888,"total":1300.4845543,"children":{"RayPerceptionSensor.Perceive":{"count":199437312,"self":199.05351679999998,"total":199.0535193,"children":null}}}}}}}}},"DecideAction":{"count":389526,"self":43890.8911616,"total":43890.8916597,"children":null},"AgentAct":{"count":389526,"self":200.9988352,"total":201.0237089,"children":{"AgentInfo.ToProto":{"count":551,"self":0.0008924,"total":0.024872099999999998,"children":{"GenerateSensorData":{"count":551,"self":0.0221949,"total":0.0239797,"children":{"RayPerceptionSensor.Perceive":{"count":1102,"self":0.0017848,"total":0.0017848,"children":null}}}}}}},"AgentInfo.ToProto":{"count":170439,"self":1.0516256,"total":6.8104701999999993,"children":{"GenerateSensorData":{"count":170439,"self":5.2809599999999994,"total":5.7588446,"children":{"RayPerceptionSensor.Perceive":{"count":340878,"self":0.4778847,"total":0.4778847,"children":null}}}}}},"gauges":{"AIDriver.CumulativeReward":{"count":170990,"max":367.369873,"min":-86.78404,"runningAverage":274.0301,"value":241.451981,"weightedAverage":286.331482}},"metadata":{"timer_format_version":"0.1.0","start_time_seconds":"1630548160","unity_version":"2020.3.16f1","command_line_arguments":"C:\\Program Files\\Unity\\Hub\\Editor\\2020.3.16f1\\Editor\\Unity.exe -projectpath C:\/Users\/Student\/Documents\/GitHub\/AIDriver\/AIDriver -useHub -hubIPC -cloudEnvironment production -hubSessionId 1e3e5890-0824-11ec-9376-61fb78e16adb -accessToken BXseeyQPsSpNkhdnAKqfuC1Zo75-3no0llAo4N4ee-0005f","communication_protocol_version":"1.5.0","com.unity.ml-agents_version":"2.1.0-exp.1","scene_name":"SampleScene","end_time_seconds":"1630619843"}}