{"count":1,"self":23174.3995904,"total":82557.817585,"children":{"InitializeActuators":{"count":256,"self":0.0070579,"total":0.0070579,"children":null},"InitializeSensors":{"count":256,"self":0.0088218999999999988,"total":0.0088218999999999988,"children":null},"AgentSendState":{"count":455490,"self":8547.8367232,"total":10801.118807199999,"children":{"CollectObservations":{"count":116605440,"self":206.4298368,"total":206.4298325,"children":null},"WriteActionMask":{"count":116605440,"self":74.3969856,"total":74.3969825,"children":null},"RequestDecision":{"count":116605440,"self":191.847936,"total":1972.4549201999998,"children":{"AgentInfo.ToProto":{"count":116605440,"self":153.2414336,"total":1780.6069894,"children":{"GenerateSensorData":{"count":116605440,"self":1392.6659072,"total":1627.3655588,"children":{"RayPerceptionSensor.Perceive":{"count":233210880,"self":234.699648,"total":234.6996567,"children":null}}}}}}}}},"DecideAction":{"count":455490,"self":48338.9145088,"total":48338.91414,"children":null},"AgentAct":{"count":455490,"self":238.1824,"total":238.29316,"children":{"AgentInfo.ToProto":{"count":2766,"self":0.0111662,"total":0.1107532,"children":{"GenerateSensorData":{"count":2766,"self":0.0936481,"total":0.099587,"children":{"RayPerceptionSensor.Perceive":{"count":5532,"self":0.0059388999999999996,"total":0.0059388999999999996,"children":null}}}}}}},"AgentInfo.ToProto":{"count":114132,"self":0.85603,"total":5.0740694999999993,"children":{"GenerateSensorData":{"count":114132,"self":3.8784191999999997,"total":4.2180395,"children":{"RayPerceptionSensor.Perceive":{"count":228264,"self":0.3396204,"total":0.3396204,"children":null}}}}}},"gauges":{"AIDriver.CumulativeReward":{"count":116898,"max":927.3847,"min":-178.749374,"runningAverage":398.382721,"value":848.209351,"weightedAverage":542.5182}},"metadata":{"timer_format_version":"0.1.0","start_time_seconds":"1630800249","unity_version":"2020.3.16f1","command_line_arguments":"C:\\Program Files\\Unity\\Hub\\Editor\\2020.3.16f1\\Editor\\Unity.exe -projectpath C:\/Users\/Student\/Documents\/GitHub\/AIDriver\/AIDriver -useHub -hubIPC -cloudEnvironment production -hubSessionId 1e3e5890-0824-11ec-9376-61fb78e16adb -accessToken BXseeyQPsSpNkhdnAKqfuC1Zo75-3no0llAo4N4ee-0005f","communication_protocol_version":"1.5.0","com.unity.ml-agents_version":"2.1.0-exp.1","scene_name":"SampleScene","end_time_seconds":"1630882807"}}