{"count":1,"self":23198.675763199997,"total":77269.5081262,"children":{"InitializeActuators":{"count":256,"self":0.0089794,"total":0.0089794,"children":null},"InitializeSensors":{"count":256,"self":0.0089789,"total":0.0089789,"children":null},"AgentSendState":{"count":404230,"self":6660.4785664,"total":8771.4198138,"children":{"CollectObservations":{"count":103482880,"self":201.11860479999999,"total":201.1186007,"children":null},"WriteActionMask":{"count":103482880,"self":66.5999552,"total":66.5999561,"children":null},"RequestDecision":{"count":103482880,"self":172.9781376,"total":1843.2227776999998,"children":{"AgentInfo.ToProto":{"count":103482880,"self":139.7553408,"total":1670.2446436999999,"children":{"GenerateSensorData":{"count":103482880,"self":1317.3763072,"total":1530.4892997,"children":{"RayPerceptionSensor.Perceive":{"count":206965760,"self":213.1129856,"total":213.1129911,"children":null}}}}}}}}},"DecideAction":{"count":404230,"self":45088.4009984,"total":45088.4013496,"children":null},"AgentAct":{"count":404230,"self":206.5459584,"total":206.6166945,"children":{"AgentInfo.ToProto":{"count":1681,"self":0.0054358,"total":0.0707334,"children":{"GenerateSensorData":{"count":1681,"self":0.0616547,"total":0.0652976,"children":{"RayPerceptionSensor.Perceive":{"count":3362,"self":0.0036428999999999997,"total":0.0036428999999999997,"children":null}}}}}}},"AgentInfo.ToProto":{"count":90422,"self":0.7844477,"total":4.3748815,"children":{"GenerateSensorData":{"count":90422,"self":3.3139276,"total":3.5904338,"children":{"RayPerceptionSensor.Perceive":{"count":180844,"self":0.2765063,"total":0.2765063,"children":null}}}}}},"gauges":{"AIDriver.CumulativeReward":{"count":92103,"max":1070.48047,"min":-558.368042,"runningAverage":429.915741,"value":208.594574,"weightedAverage":546.8782}},"metadata":{"timer_format_version":"0.1.0","start_time_seconds":"1631756233","unity_version":"2020.3.16f1","command_line_arguments":"C:\\Program Files\\Unity\\Hub\\Editor\\2020.3.16f1\\Editor\\Unity.exe -projectpath C:\/Users\/Student\/OneDrive - Loughborough University\/Documents\/GitHub\/AIDriver\/AIDriver -useHub -hubIPC -cloudEnvironment production -hubSessionId 47edd9e0-168e-11ec-af3d-ff6914e6e666 -accessToken qos0ytvCJFUxIYfB_ORQNk-UA-spvZ7Hh_vPkv4ixz8005f","communication_protocol_version":"1.5.0","com.unity.ml-agents_version":"2.1.0-exp.1","scene_name":"SampleScene","end_time_seconds":"1631833503"}}