{"count":1,"self":20168.8481792,"total":47598.7378992,"children":{"InitializeActuators":{"count":128,"self":0.0039775999999999995,"total":0.0039775999999999995,"children":null},"InitializeSensors":{"count":128,"self":0.0039848,"total":0.0039848,"children":null},"AgentSendState":{"count":181881,"self":3558.1812735999997,"total":4747.638798,"children":{"CollectObservations":{"count":23280768,"self":83.9141056,"total":83.9141057,"children":null},"WriteActionMask":{"count":23280768,"self":30.782304,"total":30.7823027,"children":null},"RequestDecision":{"count":23280768,"self":97.079456,"total":1074.7610869999999,"children":{"AgentInfo.ToProto":{"count":23280768,"self":85.81532159999999,"total":977.6816301,"children":{"GenerateSensorData":{"count":23280768,"self":784.17274879999991,"total":891.866307,"children":{"RayPerceptionSensor.Perceive":{"count":46561536,"self":107.693568,"total":107.69356739999999,"children":null}}}}}}}}},"DecideAction":{"count":181881,"self":22610.4328192,"total":22610.432731499997,"children":null},"AgentAct":{"count":181881,"self":70.936313599999991,"total":70.9888558,"children":{"AgentInfo.ToProto":{"count":579,"self":0.0044997,"total":0.0525411,"children":{"GenerateSensorData":{"count":579,"self":0.0440355,"total":0.0480414,"children":{"RayPerceptionSensor.Perceive":{"count":1158,"self":0.0040059,"total":0.0040059,"children":null}}}}}}},"AgentInfo.ToProto":{"count":9963,"self":0.1125085,"total":0.81835079999999993,"children":{"GenerateSensorData":{"count":9963,"self":0.6483639,"total":0.70584229999999992,"children":{"RayPerceptionSensor.Perceive":{"count":19926,"self":0.0574784,"total":0.0574784,"children":null}}}}}},"gauges":{"AIDriver.CumulativeReward":{"count":10542,"max":1084.23682,"min":-749.838562,"runningAverage":294.39798,"value":250.58638,"weightedAverage":310.7396}},"metadata":{"timer_format_version":"0.1.0","start_time_seconds":"1634587311","unity_version":"2020.3.16f1","command_line_arguments":"C:\\Program Files\\Unity\\Hub\\Editor\\2020.3.16f1\\Editor\\Unity.exe -projectpath C:\/Users\/Student\/OneDrive - Loughborough University\/Documents\/GitHub\/AIDriver\/AIDriver -useHub -hubIPC -cloudEnvironment production -hubSessionId dd7a0820-304d-11ec-a413-f969a68f19c4","communication_protocol_version":"1.5.0","com.unity.ml-agents_version":"2.1.0-exp.1","scene_name":"SampleScene","end_time_seconds":"1634634909"}}