{"count":1,"self":14820.379852799999,"total":41141.7304142,"children":{"InitializeActuators":{"count":128,"self":0.0019951,"total":0.0019951,"children":null},"InitializeSensors":{"count":128,"self":0.0049901,"total":0.0049901,"children":null},"AgentSendState":{"count":397559,"self":3251.6868096,"total":4258.2224154,"children":{"CollectObservations":{"count":50887552,"self":80.016972799999991,"total":80.0169757,"children":null},"WriteActionMask":{"count":50887552,"self":31.418758399999998,"total":31.4187597,"children":null},"RequestDecision":{"count":50887552,"self":77.938041599999991,"total":895.0997684,"children":{"AgentInfo.ToProto":{"count":50887552,"self":66.646822399999991,"total":817.16172569999992,"children":{"GenerateSensorData":{"count":50887552,"self":650.0637696,"total":750.51490319999994,"children":{"RayPerceptionSensor.Perceive":{"count":101775104,"self":100.4511168,"total":100.45111969999999,"children":null}}}}}}}}},"DecideAction":{"count":397559,"self":21960.8449024,"total":21960.8452099,"children":null},"AgentAct":{"count":397559,"self":100.3585536,"total":100.3968692,"children":{"AgentInfo.ToProto":{"count":1093,"self":0.0067104999999999995,"total":0.038316499999999996,"children":{"GenerateSensorData":{"count":1093,"self":0.028738399999999997,"total":0.031605999999999995,"children":{"RayPerceptionSensor.Perceive":{"count":2186,"self":0.0028675999999999997,"total":0.0028675999999999997,"children":null}}}}}}},"AgentInfo.ToProto":{"count":47483,"self":0.29422909999999997,"total":1.8784248,"children":{"GenerateSensorData":{"count":47483,"self":1.4467577,"total":1.5841957,"children":{"RayPerceptionSensor.Perceive":{"count":94966,"self":0.137438,"total":0.137438,"children":null}}}}}},"gauges":{"AIDriver.CumulativeReward":{"count":48576,"max":734.9208,"min":-14.4469452,"runningAverage":201.259125,"value":411.871368,"weightedAverage":292.7222}},"metadata":{"timer_format_version":"0.1.0","start_time_seconds":"1632539735","unity_version":"2020.3.16f1","command_line_arguments":"C:\\Program Files\\Unity\\Hub\\Editor\\2020.3.16f1\\Editor\\Unity.exe -projectpath C:\/Users\/Student\/OneDrive - Loughborough University\/Documents\/GitHub\/AIDriver\/AIDriver -useHub -hubIPC -cloudEnvironment production -hubSessionId 7acbe710-1da7-11ec-913a-13b781eb1827 -accessToken 1R8diAM9HDGLIYwukq2u7hxt99222xMR4Fi6aDcfTKY005f","communication_protocol_version":"1.5.0","com.unity.ml-agents_version":"2.1.0-exp.1","scene_name":"SampleScene","end_time_seconds":"1632580877"}}