{"count":1,"self":11380.047872,"total":30789.2821284,"children":{"InitializeActuators":{"count":128,"self":0.0089663,"total":0.0089663,"children":null},"InitializeSensors":{"count":128,"self":0.025924799999999998,"total":0.025924799999999998,"children":null},"AgentSendState":{"count":69178,"self":2451.3562624,"total":3350.6346965,"children":{"CollectObservations":{"count":8854784,"self":62.7143168,"total":62.714318899999995,"children":null},"WriteActionMask":{"count":8854784,"self":25.0852096,"total":25.08521,"children":null},"RequestDecision":{"count":8854784,"self":78.6785216,"total":811.47892229999991,"children":{"AgentInfo.ToProto":{"count":8854784,"self":73.6752576,"total":732.8004005,"children":{"GenerateSensorData":{"count":8854784,"self":573.0356224,"total":659.12514249999992,"children":{"RayPerceptionSensor.Perceive":{"count":17709568,"self":86.0895424,"total":86.0895437,"children":null}}}}}}}}},"DecideAction":{"count":69178,"self":16018.2616064,"total":16018.2621189,"children":null},"AgentAct":{"count":69178,"self":39.7975232,"total":39.8499902,"children":{"AgentInfo.ToProto":{"count":496,"self":0.0089175,"total":0.0524655,"children":{"GenerateSensorData":{"count":496,"self":0.0405942,"total":0.043547999999999996,"children":{"RayPerceptionSensor.Perceive":{"count":992,"self":0.0029538,"total":0.0029538,"children":null}}}}}}},"AgentInfo.ToProto":{"count":2869,"self":0.065330199999999991,"total":0.45163699999999996,"children":{"GenerateSensorData":{"count":2869,"self":0.3407427,"total":0.3863068,"children":{"RayPerceptionSensor.Perceive":{"count":5738,"self":0.045564099999999996,"total":0.045564099999999996,"children":null}}}}}},"gauges":{"AIDriver.CumulativeReward":{"count":3365,"max":1066.7262,"min":-665.0306,"runningAverage":330.48,"value":383.188782,"weightedAverage":351.235962}},"metadata":{"timer_format_version":"0.1.0","start_time_seconds":"1636503929","unity_version":"2020.3.16f1","command_line_arguments":"C:\\Program Files\\Unity\\Hub\\Editor\\2020.3.16f1\\Editor\\Unity.exe -projectpath C:\/Users\/Student\/OneDrive - Loughborough University\/Documents\/GitHub\/AIDriver\/AIDriver -useHub -hubIPC -cloudEnvironment production -hubSessionId 1d434e10-41bc-11ec-87b0-493f21257539","communication_protocol_version":"1.5.0","com.unity.ml-agents_version":"2.1.0-exp.1","scene_name":"SampleScene","end_time_seconds":"1636534718"}}