{"count":1,"self":28.8316672,"total":71.923836299999991,"children":{"InitializeActuators":{"count":256,"self":0.0028894999999999997,"total":0.0028894999999999997,"children":null},"InitializeSensors":{"count":256,"self":0.002889,"total":0.002889,"children":null},"AgentSendState":{"count":386,"self":6.3453855999999993,"total":7.4583347,"children":{"CollectObservations":{"count":98816,"self":0.048338599999999995,"total":0.048338599999999995,"children":null},"WriteActionMask":{"count":98816,"self":0.057376699999999996,"total":0.057376699999999996,"children":null},"RequestDecision":{"count":98816,"self":0.15806589999999998,"total":1.0072337999999998,"children":{"AgentInfo.ToProto":{"count":98816,"self":0.12618569999999998,"total":0.8491679,"children":{"GenerateSensorData":{"count":98816,"self":0.5736576,"total":0.7229822,"children":{"RayPerceptionSensor.Perceive":{"count":98816,"self":0.1493246,"total":0.1493246,"children":null}}}}}}}}},"DecideAction":{"count":386,"self":35.438064,"total":35.438063199999995,"children":null},"AgentAct":{"count":386,"self":0.1851184,"total":0.1851184,"children":null},"AgentInfo.ToProto":{"count":96,"self":0,"total":0.0038745,"children":{"GenerateSensorData":{"count":96,"self":0.0028747,"total":0.0038745,"children":{"RayPerceptionSensor.Perceive":{"count":96,"self":0.0009998,"total":0.0009998,"children":null}}}}}},"gauges":{"AIDriver.CumulativeReward":{"count":96,"max":60.16364,"min":-3.219962,"runningAverage":25.56889,"value":26.9699726,"weightedAverage":25.0812244}},"metadata":{"timer_format_version":"0.1.0","start_time_seconds":"1628301716","unity_version":"2020.3.14f1","command_line_arguments":"C:\\Program Files\\Unity\\Hub\\Editor\\2020.3.14f1\\Editor\\Unity.exe -projectpath C:\/Users\/Student\/Documents\/GitHub\/AIDriver\/AIDriver -useHub -hubIPC -cloudEnvironment production -hubSessionId a8eb9120-f6c6-11eb-a278-6d7ce53f785c -accessToken dGtNxmjUf7FMsTbkq0to46_8iVI12X_hVKrcyX1WIw4005f","communication_protocol_version":"1.5.0","com.unity.ml-agents_version":"2.1.0-exp.1","scene_name":"SampleScene","end_time_seconds":"1628301787"}}