{"count":1,"self":12208.4818944,"total":34665.9050099,"children":{"InitializeActuators":{"count":64,"self":0.0016841999999999998,"total":0.0016841999999999998,"children":null},"InitializeSensors":{"count":64,"self":0.0025109999999999998,"total":0.0025109999999999998,"children":null},"AgentSendState":{"count":235297,"self":2259.8793216,"total":3295.7056825,"children":{"CollectObservations":{"count":15059008,"self":70.8813888,"total":70.8813881,"children":null},"WriteActionMask":{"count":15059008,"self":28.195238399999997,"total":28.195237499999998,"children":null},"RequestDecision":{"count":15059008,"self":85.043987199999989,"total":936.74981099999991,"children":{"AgentInfo.ToProto":{"count":15059008,"self":81.9225472,"total":851.7058265,"children":{"GenerateSensorData":{"count":15059008,"self":674.8470784,"total":769.78327949999994,"children":{"RayPerceptionSensor.Perceive":{"count":30118016,"self":94.9361984,"total":94.9361998,"children":null}}}}}}}}},"DecideAction":{"count":235297,"self":19107.086336,"total":19107.0856044,"children":null},"AgentAct":{"count":235297,"self":53.946419199999994,"total":54.1841885,"children":{"AgentInfo.ToProto":{"count":2768,"self":0.0261151,"total":0.2377676,"children":{"GenerateSensorData":{"count":2768,"self":0.1830027,"total":0.2116525,"children":{"RayPerceptionSensor.Perceive":{"count":5536,"self":0.0286498,"total":0.0286498,"children":null}}}}}}},"AgentInfo.ToProto":{"count":5148,"self":0.0649044,"total":0.4428756,"children":{"GenerateSensorData":{"count":5148,"self":0.3391934,"total":0.3779712,"children":{"RayPerceptionSensor.Perceive":{"count":10296,"self":0.0387778,"total":0.0387778,"children":null}}}}}},"gauges":{"AIDriver.CumulativeReward":{"count":7916,"max":969.41925,"min":-2207.9458,"runningAverage":373.1462,"value":96.11677,"weightedAverage":238.327866}},"metadata":{"timer_format_version":"0.1.0","start_time_seconds":"1637622605","unity_version":"2020.3.16f1","command_line_arguments":"C:\\Program Files\\Unity\\Hub\\Editor\\2020.3.16f1\\Editor\\Unity.exe -projectpath C:\/Users\/Student\/OneDrive - Loughborough University\/Documents\/GitHub\/AIDriver\/AIDriver -useHub -hubIPC -cloudEnvironment production -hubSessionId f4ed2e90-4b34-11ec-a137-2ffb4bacf30f","communication_protocol_version":"1.5.0","com.unity.ml-agents_version":"2.1.0-exp.1","scene_name":"SampleScene","end_time_seconds":"1637657270"}}