{"count":1,"self":10724.557619199999,"total":31458.9370217,"children":{"InitializeActuators":{"count":128,"self":0.0030006,"total":0.0030006,"children":null},"InitializeSensors":{"count":128,"self":0.0040012,"total":0.0040012,"children":null},"AgentSendState":{"count":292959,"self":2441.5209471999997,"total":3244.1101389,"children":{"CollectObservations":{"count":37498752,"self":66.6659712,"total":66.6659729,"children":null},"WriteActionMask":{"count":37498752,"self":28.8415328,"total":28.841532599999997,"children":null},"RequestDecision":{"count":37498752,"self":65.6853952,"total":707.0817361,"children":{"AgentInfo.ToProto":{"count":37498752,"self":59.315264,"total":641.39634119999994,"children":{"GenerateSensorData":{"count":37498752,"self":498.596096,"total":582.0810804,"children":{"RayPerceptionSensor.Perceive":{"count":74997504,"self":83.48496,"total":83.48496,"children":null}}}}}}}}},"DecideAction":{"count":292959,"self":17414.9107712,"total":17414.9106081,"children":null},"AgentAct":{"count":292959,"self":74.7513792,"total":74.8509273,"children":{"AgentInfo.ToProto":{"count":2614,"self":0.012003699999999999,"total":0.09954629999999999,"children":{"GenerateSensorData":{"count":2614,"self":0.0855423,"total":0.0875426,"children":{"RayPerceptionSensor.Perceive":{"count":5228,"self":0.0020003,"total":0.0020003,"children":null}}}}}}},"AgentInfo.ToProto":{"count":12289,"self":0.0599831,"total":0.49935769999999996,"children":{"GenerateSensorData":{"count":12289,"self":0.4028641,"total":0.4393746,"children":{"RayPerceptionSensor.Perceive":{"count":24578,"self":0.0365105,"total":0.0365105,"children":null}}}}}},"gauges":{"AIDriver.CumulativeReward":{"count":14903,"max":1074.91077,"min":-922.9083,"runningAverage":273.590576,"value":283.42392,"weightedAverage":212.391663}},"metadata":{"timer_format_version":"0.1.0","start_time_seconds":"1637200452","unity_version":"2020.3.16f1","command_line_arguments":"C:\\Program Files\\Unity\\Hub\\Editor\\2020.3.16f1\\Editor\\Unity.exe -projectpath C:\/Users\/Student\/OneDrive - Loughborough University\/Documents\/GitHub\/AIDriver\/AIDriver -useHub -hubIPC -cloudEnvironment production -hubSessionId 593dc620-4810-11ec-9673-77ffe6e59972","communication_protocol_version":"1.5.0","com.unity.ml-agents_version":"2.1.0-exp.1","scene_name":"SampleScene","end_time_seconds":"1637231910"}}