{"count":1,"self":18923.9836672,"total":53542.078705399996,"children":{"InitializeActuators":{"count":128,"self":0.0025004999999999997,"total":0.0025004999999999997,"children":null},"InitializeSensors":{"count":128,"self":0.0070018,"total":0.0070018,"children":null},"AgentSendState":{"count":452600,"self":3985.1352064,"total":5117.9205909,"children":{"CollectObservations":{"count":57932800,"self":99.694912,"total":99.694912699999989,"children":null},"WriteActionMask":{"count":57932800,"self":34.1295904,"total":34.1295889,"children":null},"RequestDecision":{"count":57932800,"self":95.8336192,"total":998.9607583,"children":{"AgentInfo.ToProto":{"count":57932800,"self":77.5527872,"total":903.1271410999999,"children":{"GenerateSensorData":{"count":57932800,"self":708.63170559999992,"total":825.5743566,"children":{"RayPerceptionSensor.Perceive":{"count":115865600,"self":116.9426304,"total":116.9426261,"children":null}}}}}}}}},"DecideAction":{"count":452600,"self":29378.048819199998,"total":29378.049342,"children":null},"AgentAct":{"count":452600,"self":120.1698816,"total":120.20381239999999,"children":{"AgentInfo.ToProto":{"count":1007,"self":0.0019217,"total":0.0339254,"children":{"GenerateSensorData":{"count":1007,"self":0.030059199999999998,"total":0.032003699999999996,"children":{"RayPerceptionSensor.Perceive":{"count":2014,"self":0.0019444999999999998,"total":0.0019444999999999998,"children":null}}}}}}},"AgentInfo.ToProto":{"count":44481,"self":0.3103647,"total":1.9112847,"children":{"GenerateSensorData":{"count":44481,"self":1.4520031999999998,"total":1.60092,"children":{"RayPerceptionSensor.Perceive":{"count":88962,"self":0.1489168,"total":0.1489168,"children":null}}}}}},"gauges":{"AIDriver.CumulativeReward":{"count":45488,"max":1060.28552,"min":-1614.62366,"runningAverage":146.470428,"value":49.9229736,"weightedAverage":30.63327}},"metadata":{"timer_format_version":"0.1.0","start_time_seconds":"1632180740","unity_version":"2020.3.16f1","command_line_arguments":"C:\\Program Files\\Unity\\Hub\\Editor\\2020.3.16f1\\Editor\\Unity.exe -projectpath C:\/Users\/Student\/OneDrive - Loughborough University\/Documents\/GitHub\/AIDriver\/AIDriver -useHub -hubIPC -cloudEnvironment production -hubSessionId 4f4b9390-1994-11ec-9ab6-d124da64b53a -accessToken 6lMg9fjjB8iCGhpOl2Iiw0AEushfHwgFpsjZ_t-gLsY005f","communication_protocol_version":"1.5.0","com.unity.ml-agents_version":"2.1.0-exp.1","scene_name":"SampleScene","end_time_seconds":"1632234282"}}