{"count":1,"self":11955.470336,"total":15803.536779,"children":{"InitializeActuators":{"count":256,"self":0.0050005,"total":0.0050005,"children":null},"InitializeSensors":{"count":256,"self":0.006502,"total":0.006502,"children":null},"AgentSendState":{"count":27719,"self":431.4978304,"total":578.8269184,"children":{"CollectObservations":{"count":7096064,"self":14.0199824,"total":14.0199828,"children":null},"WriteActionMask":{"count":7096064,"self":4.6295316,"total":4.6295316999999994,"children":null},"RequestDecision":{"count":7096064,"self":11.9040752,"total":128.6795792,"children":{"AgentInfo.ToProto":{"count":7096064,"self":9.9971632,"total":116.77550439999999,"children":{"GenerateSensorData":{"count":7096064,"self":91.9113536,"total":106.7783415,"children":{"RayPerceptionSensor.Perceive":{"count":14192128,"self":14.866987199999999,"total":14.866987799999999,"children":null}}}}}}}}},"DecideAction":{"count":27719,"self":3254.19008,"total":3254.1899796999996,"children":null},"AgentAct":{"count":27719,"self":14.8825088,"total":14.9160156,"children":{"AgentInfo.ToProto":{"count":1219,"self":0.0024998,"total":0.0335072,"children":{"GenerateSensorData":{"count":1219,"self":0.029005999999999997,"total":0.031007399999999997,"children":{"RayPerceptionSensor.Perceive":{"count":2438,"self":0.0020014,"total":0.0020014,"children":null}}}}}}},"AgentInfo.ToProto":{"count":2323,"self":0.027509,"total":0.12169669999999999,"children":{"GenerateSensorData":{"count":2323,"self":0.08918799999999999,"total":0.0941877,"children":{"RayPerceptionSensor.Perceive":{"count":4646,"self":0.0049997,"total":0.0049997,"children":null}}}}}},"gauges":{"AIDriver.CumulativeReward":{"count":3542,"max":925.9636,"min":-76.51136,"runningAverage":544.4099,"value":912.292,"weightedAverage":838.067}},"metadata":{"timer_format_version":"0.1.0","start_time_seconds":"1631399486","unity_version":"2020.3.16f1","command_line_arguments":"C:\\Program Files\\Unity\\Hub\\Editor\\2020.3.16f1\\Editor\\Unity.exe -projectpath C:\/Users\/Student\/Documents\/GitHub\/AIDriver\/AIDriver -useHub -hubIPC -cloudEnvironment production -hubSessionId b5b572f0-0f84-11ec-9e1e-059940017ef6 -accessToken ep-9i_Ucm_TZB01QKnUFG8-Sd059FZnRQKIunOMedJE005f","communication_protocol_version":"1.5.0","com.unity.ml-agents_version":"2.1.0-exp.1","scene_name":"SampleScene","end_time_seconds":"1631415289"}}