{"count":1,"self":3172.5363199999997,"total":10079.383348199999,"children":{"InitializeActuators":{"count":256,"self":0.0029752,"total":0.0029752,"children":null},"InitializeSensors":{"count":256,"self":0.0078303,"total":0.0078303,"children":null},"AgentSendState":{"count":52346,"self":835.47120639999991,"total":1092.022835,"children":{"CollectObservations":{"count":13400576,"self":23.762811199999998,"total":23.7628107,"children":null},"WriteActionMask":{"count":13400576,"self":7.9737959999999992,"total":7.9737959999999992,"children":null},"RequestDecision":{"count":13400576,"self":20.5136288,"total":224.8150217,"children":{"AgentInfo.ToProto":{"count":13400576,"self":17.466110399999998,"total":204.30139219999998,"children":{"GenerateSensorData":{"count":13400576,"self":159.85816319999998,"total":186.8352823,"children":{"RayPerceptionSensor.Perceive":{"count":26801152,"self":26.97712,"total":26.9771193,"children":null}}}}}}}}},"DecideAction":{"count":52346,"self":5787.6791296,"total":5787.6790756,"children":null},"AgentAct":{"count":52346,"self":26.5910816,"total":26.5910817,"children":{"AgentInfo.ToProto":{"count":15,"self":0,"total":0,"children":{"GenerateSensorData":{"count":15,"self":0,"total":0,"children":{"RayPerceptionSensor.Perceive":{"count":30,"self":0,"total":0,"children":null}}}}}}},"AgentInfo.ToProto":{"count":13136,"self":0.0927359,"total":0.54231299999999993,"children":{"GenerateSensorData":{"count":13136,"self":0.40444209999999997,"total":0.4495771,"children":{"RayPerceptionSensor.Perceive":{"count":26272,"self":0.045134999999999995,"total":0.045134999999999995,"children":null}}}}}},"gauges":{"AIDriver.CumulativeReward":{"count":13151,"max":1095.254,"min":-71.27195,"runningAverage":404.125732,"value":221.45755,"weightedAverage":407.0647}},"metadata":{"timer_format_version":"0.1.0","start_time_seconds":"1631549160","unity_version":"2020.3.16f1","command_line_arguments":"C:\\Program Files\\Unity\\Hub\\Editor\\2020.3.16f1\\Editor\\Unity.exe -projectpath C:\/Users\/Student\/Documents\/GitHub\/AIDriver\/AIDriver -useHub -hubIPC -cloudEnvironment production -hubSessionId 482e75d0-14a0-11ec-b50e-a722e63e9bdb -accessToken v6LfSxWhabGOXWRlbmswRd9cy_cQZ7pgEnF92Hl5Mug005f","communication_protocol_version":"1.5.0","com.unity.ml-agents_version":"2.1.0-exp.1","scene_name":"SampleScene","end_time_seconds":"1631559239"}}