{"count":1,"self":1095.5983872,"total":2724.9896876999996,"children":{"InitializeActuators":{"count":256,"self":0.0065615,"total":0.0065615,"children":null},"InitializeSensors":{"count":256,"self":0.00093739999999999991,"total":0.00093739999999999991,"children":null},"AgentSendState":{"count":14085,"self":312.3724032,"total":356.7005172,"children":{"CollectObservations":{"count":3605760,"self":2.0772244,"total":2.0772245,"children":null},"WriteActionMask":{"count":3605760,"self":2.2484094,"total":2.2484094,"children":null},"RequestDecision":{"count":3605760,"self":5.9502276,"total":40.0024711,"children":{"AgentInfo.ToProto":{"count":3605760,"self":5.5917423999999993,"total":34.052243499999996,"children":{"GenerateSensorData":{"count":3605760,"self":23.3377584,"total":28.460500999999997,"children":{"RayPerceptionSensor.Perceive":{"count":3605760,"self":5.1227424,"total":5.1227424,"children":null}}}}}}}}},"DecideAction":{"count":14085,"self":1265.5412224,"total":1265.5412517,"children":null},"AgentAct":{"count":14085,"self":6.9395504,"total":6.9572401999999993,"children":{"AgentInfo.ToProto":{"count":791,"self":0.0046546999999999995,"total":0.0176896,"children":{"GenerateSensorData":{"count":791,"self":0.010240899999999999,"total":0.013034899999999999,"children":{"RayPerceptionSensor.Perceive":{"count":791,"self":0.002794,"total":0.002794,"children":null}}}}}}},"AgentInfo.ToProto":{"count":5151,"self":0.0465647,"total":0.181276,"children":{"GenerateSensorData":{"count":5151,"self":0.1263319,"total":0.1347113,"children":{"RayPerceptionSensor.Perceive":{"count":5151,"self":0.0083794,"total":0.0083794,"children":null}}}}}},"gauges":{"AIDriver.CumulativeReward":{"count":5942,"max":88.1703339,"min":-14.2385674,"runningAverage":61.675602,"value":64.92967,"weightedAverage":62.5079765}},"metadata":{"timer_format_version":"0.1.0","start_time_seconds":"1628385271","unity_version":"2020.3.14f1","command_line_arguments":"C:\\Program Files\\Unity\\Hub\\Editor\\2020.3.14f1\\Editor\\Unity.exe -projectpath C:\/Users\/Student\/Documents\/GitHub\/AIDriver\/AIDriver -useHub -hubIPC -cloudEnvironment production -hubSessionId d288fca0-f7e0-11eb-babe-97c84ded6477 -accessToken a0281F4h6j20z-K7ejHzFeWl1CLXFzW6YDx51JU2tCc005f","communication_protocol_version":"1.5.0","com.unity.ml-agents_version":"2.1.0-exp.1","scene_name":"SampleScene","end_time_seconds":"1628387996"}}