{"count":1,"self":10591.268864,"total":48684.5452454,"children":{"InitializeActuators":{"count":256,"self":0.0049885,"total":0.0049885,"children":null},"InitializeSensors":{"count":256,"self":0.0049884,"total":0.0049884,"children":null},"AgentSendState":{"count":372620,"self":7670.1097984,"total":8680.2039954,"children":{"CollectObservations":{"count":95390720,"self":48.5732576,"total":48.573256199999996,"children":null},"WriteActionMask":{"count":95390720,"self":54.3197184,"total":54.3197203,"children":null},"RequestDecision":{"count":95390720,"self":134.5442816,"total":907.2013727,"children":{"AgentInfo.ToProto":{"count":95390720,"self":124.6429952,"total":772.6570922,"children":{"GenerateSensorData":{"count":95390720,"self":527.76954879999994,"total":648.01409949999993,"children":{"RayPerceptionSensor.Perceive":{"count":95390720,"self":120.2445312,"total":120.24453539999999,"children":null}}}}}}}}},"DecideAction":{"count":372620,"self":29240.000512,"total":29240.0007432,"children":null},"AgentAct":{"count":372620,"self":170.9264,"total":171.9137534,"children":{"AgentInfo.ToProto":{"count":41534,"self":0.1442255,"total":0.98735109999999993,"children":{"GenerateSensorData":{"count":41534,"self":0.7699927,"total":0.84312559999999992,"children":{"RayPerceptionSensor.Perceive":{"count":41534,"self":0.0731329,"total":0.0731329,"children":null}}}}}}},"AgentInfo.ToProto":{"count":34701,"self":0.2522526,"total":1.1467384999999999,"children":{"GenerateSensorData":{"count":34701,"self":0.8147612,"total":0.8944859,"children":{"RayPerceptionSensor.Perceive":{"count":34701,"self":0.0797247,"total":0.0797247,"children":null}}}}}},"gauges":{"AIDriver.CumulativeReward":{"count":76235,"max":88.355835,"min":-15.1347332,"runningAverage":44.91406,"value":57.1104126,"weightedAverage":68.0825958}},"metadata":{"timer_format_version":"0.1.0","start_time_seconds":"1628302473","unity_version":"2020.3.14f1","command_line_arguments":"C:\\Program Files\\Unity\\Hub\\Editor\\2020.3.14f1\\Editor\\Unity.exe -projectpath C:\/Users\/Student\/Documents\/GitHub\/AIDriver\/AIDriver -useHub -hubIPC -cloudEnvironment production -hubSessionId a9796280-f724-11eb-9a51-e342a89609ef -accessToken dGtNxmjUf7FMsTbkq0to46_8iVI12X_hVKrcyX1WIw4005f","communication_protocol_version":"1.5.0","com.unity.ml-agents_version":"2.1.0-exp.1","scene_name":"SampleScene","end_time_seconds":"1628351157"}}