{"count":1,"self":18699.3262592,"total":32877.4954575,"children":{"InitializeActuators":{"count":24,"self":0.0019798,"total":0.0019798,"children":null},"InitializeSensors":{"count":24,"self":0.0029739,"total":0.0029739,"children":null},"AgentSendState":{"count":819179,"self":1066.9631488,"total":1512.5921452999999,"children":{"CollectObservations":{"count":19660296,"self":35.122048,"total":35.1220488,"children":null},"WriteActionMask":{"count":19660296,"self":15.155588799999999,"total":15.155589099999998,"children":null},"RequestDecision":{"count":19660296,"self":38.937872,"total":395.3513734,"children":{"AgentInfo.ToProto":{"count":19660296,"self":34.8974976,"total":356.4135022,"children":{"GenerateSensorData":{"count":19660296,"self":274.9145856,"total":321.5160039,"children":{"RayPerceptionSensor.Perceive":{"count":39320592,"self":46.6014112,"total":46.601411999999996,"children":null}}}}}}}}},"DecideAction":{"count":819179,"self":12629.5638016,"total":12629.563887999999,"children":null},"AgentAct":{"count":819179,"self":34.691785599999996,"total":34.7055948,"children":{"AgentInfo.ToProto":{"count":529,"self":0.0009866,"total":0.0138102,"children":{"GenerateSensorData":{"count":529,"self":0.010851,"total":0.0128236,"children":{"RayPerceptionSensor.Perceive":{"count":1058,"self":0.0019725999999999997,"total":0.0019725999999999997,"children":null}}}}}}},"AgentInfo.ToProto":{"count":36761,"self":0.2018219,"total":1.3015617,"children":{"GenerateSensorData":{"count":36761,"self":0.99756179999999994,"total":1.0997398,"children":{"RayPerceptionSensor.Perceive":{"count":73522,"self":0.10217799999999999,"total":0.10217799999999999,"children":null}}}}}},"gauges":{"AIDriver.CumulativeReward":{"count":37290,"max":270.328369,"min":-2619.34814,"runningAverage":0.7213727,"value":36.2895241,"weightedAverage":50.29166}},"metadata":{"timer_format_version":"0.1.0","start_time_seconds":"1639438693","unity_version":"2020.3.16f1","command_line_arguments":"C:\\Program Files\\Unity\\Hub\\Editor\\2020.3.16f1\\Editor\\Unity.exe -projectpath C:\/Users\/Student\/OneDrive - Loughborough University\/Documents\/GitHub\/AIDriver\/AIDriver -useHub -hubIPC -cloudEnvironment production -hubSessionId f9290080-5c6c-11ec-a4d1-85a113a5c782","communication_protocol_version":"1.5.0","com.unity.ml-agents_version":"2.1.0-exp.1","scene_name":"SampleScene","end_time_seconds":"1639471571"}}