{"count":1,"self":20467.4678784,"total":45404.571894299996,"children":{"InitializeActuators":{"count":32,"self":0.001777,"total":0.001777,"children":null},"InitializeSensors":{"count":32,"self":0.0017764,"total":0.0017764,"children":null},"AgentSendState":{"count":1094131,"self":2115.9174144,"total":2834.5734303,"children":{"CollectObservations":{"count":35012192,"self":64.6001024,"total":64.6001046,"children":null},"WriteActionMask":{"count":35012192,"self":25.2122368,"total":25.2122367,"children":null},"RequestDecision":{"count":35012192,"self":63.963737599999995,"total":628.84364659999994,"children":{"AgentInfo.ToProto":{"count":35012192,"self":54.885171199999995,"total":564.87990589999993,"children":{"GenerateSensorData":{"count":35012192,"self":430.8946944,"total":509.9947345,"children":{"RayPerceptionSensor.Perceive":{"count":70024384,"self":79.1000256,"total":79.1000246,"children":null}}}}}}}}},"DecideAction":{"count":1094131,"self":22038.1806592,"total":22038.1805526,"children":null},"AgentAct":{"count":1094131,"self":63.8587072,"total":63.916503999999996,"children":{"AgentInfo.ToProto":{"count":1801,"self":0.0062486,"total":0.057799199999999995,"children":{"GenerateSensorData":{"count":1801,"self":0.0472282,"total":0.051550599999999995,"children":{"RayPerceptionSensor.Perceive":{"count":3602,"self":0.0043224,"total":0.0043224,"children":null}}}}}}},"AgentInfo.ToProto":{"count":11781,"self":0.0791683,"total":0.42935999999999996,"children":{"GenerateSensorData":{"count":11781,"self":0.31723209999999996,"total":0.3501917,"children":{"RayPerceptionSensor.Perceive":{"count":23562,"self":0.0329596,"total":0.0329596,"children":null}}}}}},"gauges":{"AIDriver.CumulativeReward":{"count":13582,"max":1172.63623,"min":-1766.85718,"runningAverage":229.876251,"value":721.474243,"weightedAverage":430.61142}},"metadata":{"timer_format_version":"0.1.0","start_time_seconds":"1640913655","unity_version":"2020.3.16f1","command_line_arguments":"C:\\Program Files\\Unity\\Hub\\Editor\\2020.3.16f1\\Editor\\Unity.exe -projectpath C:\/Users\/Student\/OneDrive - Loughborough University\/Documents\/GitHub\/AIDriver\/AIDriver -useHub -hubIPC -cloudEnvironment production -hubSessionId 2780a450-68ee-11ec-ac2d-0d6594029528","communication_protocol_version":"1.5.0","com.unity.ml-agents_version":"2.1.0-exp.1","scene_name":"SampleScene","end_time_seconds":"1640959060"}}