{"count":1,"self":24720.5494784,"total":92311.0599051,"children":{"InitializeActuators":{"count":64,"self":0.0019997,"total":0.0019997,"children":null},"InitializeSensors":{"count":64,"self":0.0025004999999999997,"total":0.0025004999999999997,"children":null},"AgentSendState":{"count":1607786,"self":4950.7131392,"total":7227.8305031,"children":{"CollectObservations":{"count":102898304,"self":178.02791679999999,"total":178.0279179,"children":null},"WriteActionMask":{"count":102898304,"self":78.42898559999999,"total":78.4289883,"children":null},"RequestDecision":{"count":102898304,"self":189.93181439999998,"total":2020.6604009,"children":{"AgentInfo.ToProto":{"count":102898304,"self":176.21775359999998,"total":1830.7285829999998,"children":{"GenerateSensorData":{"count":102898304,"self":1415.7498368,"total":1654.5108242,"children":{"RayPerceptionSensor.Perceive":{"count":205796608,"self":238.7609856,"total":238.76098449999998,"children":null}}}}}}}}},"DecideAction":{"count":1607786,"self":60157.6046592,"total":60157.607663799994,"children":null},"AgentAct":{"count":1607786,"self":200.67576319999998,"total":200.82986509999998,"children":{"AgentInfo.ToProto":{"count":4309,"self":0.0170109,"total":0.1540967,"children":{"GenerateSensorData":{"count":4309,"self":0.12457679999999999,"total":0.1370858,"children":{"RayPerceptionSensor.Perceive":{"count":8618,"self":0.012509,"total":0.012509,"children":null}}}}}}},"AgentInfo.ToProto":{"count":100105,"self":0.7283656,"total":4.236094,"children":{"GenerateSensorData":{"count":100105,"self":3.1895856,"total":3.5077284,"children":{"RayPerceptionSensor.Perceive":{"count":200210,"self":0.3181429,"total":0.3181429,"children":null}}}}}},"gauges":{"AIDriver.CumulativeReward":{"count":104414,"max":527.9901,"min":-1714.60669,"runningAverage":221.829071,"value":74.6447,"weightedAverage":76.11595}},"metadata":{"timer_format_version":"0.1.0","start_time_seconds":"1639829006","unity_version":"2020.3.16f1","command_line_arguments":"C:\\Program Files\\Unity\\Hub\\Editor\\2020.3.16f1\\Editor\\Unity.exe -projectpath C:\/Users\/Student\/OneDrive - Loughborough University\/Documents\/GitHub\/AIDriver\/AIDriver -useHub -hubIPC -cloudEnvironment production -hubSessionId 9331bdd0-5f91-11ec-88e1-e329e1b442e1","communication_protocol_version":"1.5.0","com.unity.ml-agents_version":"2.1.0-exp.1","scene_name":"SampleScene","end_time_seconds":"1639921317"}}