{"count":1,"self":11838.5598464,"total":54567.8973031,"children":{"InitializeActuators":{"count":256,"self":0.003,"total":0.003,"children":null},"InitializeSensors":{"count":256,"self":0.0055006,"total":0.0055006,"children":null},"AgentSendState":{"count":412766,"self":8384.4554752,"total":9495.5130273,"children":{"CollectObservations":{"count":105668096,"self":52.6918272,"total":52.691828799999996,"children":null},"WriteActionMask":{"count":105668096,"self":61.1935424,"total":61.193539599999994,"children":null},"RequestDecision":{"count":105668096,"self":149.34777599999998,"total":997.1721925999999,"children":{"AgentInfo.ToProto":{"count":105668096,"self":138.773632,"total":847.8244182,"children":{"GenerateSensorData":{"count":105668096,"self":576.429312,"total":709.0507829,"children":{"RayPerceptionSensor.Perceive":{"count":105668096,"self":132.6214528,"total":132.62145759999999,"children":null}}}}}}}}},"DecideAction":{"count":412766,"self":33039.8040064,"total":33039.802704,"children":null},"AgentAct":{"count":412766,"self":191.044352,"total":191.95252159999998,"children":{"AgentInfo.ToProto":{"count":40259,"self":0.1476604,"total":0.9081655,"children":{"GenerateSensorData":{"count":40259,"self":0.6985102,"total":0.76050509999999993,"children":{"RayPerceptionSensor.Perceive":{"count":40259,"self":0.0619949,"total":0.0619949,"children":null}}}}}}},"AgentInfo.ToProto":{"count":67547,"self":0.45569109999999996,"total":2.0598622,"children":{"GenerateSensorData":{"count":67547,"self":1.4591136999999998,"total":1.6041710999999998,"children":{"RayPerceptionSensor.Perceive":{"count":67547,"self":0.1450574,"total":0.1450574,"children":null}}}}}},"gauges":{"AIDriver.CumulativeReward":{"count":107806,"max":96.37611,"min":-16.1660824,"runningAverage":66.40673,"value":76.253006,"weightedAverage":70.1259}},"metadata":{"timer_format_version":"0.1.0","start_time_seconds":"1628460537","unity_version":"2020.3.14f1","command_line_arguments":"C:\\Program Files\\Unity\\Hub\\Editor\\2020.3.14f1\\Editor\\Unity.exe -projectpath C:\/Users\/Student\/Documents\/GitHub\/AIDriver\/AIDriver -useHub -hubIPC -cloudEnvironment production -hubSessionId c4806850-f894-11eb-9fdd-bf3467e98173 -accessToken EKNvbDEZua9nEU0ItBvBkUFdgnT4mggmytl_QlfMNgY005f","communication_protocol_version":"1.5.0","com.unity.ml-agents_version":"2.1.0-exp.1","scene_name":"SampleScene","end_time_seconds":"1628515104"}}