{"count":1,"self":23801.4201856,"total":74734.4441575,"children":{"InitializeActuators":{"count":128,"self":0.0035004999999999997,"total":0.0035004999999999997,"children":null},"InitializeSensors":{"count":128,"self":0.0045008,"total":0.0045008,"children":null},"AgentSendState":{"count":480256,"self":5186.2618112,"total":7085.1134828999993,"children":{"CollectObservations":{"count":61472768,"self":147.0006912,"total":147.000685,"children":null},"WriteActionMask":{"count":61472768,"self":51.118681599999995,"total":51.1186815,"children":null},"RequestDecision":{"count":61472768,"self":150.0756352,"total":1700.7323127,"children":{"AgentInfo.ToProto":{"count":61472768,"self":134.4603776,"total":1550.6566713,"children":{"GenerateSensorData":{"count":61472768,"self":1229.0199552,"total":1416.1962885,"children":{"RayPerceptionSensor.Perceive":{"count":122945536,"self":187.17628159999998,"total":187.1762879,"children":null}}}}}}}}},"DecideAction":{"count":480256,"self":43699.8832128,"total":43699.8834916,"children":null},"AgentAct":{"count":480256,"self":144.7634816,"total":144.7755901,"children":{"AgentInfo.ToProto":{"count":217,"self":0.0024990999999999998,"total":0.0121108,"children":{"GenerateSensorData":{"count":217,"self":0.0091118,"total":0.0096116999999999991,"children":{"RayPerceptionSensor.Perceive":{"count":434,"self":0.0004999,"total":0.0004999,"children":null}}}}}}},"AgentInfo.ToProto":{"count":61993,"self":0.4968371,"total":3.2428443,"children":{"GenerateSensorData":{"count":61993,"self":2.5177028,"total":2.7460071999999998,"children":{"RayPerceptionSensor.Perceive":{"count":123986,"self":0.2283045,"total":0.2283045,"children":null}}}}}},"gauges":{"AIDriver.CumulativeReward":{"count":62210,"max":1463.05261,"min":-2037.217,"runningAverage":261.038147,"value":193.2396,"weightedAverage":204.857773}},"metadata":{"timer_format_version":"0.1.0","start_time_seconds":"1633197233","unity_version":"2020.3.16f1","command_line_arguments":"C:\\Program Files\\Unity\\Hub\\Editor\\2020.3.16f1\\Editor\\Unity.exe -projectpath C:\/Users\/Student\/OneDrive - Loughborough University\/Documents\/GitHub\/AIDriver\/AIDriver -useHub -hubIPC -cloudEnvironment production -hubSessionId 2dcf5a30-2312-11ec-b228-abcdec18d9f0","communication_protocol_version":"1.5.0","com.unity.ml-agents_version":"2.1.0-exp.1","scene_name":"SampleScene","end_time_seconds":"1633271968"}}