{"count":1,"self":11519.193088,"total":51597.759819399995,"children":{"InitializeActuators":{"count":256,"self":0.0049245,"total":0.0049245,"children":null},"InitializeSensors":{"count":256,"self":0.0108326,"total":0.0108326,"children":null},"AgentSendState":{"count":367400,"self":8470.5984512,"total":9399.5500718,"children":{"CollectObservations":{"count":94054400,"self":50.332086399999994,"total":50.3320868,"children":null},"WriteActionMask":{"count":94054400,"self":52.1177984,"total":52.1177995,"children":null},"RequestDecision":{"count":94054400,"self":129.64904959999998,"total":826.50180689999991,"children":{"AgentInfo.ToProto":{"count":94054400,"self":113.4314624,"total":696.8527558,"children":{"GenerateSensorData":{"count":94054400,"self":465.20023039999995,"total":583.4212871,"children":{"RayPerceptionSensor.Perceive":{"count":94054400,"self":118.2210688,"total":118.22106529999999,"children":null}}}}}}}}},"DecideAction":{"count":367400,"self":30495.5949056,"total":30495.5937656,"children":null},"AgentAct":{"count":367400,"self":179.7785472,"total":180.4454905,"children":{"AgentInfo.ToProto":{"count":26434,"self":0.1144241,"total":0.66694409999999993,"children":{"GenerateSensorData":{"count":26434,"self":0.5198269,"total":0.55252,"children":{"RayPerceptionSensor.Perceive":{"count":26434,"self":0.032693099999999996,"total":0.032693099999999996,"children":null}}}}}}},"AgentInfo.ToProto":{"count":99734,"self":0.6347771,"total":2.9610384,"children":{"GenerateSensorData":{"count":99734,"self":2.1227934,"total":2.3262613,"children":{"RayPerceptionSensor.Perceive":{"count":99734,"self":0.20346789999999998,"total":0.20346789999999998,"children":null}}}}}},"gauges":{"AIDriver.CumulativeReward":{"count":126168,"max":527.283264,"min":-729.1118,"runningAverage":70.60259,"value":42.1278725,"weightedAverage":36.478775}},"metadata":{"timer_format_version":"0.1.0","start_time_seconds":"1629155407","unity_version":"2020.3.16f1","command_line_arguments":"C:\\Program Files\\Unity\\Hub\\Editor\\2020.3.16f1\\Editor\\Unity.exe -projectpath C:\/Users\/Student\/Documents\/GitHub\/AIDriver\/AIDriver -useHub -hubIPC -cloudEnvironment production -hubSessionId a2206510-fee5-11eb-8a01-81d03a21135d -accessToken 0XkYMph2L5nbhluGnfTrCnuK6PiRlyhbO_JfwZymtrA005f","communication_protocol_version":"1.5.0","com.unity.ml-agents_version":"2.1.0-exp.1","scene_name":"SampleScene","end_time_seconds":"1629207005"}}