{"count":1,"self":2646.4677888,"total":18459.055871599998,"children":{"InitializeActuators":{"count":64,"self":0.0018387,"total":0.0018387,"children":null},"InitializeSensors":{"count":64,"self":0.001839,"total":0.001839,"children":null},"AgentSendState":{"count":277291,"self":741.8536448,"total":949.9000663999999,"children":{"CollectObservations":{"count":17746624,"self":9.6229024,"total":9.6229027,"children":null},"WriteActionMask":{"count":17746624,"self":12.1376072,"total":12.1376075,"children":null},"RequestDecision":{"count":17746624,"self":26.8804064,"total":186.2858919,"children":{"AgentInfo.ToProto":{"count":17746624,"self":26.6121488,"total":159.4054864,"children":{"GenerateSensorData":{"count":17746624,"self":109.2676352,"total":132.79333739999998,"children":{"RayPerceptionSensor.Perceive":{"count":17746624,"self":23.5257008,"total":23.5257015,"children":null}}}}}}}}},"DecideAction":{"count":277291,"self":14826.790911999999,"total":14826.7908803,"children":null},"AgentAct":{"count":277291,"self":35.352582399999996,"total":35.4591018,"children":{"AgentInfo.ToProto":{"count":4419,"self":0.0211772,"total":0.1065185,"children":{"GenerateSensorData":{"count":4419,"self":0.0785463,"total":0.0853413,"children":{"RayPerceptionSensor.Perceive":{"count":4419,"self":0.006795,"total":0.006795,"children":null}}}}}}},"AgentInfo.ToProto":{"count":14270,"self":0.1102677,"total":0.4342657,"children":{"GenerateSensorData":{"count":14270,"self":0.2989307,"total":0.323998,"children":{"RayPerceptionSensor.Perceive":{"count":14270,"self":0.025067299999999997,"total":0.025067299999999997,"children":null}}}}}},"gauges":{"AIDriver.CumulativeReward":{"count":18689,"max":520.2121,"min":-25.8770332,"runningAverage":84.5738449,"value":84.02768,"weightedAverage":61.67604}},"metadata":{"timer_format_version":"0.1.0","start_time_seconds":"1629632594","unity_version":"2020.3.16f1","command_line_arguments":"C:\\Program Files\\Unity\\Hub\\Editor\\2020.3.16f1\\Editor\\Unity.exe -projectpath C:\/Users\/Student\/Documents\/GitHub\/AIDriver\/AIDriver -useHub -hubIPC -cloudEnvironment production -hubSessionId 55f5afb0-01f6-11ec-83ef-ebadbc29e7ee -accessToken dai1rd2MjqFU236oGE584KyQFf73rCmHNY4FDN1zTE4005f","communication_protocol_version":"1.5.0","com.unity.ml-agents_version":"2.1.0-exp.1","scene_name":"SampleScene","end_time_seconds":"1629651053"}}