{"count":1,"self":2869.9275264,"total":10297.1065312,"children":{"InitializeActuators":{"count":256,"self":0.0049942,"total":0.0049942,"children":null},"InitializeSensors":{"count":256,"self":0.0079913,"total":0.0079913,"children":null},"AgentSendState":{"count":54191,"self":1040.2648064,"total":1326.5660202,"children":{"CollectObservations":{"count":13872896,"self":25.3291184,"total":25.329117699999998,"children":null},"WriteActionMask":{"count":13872896,"self":9.295876,"total":9.2958762,"children":null},"RequestDecision":{"count":13872896,"self":23.1245296,"total":251.67624669999998,"children":{"AgentInfo.ToProto":{"count":13872896,"self":19.208208,"total":228.55171679999998,"children":{"GenerateSensorData":{"count":13872896,"self":181.11850239999998,"total":209.3435083,"children":{"RayPerceptionSensor.Perceive":{"count":27745792,"self":28.225008,"total":28.2250089,"children":null}}}}}}}}},"DecideAction":{"count":54191,"self":6071.2308735999995,"total":6071.231035,"children":null},"AgentAct":{"count":54191,"self":28.785724799999997,"total":28.7897158,"children":{"AgentInfo.ToProto":{"count":166,"self":0,"total":0.0039908,"children":{"GenerateSensorData":{"count":166,"self":0.0029931,"total":0.0039908,"children":{"RayPerceptionSensor.Perceive":{"count":332,"self":0.0009977,"total":0.0009977,"children":null}}}}}}},"AgentInfo.ToProto":{"count":11998,"self":0.093728499999999992,"total":0.5778473,"children":{"GenerateSensorData":{"count":11998,"self":0.45320839999999996,"total":0.48411879999999996,"children":{"RayPerceptionSensor.Perceive":{"count":23996,"self":0.030910399999999998,"total":0.030910399999999998,"children":null}}}}}},"gauges":{"AIDriver.CumulativeReward":{"count":12164,"max":923.2273,"min":-4.52428627,"runningAverage":497.608337,"value":223.141891,"weightedAverage":356.353}},"metadata":{"timer_format_version":"0.1.0","start_time_seconds":"1630964984","unity_version":"2020.3.16f1","command_line_arguments":"C:\\Program Files\\Unity\\Hub\\Editor\\2020.3.16f1\\Editor\\Unity.exe -projectpath C:\/Users\/Student\/Documents\/GitHub\/AIDriver\/AIDriver -useHub -hubIPC -cloudEnvironment production -hubSessionId 17b6da30-0f5c-11ec-bf40-55d1625160b3 -accessToken CK21LD4Dt2era6X-7IlomtUJJu4aURhNaWBz8ZBMDW4005f","communication_protocol_version":"1.5.0","com.unity.ml-agents_version":"2.1.0-exp.1","scene_name":"SampleScene","end_time_seconds":"1630975281"}}