{"count":1,"self":21305.812582399998,"total":56971.8169648,"children":{"InitializeActuators":{"count":32,"self":0.0020005,"total":0.0020005,"children":null},"InitializeSensors":{"count":32,"self":0.0020003,"total":0.0020003,"children":null},"AgentSendState":{"count":1668245,"self":3108.928512,"total":4316.1579492,"children":{"CollectObservations":{"count":53383840,"self":101.7101184,"total":101.71011829999999,"children":null},"WriteActionMask":{"count":53383840,"self":39.6003456,"total":39.6003464,"children":null},"RequestDecision":{"count":53383840,"self":100.4913344,"total":1065.9190499,"children":{"AgentInfo.ToProto":{"count":53383840,"self":91.751750399999992,"total":965.4277131,"children":{"GenerateSensorData":{"count":53383840,"self":752.49024,"total":873.6759599,"children":{"RayPerceptionSensor.Perceive":{"count":106767680,"self":121.18571519999999,"total":121.1857132,"children":null}}}}}}}}},"DecideAction":{"count":1668245,"self":31254.931046399997,"total":31254.931546099997,"children":null},"AgentAct":{"count":1668245,"self":93.7603712,"total":93.8934089,"children":{"AgentInfo.ToProto":{"count":3729,"self":0.0150037,"total":0.1330357,"children":{"GenerateSensorData":{"count":3729,"self":0.1040275,"total":0.118032,"children":{"RayPerceptionSensor.Perceive":{"count":7458,"self":0.0140045,"total":0.0140045,"children":null}}}}}}},"AgentInfo.ToProto":{"count":24599,"self":0.1756703,"total":1.0165121,"children":{"GenerateSensorData":{"count":24599,"self":0.7718178,"total":0.8408418,"children":{"RayPerceptionSensor.Perceive":{"count":49198,"self":0.069024,"total":0.069024,"children":null}}}}}},"gauges":{"AIDriver.CumulativeReward":{"count":28328,"max":1085.81018,"min":-1445.63965,"runningAverage":712.188354,"value":946.630859,"weightedAverage":922.612}},"metadata":{"timer_format_version":"0.1.0","start_time_seconds":"1638564312","unity_version":"2020.3.16f1","command_line_arguments":"C:\\Program Files\\Unity\\Hub\\Editor\\2020.3.16f1\\Editor\\Unity.exe -projectpath C:\/Users\/Student\/OneDrive - Loughborough University\/Documents\/GitHub\/AIDriver\/AIDriver -useHub -hubIPC -cloudEnvironment production -hubSessionId 696b79f0-5479-11ec-9206-6da8382c1393","communication_protocol_version":"1.5.0","com.unity.ml-agents_version":"2.1.0-exp.1","scene_name":"SampleScene","end_time_seconds":"1638621284"}}