{"count":1,"self":16105.18528,"total":28587.1644475,"children":{"InitializeActuators":{"count":32,"self":0.0025023,"total":0.0025023,"children":null},"InitializeSensors":{"count":32,"self":0.0025004,"total":0.0025004,"children":null},"AgentSendState":{"count":174309,"self":1320.4477952,"total":1814.2197632999998,"children":{"CollectObservations":{"count":5577888,"self":35.7365056,"total":35.7365061,"children":null},"WriteActionMask":{"count":5577888,"self":14.029475199999998,"total":14.029475199999998,"children":null},"RequestDecision":{"count":5577888,"self":44.8498048,"total":444.0059981,"children":{"AgentInfo.ToProto":{"count":5577888,"self":40.6565632,"total":399.1561946,"children":{"GenerateSensorData":{"count":5577888,"self":310.0227584,"total":358.49963199999996,"children":{"RayPerceptionSensor.Perceive":{"count":11155776,"self":48.4768736,"total":48.4768721,"children":null}}}}}}}}},"DecideAction":{"count":174309,"self":10645.369651199999,"total":10645.3697662,"children":null},"AgentAct":{"count":174309,"self":22.1823424,"total":22.183845899999998,"children":{"AgentInfo.ToProto":{"count":20,"self":0.00050309999999999992,"total":0.0015038999999999999,"children":{"GenerateSensorData":{"count":20,"self":0.0010008,"total":0.0010008,"children":{"RayPerceptionSensor.Perceive":{"count":40,"self":0,"total":0,"children":null}}}}}}},"AgentInfo.ToProto":{"count":1511,"self":0.0320408,"total":0.1992581,"children":{"GenerateSensorData":{"count":1511,"self":0.1502083,"total":0.16721729999999999,"children":{"RayPerceptionSensor.Perceive":{"count":3022,"self":0.017009,"total":0.017009,"children":null}}}}}},"gauges":{"AIDriver.CumulativeReward":{"count":1531,"max":1350.53455,"min":-177.801727,"runningAverage":927.1078,"value":1334.46277,"weightedAverage":1046.33972}},"metadata":{"timer_format_version":"0.1.0","start_time_seconds":"1639274715","unity_version":"2020.3.16f1","command_line_arguments":"C:\\Program Files\\Unity\\Hub\\Editor\\2020.3.16f1\\Editor\\Unity.exe -projectpath C:\/Users\/Student\/OneDrive - Loughborough University\/Documents\/GitHub\/AIDriver\/AIDriver -useHub -hubIPC -cloudEnvironment production -hubSessionId 3b2233b0-57bf-11ec-aa80-e50d279f9103","communication_protocol_version":"1.5.0","com.unity.ml-agents_version":"2.1.0-exp.1","scene_name":"SampleScene","end_time_seconds":"1639303303"}}