{"count":1,"self":25.433270399999998,"total":45.316664499999995,"children":{"InitializeActuators":{"count":256,"self":0.0067227,"total":0.0067227,"children":null},"InitializeSensors":{"count":256,"self":0.0048011999999999994,"total":0.0048011999999999994,"children":null},"AgentSendState":{"count":1285,"self":17.5414288,"total":18.1218199,"children":{"CollectObservations":{"count":328960,"self":0.1678763,"total":0.1678763,"children":null},"WriteActionMask":{"count":328960,"self":0.1874074,"total":0.1874074,"children":null},"RequestDecision":{"count":328960,"self":0.22510809999999998,"total":0.22510809999999998,"children":null}}},"DecideAction":{"count":1285,"self":0.953243,"total":1.3856416999999999,"children":{"RayPerceptionSensor.Perceive":{"count":328960,"self":0.43239869999999997,"total":0.43239869999999997,"children":null}}},"AgentAct":{"count":1285,"self":0.363909,"total":0.363909,"children":null}},"gauges":{"AIDriver.CumulativeReward":{"count":379,"max":537.369263,"min":-9.202885,"runningAverage":141.017868,"value":285.959778,"weightedAverage":357.516937}},"metadata":{"timer_format_version":"0.1.0","start_time_seconds":"1628198410","unity_version":"2020.3.14f1","command_line_arguments":"C:\\Program Files\\Unity\\Hub\\Editor\\2020.3.14f1\\Editor\\Unity.exe -projectpath C:\/Users\/Student\/Documents\/GitHub\/AIDriver\/AIDriver -useHub -hubIPC -cloudEnvironment production -hubSessionId e73fe3d0-f62c-11eb-b5dd-4d2d5a691205 -accessToken vYGGvvjj0Kw1EEw3BEOrIL6Bkpwr7jGXr8gPcvPQnf4005f","communication_protocol_version":"1.5.0","com.unity.ml-agents_version":"2.1.0-exp.1","scene_name":"SampleScene","end_time_seconds":"1628198456"}}