{"count":1,"self":14453.6682496,"total":39091.4229212,"children":{"InitializeActuators":{"count":128,"self":0.0029852999999999998,"total":0.0029852999999999998,"children":null},"InitializeSensors":{"count":128,"self":0.003981,"total":0.003981,"children":null},"AgentSendState":{"count":326870,"self":2973.8346496,"total":3814.827708,"children":{"CollectObservations":{"count":41839360,"self":73.8203264,"total":73.820325799999992,"children":null},"WriteActionMask":{"count":41839360,"self":26.2827424,"total":26.2827429,"children":null},"RequestDecision":{"count":41839360,"self":64.054335999999992,"total":740.8900659,"children":{"AgentInfo.ToProto":{"count":41839360,"self":58.0005184,"total":676.83572789999994,"children":{"GenerateSensorData":{"count":41839360,"self":534.7886592,"total":618.8352064,"children":{"RayPerceptionSensor.Perceive":{"count":83678720,"self":84.0465344,"total":84.0465366,"children":null}}}}}}}}},"DecideAction":{"count":326870,"self":20734.9006336,"total":20734.9011769,"children":null},"AgentAct":{"count":326870,"self":87.55623039999999,"total":87.5611792,"children":{"AgentInfo.ToProto":{"count":306,"self":0,"total":0.0049499999999999995,"children":{"GenerateSensorData":{"count":306,"self":0.0049499999999999995,"total":0.0049499999999999995,"children":{"RayPerceptionSensor.Perceive":{"count":612,"self":0,"total":0,"children":null}}}}}}},"AgentInfo.ToProto":{"count":11722,"self":0.0699061,"total":0.45729569999999997,"children":{"GenerateSensorData":{"count":11722,"self":0.35220769999999996,"total":0.3873896,"children":{"RayPerceptionSensor.Perceive":{"count":23444,"self":0.035181899999999995,"total":0.035181899999999995,"children":null}}}}}},"gauges":{"AIDriver.CumulativeReward":{"count":12028,"max":1343.10461,"min":-3022.7937,"runningAverage":559.6287,"value":747.2552,"weightedAverage":761.252136}},"metadata":{"timer_format_version":"0.1.0","start_time_seconds":"1632706531","unity_version":"2020.3.16f1","command_line_arguments":"C:\\Program Files\\Unity\\Hub\\Editor\\2020.3.16f1\\Editor\\Unity.exe -projectpath C:\/Users\/Student\/OneDrive - Loughborough University\/Documents\/GitHub\/AIDriver\/AIDriver -useHub -hubIPC -cloudEnvironment production -hubSessionId d0a10b80-1f2c-11ec-ad0a-7f7070c31828 -accessToken xTYR7RD19AkVlHgIONJHt-xM-0OpJanToZK5il0TAE4005f","communication_protocol_version":"1.5.0","com.unity.ml-agents_version":"2.1.0-exp.1","scene_name":"SampleScene","end_time_seconds":"1632745622"}}