{"count":1,"self":625.9262976,"total":3038.2247629,"children":{"InitializeActuators":{"count":128,"self":0.0035545,"total":0.0035545,"children":null},"InitializeSensors":{"count":128,"self":0.0017772999999999999,"total":0.0017772999999999999,"children":null},"AgentSendState":{"count":15019,"self":109.2524416,"total":133.4241102,"children":{"CollectObservations":{"count":1922432,"self":1.0485716,"total":1.0485716,"children":null},"WriteActionMask":{"count":1922432,"self":1.3699679999999999,"total":1.3699679999999999,"children":null},"RequestDecision":{"count":1922432,"self":2.9419923999999997,"total":21.75313,"children":{"AgentInfo.ToProto":{"count":1922432,"self":3.1558572,"total":18.8111377,"children":{"GenerateSensorData":{"count":1922432,"self":13.116287199999999,"total":15.6552805,"children":{"RayPerceptionSensor.Perceive":{"count":1922432,"self":2.5389934,"total":2.5389934,"children":null}}}}}}}}},"DecideAction":{"count":15019,"self":2274.6159104,"total":2274.6159519,"children":null},"AgentAct":{"count":15019,"self":4.1754536,"total":4.1789699,"children":{"AgentInfo.ToProto":{"count":202,"self":0,"total":0.0035163,"children":{"GenerateSensorData":{"count":202,"self":0.0017576999999999998,"total":0.0035163,"children":{"RayPerceptionSensor.Perceive":{"count":202,"self":0.0017586,"total":0.0017586,"children":null}}}}}}},"AgentInfo.ToProto":{"count":2378,"self":0.019288899999999998,"total":0.0735214,"children":{"GenerateSensorData":{"count":2378,"self":0.049531099999999995,"total":0.054232499999999996,"children":{"RayPerceptionSensor.Perceive":{"count":2378,"self":0.0047014,"total":0.0047014,"children":null}}}}}},"gauges":{"AIDriver.CumulativeReward":{"count":2580,"max":352.03418,"min":-287.613,"runningAverage":74.9485855,"value":90.1338959,"weightedAverage":48.30645}},"metadata":{"timer_format_version":"0.1.0","start_time_seconds":"1629325201","unity_version":"2020.3.16f1","command_line_arguments":"C:\\Program Files\\Unity\\Hub\\Editor\\2020.3.16f1\\Editor\\Unity.exe -projectpath C:\/Users\/Student\/Documents\/GitHub\/AIDriver\/AIDriver -useHub -hubIPC -cloudEnvironment production -hubSessionId ebc33420-0013-11ec-a019-5df7f13ef757 -accessToken MBvH5YuqbXupBwhltG4oW2w0h3sj7JlpoiUvoqyO1Wo005f","communication_protocol_version":"1.5.0","com.unity.ml-agents_version":"2.1.0-exp.1","scene_name":"SampleScene","end_time_seconds":"1629328239"}}