{"count":1,"self":8995.0437375999991,"total":27900.3909054,"children":{"InitializeActuators":{"count":32,"self":0.0025004,"total":0.0025004,"children":null},"InitializeSensors":{"count":32,"self":0.0030004,"total":0.0030004,"children":null},"AgentSendState":{"count":256683,"self":1981.7795583999998,"total":2803.1692066,"children":{"CollectObservations":{"count":8213856,"self":55.1066496,"total":55.106650699999996,"children":null},"WriteActionMask":{"count":8213856,"self":21.9605344,"total":21.9605337,"children":null},"RequestDecision":{"count":8213856,"self":71.259072,"total":744.3223676,"children":{"AgentInfo.ToProto":{"count":8213856,"self":66.43328,"total":673.06329369999992,"children":{"GenerateSensorData":{"count":8213856,"self":530.8421632,"total":606.63001339999994,"children":{"RayPerceptionSensor.Perceive":{"count":16427712,"self":75.7878656,"total":75.7878657,"children":null}}}}}}}}},"DecideAction":{"count":256683,"self":16067.611852799999,"total":16067.612194899999,"children":null},"AgentAct":{"count":256683,"self":34.1721504,"total":34.210628799999995,"children":{"AgentInfo.ToProto":{"count":377,"self":0.0049936999999999994,"total":0.038479,"children":{"GenerateSensorData":{"count":377,"self":0.029986299999999997,"total":0.033485299999999996,"children":{"RayPerceptionSensor.Perceive":{"count":754,"self":0.003499,"total":0.003499,"children":null}}}}}}},"AgentInfo.ToProto":{"count":2879,"self":0.0585355,"total":0.3487472,"children":{"GenerateSensorData":{"count":2879,"self":0.26018589999999997,"total":0.29021169999999996,"children":{"RayPerceptionSensor.Perceive":{"count":5758,"self":0.0300258,"total":0.0300258,"children":null}}}}}},"gauges":{"AIDriver.CumulativeReward":{"count":3256,"max":1344.20837,"min":-218.139084,"runningAverage":403.729553,"value":653.898,"weightedAverage":510.424561}},"metadata":{"timer_format_version":"0.1.0","start_time_seconds":"1639017456","unity_version":"2020.3.16f1","command_line_arguments":"C:\\Program Files\\Unity\\Hub\\Editor\\2020.3.16f1\\Editor\\Unity.exe -projectpath C:\/Users\/Student\/OneDrive - Loughborough University\/Documents\/GitHub\/AIDriver\/AIDriver -useHub -hubIPC -cloudEnvironment production -hubSessionId 3b2233b0-57bf-11ec-aa80-e50d279f9103","communication_protocol_version":"1.5.0","com.unity.ml-agents_version":"2.1.0-exp.1","scene_name":"SampleScene","end_time_seconds":"1639045356"}}