{"count":1,"self":12877.7601024,"total":56873.6769887,"children":{"InitializeActuators":{"count":256,"self":0.0019436999999999998,"total":0.0019436999999999998,"children":null},"InitializeSensors":{"count":256,"self":0.0048579999999999995,"total":0.0048579999999999995,"children":null},"AgentSendState":{"count":429582,"self":8464.3774464,"total":9617.9871253,"children":{"CollectObservations":{"count":109972992,"self":55.809343999999996,"total":55.809342199999996,"children":null},"WriteActionMask":{"count":109972992,"self":58.6445248,"total":58.6445228,"children":null},"RequestDecision":{"count":109972992,"self":152.2797056,"total":1039.155617,"children":{"AgentInfo.ToProto":{"count":109972992,"self":142.739136,"total":886.8759162,"children":{"GenerateSensorData":{"count":109972992,"self":606.5972224,"total":744.1367802,"children":{"RayPerceptionSensor.Perceive":{"count":109972992,"self":137.5395584,"total":137.5395606,"children":null}}}}}}}}},"DecideAction":{"count":429582,"self":34170.8341248,"total":34170.834525,"children":null},"AgentAct":{"count":429582,"self":203.21248,"total":204.18761369999999,"children":{"AgentInfo.ToProto":{"count":37053,"self":0.1579847,"total":0.9751337,"children":{"GenerateSensorData":{"count":37053,"self":0.7464234,"total":0.817149,"children":{"RayPerceptionSensor.Perceive":{"count":37053,"self":0.0707256,"total":0.0707256,"children":null}}}}}}},"AgentInfo.ToProto":{"count":93461,"self":0.6517236,"total":2.8994503,"children":{"GenerateSensorData":{"count":93461,"self":2.0574787999999997,"total":2.2477267,"children":{"RayPerceptionSensor.Perceive":{"count":93461,"self":0.190248,"total":0.190248,"children":null}}}}}},"gauges":{"AIDriver.CumulativeReward":{"count":130514,"max":99.28302,"min":-22.5407333,"runningAverage":72.6867447,"value":67.9344,"weightedAverage":72.93723}},"metadata":{"timer_format_version":"0.1.0","start_time_seconds":"1628803383","unity_version":"2020.3.14f1","command_line_arguments":"C:\\Program Files\\Unity\\Hub\\Editor\\2020.3.14f1\\Editor\\Unity.exe -projectpath C:\/Users\/Student\/Documents\/GitHub\/AIDriver\/AIDriver -useHub -hubIPC -cloudEnvironment production -hubSessionId 6f4a94f0-fba0-11eb-b014-cfdc19244007 -accessToken N3TrzRVASFgKsRSgL6tppal5ZNhPv8jGl9SjCkJwQrI005f","communication_protocol_version":"1.5.0","com.unity.ml-agents_version":"2.1.0-exp.1","scene_name":"SampleScene","end_time_seconds":"1628860257"}}