{"count":1,"self":2184.7310336,"total":4728.2946037,"children":{"InitializeActuators":{"count":32,"self":0.0025312,"total":0.0025312,"children":null},"InitializeSensors":{"count":32,"self":0.0033744,"total":0.0033744,"children":null},"AgentSendState":{"count":113816,"self":209.84847359999998,"total":297.2836514,"children":{"CollectObservations":{"count":3642112,"self":7.7963303999999995,"total":7.7963303999999995,"children":null},"WriteActionMask":{"count":3642112,"self":2.6257516,"total":2.6257516,"children":null},"RequestDecision":{"count":3642112,"self":7.0948895999999992,"total":77.0130997,"children":{"AgentInfo.ToProto":{"count":3642112,"self":6.2072224,"total":69.9182099,"children":{"GenerateSensorData":{"count":3642112,"self":55.610636799999995,"total":63.7109873,"children":{"RayPerceptionSensor.Perceive":{"count":7284224,"self":8.1003519999999991,"total":8.1003522,"children":null}}}}}}}}},"DecideAction":{"count":113816,"self":2237.6753152,"total":2237.6752183999997,"children":null},"AgentAct":{"count":113816,"self":8.4260928,"total":8.4268612,"children":{"AgentInfo.ToProto":{"count":76,"self":0,"total":0.00076819999999999992,"children":{"GenerateSensorData":{"count":76,"self":0.00076819999999999992,"total":0.00076819999999999992,"children":{"RayPerceptionSensor.Perceive":{"count":152,"self":0,"total":0,"children":null}}}}}}},"AgentInfo.ToProto":{"count":3838,"self":0.021168199999999998,"total":0.1708497,"children":{"GenerateSensorData":{"count":3838,"self":0.1362979,"total":0.1496815,"children":{"RayPerceptionSensor.Perceive":{"count":7676,"self":0.013383599999999999,"total":0.013383599999999999,"children":null}}}}}},"gauges":{"AIDriver.CumulativeReward":{"count":3914,"max":564.279,"min":-258.2026,"runningAverage":477.4347,"value":539.53894,"weightedAverage":526.1922}},"metadata":{"timer_format_version":"0.1.0","start_time_seconds":"1630279683","unity_version":"2020.3.16f1","command_line_arguments":"C:\\Program Files\\Unity\\Hub\\Editor\\2020.3.16f1\\Editor\\Unity.exe -projectpath C:\/Users\/Student\/Documents\/GitHub\/AIDriver\/AIDriver -useHub -hubIPC -cloudEnvironment production -hubSessionId 1e3e5890-0824-11ec-9376-61fb78e16adb -accessToken ryrml6jqyBzoXix6ASFDYxvDeBVE6rFxqsGqpaskL1c005f","communication_protocol_version":"1.5.0","com.unity.ml-agents_version":"2.1.0-exp.1","scene_name":"SampleScene","end_time_seconds":"1630284411"}}