{"count":1,"self":9991.8331903999988,"total":29095.9125874,"children":{"InitializeActuators":{"count":32,"self":0.0019927,"total":0.0019927,"children":null},"InitializeSensors":{"count":32,"self":0.0019928999999999997,"total":0.0019928999999999997,"children":null},"AgentSendState":{"count":311521,"self":1743.1242751999998,"total":2514.3451849,"children":{"CollectObservations":{"count":9968672,"self":53.9391104,"total":53.9391094,"children":null},"WriteActionMask":{"count":9968672,"self":21.2216176,"total":21.221617,"children":null},"RequestDecision":{"count":9968672,"self":66.154003199999991,"total":696.06024989999992,"children":{"AgentInfo.ToProto":{"count":9968672,"self":61.9348928,"total":629.90624759999992,"children":{"GenerateSensorData":{"count":9968672,"self":493.8991104,"total":567.9713534,"children":{"RayPerceptionSensor.Perceive":{"count":19937344,"self":74.0722304,"total":74.0722335,"children":null}}}}}}}}},"DecideAction":{"count":311521,"self":16553.385984,"total":16553.3865922,"children":null},"AgentAct":{"count":311521,"self":35.6298976,"total":35.6329025,"children":{"AgentInfo.ToProto":{"count":35,"self":0.00050099999999999993,"total":0.0030049,"children":{"GenerateSensorData":{"count":35,"self":0.0020039999999999997,"total":0.0025039,"children":{"RayPerceptionSensor.Perceive":{"count":70,"self":0.0004999,"total":0.0004999,"children":null}}}}}}},"AgentInfo.ToProto":{"count":7137,"self":0.1006123,"total":0.7096698,"children":{"GenerateSensorData":{"count":7137,"self":0.5465087,"total":0.60905749999999992,"children":{"RayPerceptionSensor.Perceive":{"count":14274,"self":0.0625488,"total":0.0625488,"children":null}}}}}},"gauges":{"AIDriver.CumulativeReward":{"count":7172,"max":1095.77759,"min":-1253.69763,"runningAverage":960.045959,"value":1072.73193,"weightedAverage":1068.79761}},"metadata":{"timer_format_version":"0.1.0","start_time_seconds":"1638924083","unity_version":"2020.3.16f1","command_line_arguments":"C:\\Program Files\\Unity\\Hub\\Editor\\2020.3.16f1\\Editor\\Unity.exe -projectpath C:\/Users\/Student\/OneDrive - Loughborough University\/Documents\/GitHub\/AIDriver\/AIDriver -useHub -hubIPC -cloudEnvironment production -hubSessionId 3b2233b0-57bf-11ec-aa80-e50d279f9103","communication_protocol_version":"1.5.0","com.unity.ml-agents_version":"2.1.0-exp.1","scene_name":"SampleScene","end_time_seconds":"1638953179"}}