{"count":1,"self":8078.4801792,"total":35816.1869512,"children":{"InitializeActuators":{"count":256,"self":0.002993,"total":0.002993,"children":null},"InitializeSensors":{"count":256,"self":0.0059862,"total":0.0059862,"children":null},"AgentSendState":{"count":279158,"self":5676.5505536,"total":6431.4029494,"children":{"CollectObservations":{"count":71464448,"self":35.675456,"total":35.6754563,"children":null},"WriteActionMask":{"count":71464448,"self":39.4835296,"total":39.483528899999996,"children":null},"RequestDecision":{"count":71464448,"self":99.6427648,"total":679.69339989999992,"children":{"AgentInfo.ToProto":{"count":71464448,"self":92.2162688,"total":580.0506373,"children":{"GenerateSensorData":{"count":71464448,"self":397.18845439999996,"total":487.8343668,"children":{"RayPerceptionSensor.Perceive":{"count":71464448,"self":90.6459136,"total":90.6459134,"children":null}}}}}}}}},"DecideAction":{"count":279158,"self":21172.1650176,"total":21172.165392799998,"children":null},"AgentAct":{"count":279158,"self":132.0300928,"total":132.6796383,"children":{"AgentInfo.ToProto":{"count":26763,"self":0.1103526,"total":0.6495466,"children":{"GenerateSensorData":{"count":26763,"self":0.49253009999999997,"total":0.539194,"children":{"RayPerceptionSensor.Perceive":{"count":26763,"self":0.0466639,"total":0.0466639,"children":null}}}}}}},"AgentInfo.ToProto":{"count":48376,"self":0.3184972,"total":1.4496231,"children":{"GenerateSensorData":{"count":48376,"self":1.0343883,"total":1.1311259,"children":{"RayPerceptionSensor.Perceive":{"count":48376,"self":0.096737599999999993,"total":0.096737599999999993,"children":null}}}}}},"gauges":{"AIDriver.CumulativeReward":{"count":75139,"max":89.31504,"min":-15.1917868,"runningAverage":65.07392,"value":47.1292534,"weightedAverage":52.27631}},"metadata":{"timer_format_version":"0.1.0","start_time_seconds":"1628390297","unity_version":"2020.3.14f1","command_line_arguments":"C:\\Program Files\\Unity\\Hub\\Editor\\2020.3.14f1\\Editor\\Unity.exe -projectpath C:\/Users\/Student\/Documents\/GitHub\/AIDriver\/AIDriver -useHub -hubIPC -cloudEnvironment production -hubSessionId 8951f1c0-f7f1-11eb-b990-e118659628ae -accessToken uaDGegcOJQ2jj--IoCQOHfhUaJFmQv32IbWfa8mhTwA005f","communication_protocol_version":"1.5.0","com.unity.ml-agents_version":"2.1.0-exp.1","scene_name":"SampleScene","end_time_seconds":"1628426113"}}