{"count":1,"self":28781.3238784,"total":54422.038074899996,"children":{"InitializeActuators":{"count":32,"self":0.0040003999999999994,"total":0.0040003999999999994,"children":null},"InitializeSensors":{"count":32,"self":0.0020008,"total":0.0020008,"children":null},"AgentSendState":{"count":661476,"self":2302.4203776,"total":3346.9811578,"children":{"CollectObservations":{"count":21167232,"self":78.630931199999992,"total":78.6309339,"children":null},"WriteActionMask":{"count":21167232,"self":30.5459872,"total":30.5459885,"children":null},"RequestDecision":{"count":21167232,"self":90.1614144,"total":935.3838435,"children":{"AgentInfo.ToProto":{"count":21167232,"self":82.9727424,"total":845.2224286,"children":{"GenerateSensorData":{"count":21167232,"self":663.8973952,"total":762.24968419999993,"children":{"RayPerceptionSensor.Perceive":{"count":42334464,"self":98.3522816,"total":98.3522804,"children":null}}}}}}}}},"DecideAction":{"count":661476,"self":22231.3938944,"total":22231.393185,"children":null},"AgentAct":{"count":661476,"self":61.4162944,"total":61.4323013,"children":{"AgentInfo.ToProto":{"count":362,"self":0.0020001999999999997,"total":0.0160096,"children":{"GenerateSensorData":{"count":362,"self":0.0110084,"total":0.0140094,"children":{"RayPerceptionSensor.Perceive":{"count":724,"self":0.0030009999999999998,"total":0.0030009999999999998,"children":null}}}}}}},"AgentInfo.ToProto":{"count":12637,"self":0.144594,"total":0.9011167,"children":{"GenerateSensorData":{"count":12637,"self":0.6850864,"total":0.7565227,"children":{"RayPerceptionSensor.Perceive":{"count":25274,"self":0.0714363,"total":0.0714363,"children":null}}}}}},"gauges":{"AIDriver.CumulativeReward":{"count":12999,"max":1163.84741,"min":-542.2544,"runningAverage":343.428131,"value":-8.15477848,"weightedAverage":150.231049}},"metadata":{"timer_format_version":"0.1.0","start_time_seconds":"1639605085","unity_version":"2020.3.16f1","command_line_arguments":"C:\\Program Files\\Unity\\Hub\\Editor\\2020.3.16f1\\Editor\\Unity.exe -projectpath C:\/Users\/Student\/OneDrive - Loughborough University\/Documents\/GitHub\/AIDriver\/AIDriver -useHub -hubIPC -cloudEnvironment production -hubSessionId f9290080-5c6c-11ec-a4d1-85a113a5c782","communication_protocol_version":"1.5.0","com.unity.ml-agents_version":"2.1.0-exp.1","scene_name":"SampleScene","end_time_seconds":"1639659507"}}