{"count":1,"self":19867.454668799997,"total":50909.5816814,"children":{"InitializeActuators":{"count":64,"self":0.0019131999999999999,"total":0.0019131999999999999,"children":null},"InitializeSensors":{"count":64,"self":0.0057399999999999994,"total":0.0057399999999999994,"children":null},"AgentSendState":{"count":778348,"self":2901.1247104,"total":3988.2402901,"children":{"CollectObservations":{"count":49814272,"self":88.1919808,"total":88.19198089999999,"children":null},"WriteActionMask":{"count":49814272,"self":35.633296,"total":35.6332968,"children":null},"RequestDecision":{"count":49814272,"self":89.4275648,"total":963.2902852,"children":{"AgentInfo.ToProto":{"count":49814272,"self":84.2200064,"total":873.8627229,"children":{"GenerateSensorData":{"count":49814272,"self":675.96600319999993,"total":789.6427195,"children":{"RayPerceptionSensor.Perceive":{"count":99628544,"self":113.67673599999999,"total":113.6767342,"children":null}}}}}}}}},"DecideAction":{"count":778348,"self":26959.5164672,"total":26959.515900899998,"children":null},"AgentAct":{"count":778348,"self":92.5879424,"total":92.6293159,"children":{"AgentInfo.ToProto":{"count":1229,"self":0.0027594,"total":0.041372099999999995,"children":{"GenerateSensorData":{"count":1229,"self":0.034934099999999996,"total":0.0386127,"children":{"RayPerceptionSensor.Perceive":{"count":2458,"self":0.0036785999999999998,"total":0.0036785999999999998,"children":null}}}}}}},"AgentInfo.ToProto":{"count":43824,"self":0.27127039999999997,"total":1.7338816,"children":{"GenerateSensorData":{"count":43824,"self":1.3151707,"total":1.4626112,"children":{"RayPerceptionSensor.Perceive":{"count":87648,"self":0.1474405,"total":0.1474405,"children":null}}}}}},"gauges":{"AIDriver.CumulativeReward":{"count":45053,"max":1153.41968,"min":-1306.85425,"runningAverage":174.593384,"value":-4.289355,"weightedAverage":49.049057}},"metadata":{"timer_format_version":"0.1.0","start_time_seconds":"1640038009","unity_version":"2020.3.16f1","command_line_arguments":"C:\\Program Files\\Unity\\Hub\\Editor\\2020.3.16f1\\Editor\\Unity.exe -projectpath C:\/Users\/Student\/OneDrive - Loughborough University\/Documents\/GitHub\/AIDriver\/AIDriver -useHub -hubIPC -cloudEnvironment production -hubSessionId 0ed6eb50-61df-11ec-a5eb-b935d2c2fe8f","communication_protocol_version":"1.5.0","com.unity.ml-agents_version":"2.1.0-exp.1","scene_name":"SampleScene","end_time_seconds":"1640088919"}}