{"count":1,"self":14395.7540864,"total":56180.7755154,"children":{"InitializeActuators":{"count":128,"self":0.0030004,"total":0.0030004,"children":null},"InitializeSensors":{"count":128,"self":0.0030020999999999997,"total":0.0030020999999999997,"children":null},"AgentSendState":{"count":824999,"self":6195.8766591999993,"total":7358.2549746999994,"children":{"CollectObservations":{"count":105599872,"self":53.4833984,"total":53.483398,"children":null},"WriteActionMask":{"count":105599872,"self":59.0455744,"total":59.0455763,"children":null},"RequestDecision":{"count":105599872,"self":145.196672,"total":1049.8492173,"children":{"AgentInfo.ToProto":{"count":105599872,"self":148.2779648,"total":904.6525488,"children":{"GenerateSensorData":{"count":105599872,"self":623.6615168,"total":756.3745786,"children":{"RayPerceptionSensor.Perceive":{"count":105599872,"self":132.7130752,"total":132.7130778,"children":null}}}}}}}}},"DecideAction":{"count":824999,"self":34234.0534272,"total":34234.0531941,"children":null},"AgentAct":{"count":824999,"self":189.39845119999998,"total":190.2553939,"children":{"AgentInfo.ToProto":{"count":36822,"self":0.1244694,"total":0.85694039999999994,"children":{"GenerateSensorData":{"count":36822,"self":0.6501211,"total":0.732471,"children":{"RayPerceptionSensor.Perceive":{"count":36822,"self":0.08234989999999999,"total":0.08234989999999999,"children":null}}}}}}},"AgentInfo.ToProto":{"count":82766,"self":0.5210324,"total":2.4508696,"children":{"GenerateSensorData":{"count":82766,"self":1.7473003999999999,"total":1.9298372,"children":{"RayPerceptionSensor.Perceive":{"count":82766,"self":0.1825367,"total":0.1825367,"children":null}}}}}},"gauges":{"AIDriver.CumulativeReward":{"count":119588,"max":99.12639,"min":-748.220154,"runningAverage":71.03369,"value":88.1421661,"weightedAverage":84.71985}},"metadata":{"timer_format_version":"0.1.0","start_time_seconds":"1628632526","unity_version":"2020.3.14f1","command_line_arguments":"C:\\Program Files\\Unity\\Hub\\Editor\\2020.3.14f1\\Editor\\Unity.exe -projectpath C:\/Users\/Student\/Documents\/GitHub\/AIDriver\/AIDriver -useHub -hubIPC -cloudEnvironment production -hubSessionId a334c670-f9af-11eb-8c3b-9f4d74596637 -accessToken ce-r1F8Q5DNk_Tus-XZRtLfffAqVtrvEOG62QzBIXpc005f","communication_protocol_version":"1.5.0","com.unity.ml-agents_version":"2.1.0-exp.1","scene_name":"SampleScene","end_time_seconds":"1628688707"}}