{"count":1,"self":6164.0511487999993,"total":19103.4764637,"children":{"InitializeActuators":{"count":128,"self":0.0069397999999999994,"total":0.0069397999999999994,"children":null},"InitializeSensors":{"count":128,"self":0.0040008,"total":0.0040008,"children":null},"AgentSendState":{"count":191916,"self":1339.7180415999999,"total":1822.3265076999999,"children":{"CollectObservations":{"count":24565248,"self":37.459430399999995,"total":37.459429199999995,"children":null},"WriteActionMask":{"count":24565248,"self":15.0595696,"total":15.059569999999999,"children":null},"RequestDecision":{"count":24565248,"self":37.0563168,"total":430.0894383,"children":{"AgentInfo.ToProto":{"count":24565248,"self":32.221088,"total":393.0331212,"children":{"GenerateSensorData":{"count":24565248,"self":311.9051264,"total":360.8120326,"children":{"RayPerceptionSensor.Perceive":{"count":49130496,"self":48.906905599999995,"total":48.9069052,"children":null}}}}}}}}},"DecideAction":{"count":191916,"self":11068.281651199999,"total":11068.2813217,"children":null},"AgentAct":{"count":191916,"self":48.040163199999995,"total":48.0621586,"children":{"AgentInfo.ToProto":{"count":644,"self":0.0014996999999999999,"total":0.0219965,"children":{"GenerateSensorData":{"count":644,"self":0.0189996,"total":0.0204968,"children":{"RayPerceptionSensor.Perceive":{"count":1288,"self":0.0014972,"total":0.0014972,"children":null}}}}}}},"AgentInfo.ToProto":{"count":18372,"self":0.11803809999999999,"total":0.7440412,"children":{"GenerateSensorData":{"count":18372,"self":0.5708529,"total":0.62600309999999992,"children":{"RayPerceptionSensor.Perceive":{"count":36744,"self":0.055150199999999996,"total":0.055150199999999996,"children":null}}}}}},"gauges":{"AIDriver.CumulativeReward":{"count":19016,"max":1193.12659,"min":-499.1584,"runningAverage":284.599121,"value":409.9764,"weightedAverage":461.961578}},"metadata":{"timer_format_version":"0.1.0","start_time_seconds":"1632861405","unity_version":"2020.3.16f1","command_line_arguments":"C:\\Program Files\\Unity\\Hub\\Editor\\2020.3.16f1\\Editor\\Unity.exe -projectpath C:\/Users\/Student\/OneDrive - Loughborough University\/Documents\/GitHub\/AIDriver\/AIDriver -useHub -hubIPC -cloudEnvironment production -hubSessionId d0a10b80-1f2c-11ec-ad0a-7f7070c31828 -accessToken 2zQV2X7ZjKMtrnw-IjIC_uONaQ_0xox0G64Fr5KdOoM005f","communication_protocol_version":"1.5.0","com.unity.ml-agents_version":"2.1.0-exp.1","scene_name":"SampleScene","end_time_seconds":"1632880508"}}