{"count":1,"self":28102.043238399998,"total":66452.2670135,"children":{"InitializeActuators":{"count":128,"self":0.0009977,"total":0.0009977,"children":null},"InitializeSensors":{"count":128,"self":0.0049867,"total":0.0049867,"children":null},"AgentSendState":{"count":436351,"self":5162.336256,"total":6699.0929097,"children":{"CollectObservations":{"count":55852928,"self":118.32170239999999,"total":118.3217069,"children":null},"WriteActionMask":{"count":55852928,"self":49.042384,"total":49.0423834,"children":null},"RequestDecision":{"count":55852928,"self":125.7609856,"total":1369.3927145,"children":{"AgentInfo.ToProto":{"count":55852928,"self":107.7581312,"total":1243.6317281,"children":{"GenerateSensorData":{"count":55852928,"self":987.05940479999992,"total":1135.8735935,"children":{"RayPerceptionSensor.Perceive":{"count":111705856,"self":148.814144,"total":148.8141453,"children":null}}}}}}}}},"DecideAction":{"count":436351,"self":31522.6161152,"total":31522.6154661,"children":null},"AgentAct":{"count":436351,"self":127.3506432,"total":127.47225859999999,"children":{"AgentInfo.ToProto":{"count":2644,"self":0.0068258999999999993,"total":0.12161519999999999,"children":{"GenerateSensorData":{"count":2644,"self":0.11087069999999999,"total":0.1147893,"children":{"RayPerceptionSensor.Perceive":{"count":5288,"self":0.0039185999999999995,"total":0.0039185999999999995,"children":null}}}}}}},"AgentInfo.ToProto":{"count":20055,"self":0.130465,"total":1.0366918999999999,"children":{"GenerateSensorData":{"count":20055,"self":0.8297131,"total":0.9062269,"children":{"RayPerceptionSensor.Perceive":{"count":40110,"self":0.076513799999999993,"total":0.076513799999999993,"children":null}}}}}},"gauges":{"AIDriver.CumulativeReward":{"count":22699,"max":1626.7677,"min":-1443.84155,"runningAverage":509.410217,"value":660.905,"weightedAverage":623.9026}},"metadata":{"timer_format_version":"0.1.0","start_time_seconds":"1632922511","unity_version":"2020.3.16f1","command_line_arguments":"C:\\Program Files\\Unity\\Hub\\Editor\\2020.3.16f1\\Editor\\Unity.exe -projectpath C:\/Users\/Student\/OneDrive - Loughborough University\/Documents\/GitHub\/AIDriver\/AIDriver -useHub -hubIPC -cloudEnvironment production -hubSessionId d3086f00-2123-11ec-a0c8-93ed4caeb048","communication_protocol_version":"1.5.0","com.unity.ml-agents_version":"2.1.0-exp.1","scene_name":"SampleScene","end_time_seconds":"1632988963"}}