{"count":1,"self":245.7719296,"total":507.12515679999996,"children":{"InitializeActuators":{"count":32,"self":0.0020005,"total":0.0020005,"children":null},"InitializeSensors":{"count":32,"self":0.0060009999999999994,"total":0.0060009999999999994,"children":null},"AgentSendState":{"count":9260,"self":16.8594576,"total":24.613749,"children":{"CollectObservations":{"count":296320,"self":0.71909859999999992,"total":0.71909859999999992,"children":null},"WriteActionMask":{"count":296320,"self":0.24103839999999999,"total":0.24103839999999999,"children":null},"RequestDecision":{"count":296320,"self":0.636155,"total":6.794155,"children":{"AgentInfo.ToProto":{"count":296320,"self":0.5971034,"total":6.1579999999999995,"children":{"GenerateSensorData":{"count":296320,"self":4.754022,"total":5.5608965999999995,"children":{"RayPerceptionSensor.Perceive":{"count":592640,"self":0.8068747,"total":0.8068747,"children":null}}}}}}}}},"DecideAction":{"count":9260,"self":236.0302592,"total":236.03026179999998,"children":null},"AgentAct":{"count":9260,"self":0.6972064,"total":0.6972064,"children":null},"AgentInfo.ToProto":{"count":81,"self":0,"total":0.003,"children":{"GenerateSensorData":{"count":81,"self":0.0019995,"total":0.003,"children":{"RayPerceptionSensor.Perceive":{"count":162,"self":0.0010004999999999999,"total":0.0010004999999999999,"children":null}}}}}},"gauges":{"AIDriver.CumulativeReward":{"count":81,"max":1185.795,"min":-72.37716,"runningAverage":820.6715,"value":1134.775,"weightedAverage":647.861267}},"metadata":{"timer_format_version":"0.1.0","start_time_seconds":"1640781405","unity_version":"2020.3.16f1","command_line_arguments":"C:\\Program Files\\Unity\\Hub\\Editor\\2020.3.16f1\\Editor\\Unity.exe -projectpath C:\/Users\/Student\/OneDrive - Loughborough University\/Documents\/GitHub\/AIDriver\/AIDriver -useHub -hubIPC -cloudEnvironment production -hubSessionId f1e8e470-66ad-11ec-a3f1-1509550ff7da","communication_protocol_version":"1.5.0","com.unity.ml-agents_version":"2.1.0-exp.1","scene_name":"SampleScene","end_time_seconds":"1640781912"}}