{"count":1,"self":4336.8595455999994,"total":12177.3407283,"children":{"InitializeActuators":{"count":64,"self":0.0020007,"total":0.0020007,"children":null},"InitializeSensors":{"count":64,"self":0.0030006,"total":0.0030006,"children":null},"AgentSendState":{"count":208026,"self":761.728256,"total":1055.2956417999999,"children":{"CollectObservations":{"count":13313664,"self":24.2978384,"total":24.297837899999998,"children":null},"WriteActionMask":{"count":13313664,"self":10.0457232,"total":10.0457234,"children":null},"RequestDecision":{"count":13313664,"self":24.1226624,"total":259.2238415,"children":{"AgentInfo.ToProto":{"count":13313664,"self":21.8752064,"total":235.10117889999998,"children":{"GenerateSensorData":{"count":13313664,"self":183.07333119999998,"total":213.2259719,"children":{"RayPerceptionSensor.Perceive":{"count":26627328,"self":30.1526432,"total":30.1526437,"children":null}}}}}}}}},"DecideAction":{"count":208026,"self":6759.0488064,"total":6759.0489755,"children":null},"AgentAct":{"count":208026,"self":25.6186048,"total":25.798661499999998,"children":{"AgentInfo.ToProto":{"count":5075,"self":0.0180059,"total":0.1800561,"children":{"GenerateSensorData":{"count":5075,"self":0.14604689999999998,"total":0.1620502,"children":{"RayPerceptionSensor.Perceive":{"count":10150,"self":0.016003299999999998,"total":0.016003299999999998,"children":null}}}}}}},"AgentInfo.ToProto":{"count":7492,"self":0.0474895,"total":0.33179379999999997,"children":{"GenerateSensorData":{"count":7492,"self":0.25628439999999997,"total":0.2843043,"children":{"RayPerceptionSensor.Perceive":{"count":14984,"self":0.0280199,"total":0.0280199,"children":null}}}}}},"gauges":{"AIDriver.CumulativeReward":{"count":12567,"max":730.1802,"min":-859.4127,"runningAverage":225.955917,"value":-2.28974341E-06,"weightedAverage":176.594162}},"metadata":{"timer_format_version":"0.1.0","start_time_seconds":"1637405427","unity_version":"2020.3.16f1","command_line_arguments":"C:\\Program Files\\Unity\\Hub\\Editor\\2020.3.16f1\\Editor\\Unity.exe -projectpath C:\/Users\/Student\/OneDrive - Loughborough University\/Documents\/GitHub\/AIDriver\/AIDriver -useHub -hubIPC -cloudEnvironment production -hubSessionId 593dc620-4810-11ec-9673-77ffe6e59972","communication_protocol_version":"1.5.0","com.unity.ml-agents_version":"2.1.0-exp.1","scene_name":"SampleScene","end_time_seconds":"1637417604"}}