{
    "name": "root",
    "gauges": {
        "AIDriver.Policy.Entropy.mean": {
            "value": -0.009477775543928146,
            "min": -0.06725797057151794,
            "max": 1.0153130292892456,
            "count": 350
        },
        "AIDriver.Policy.Entropy.sum": {
            "value": -949.9005737304688,
            "min": -6715.03564453125,
            "max": 101563.796875,
            "count": 350
        },
        "AIDriver.Step.mean": {
            "value": 35299967.0,
            "min": 399993.0,
            "max": 35299967.0,
            "count": 350
        },
        "AIDriver.Step.sum": {
            "value": 35299967.0,
            "min": 399993.0,
            "max": 35299967.0,
            "count": 350
        },
        "AIDriver.Policy.ExtrinsicValueEstimate.mean": {
            "value": 20.515382766723633,
            "min": -9.645975112915039,
            "max": 28.9303035736084,
            "count": 350
        },
        "AIDriver.Policy.ExtrinsicValueEstimate.sum": {
            "value": 32393.7890625,
            "min": -15173.1181640625,
            "max": 45652.01953125,
            "count": 350
        },
        "AIDriver.Losses.PolicyLoss.mean": {
            "value": 0.050648364064788134,
            "min": 0.0458041790863111,
            "max": 0.08348195482821513,
            "count": 350
        },
        "AIDriver.Losses.PolicyLoss.sum": {
            "value": 0.5064836406478813,
            "min": 0.28593708420844954,
            "max": 0.8348195482821513,
            "count": 350
        },
        "AIDriver.Losses.ValueLoss.mean": {
            "value": 30.391900795300806,
            "min": 18.46031481160058,
            "max": 1917.514133262634,
            "count": 350
        },
        "AIDriver.Losses.ValueLoss.sum": {
            "value": 303.9190079530081,
            "min": 166.1428333044052,
            "max": 19175.14133262634,
            "count": 350
        },
        "AIDriver.Policy.LearningRate.mean": {
            "value": 0.0002894247519150839,
            "min": 0.0002894247519150839,
            "max": 0.00029989050273649905,
            "count": 350
        },
        "AIDriver.Policy.LearningRate.sum": {
            "value": 0.002894247519150839,
            "min": 0.0017993430164189943,
            "max": 0.002998653151948949,
            "count": 350
        },
        "AIDriver.Policy.Epsilon.mean": {
            "value": 0.19647491613,
            "min": 0.19647491613,
            "max": 0.1999635009,
            "count": 350
        },
        "AIDriver.Policy.Epsilon.sum": {
            "value": 1.9647491613,
            "min": 1.1997810054,
            "max": 1.9995510505,
            "count": 350
        },
        "AIDriver.Policy.Beta.mean": {
            "value": 0.00048272708903699996,
            "min": 0.00048272708903699996,
            "max": 0.00049982115441,
            "count": 350
        },
        "AIDriver.Policy.Beta.sum": {
            "value": 0.00482727089037,
            "min": 0.00299892692646,
            "max": 0.00499780014745,
            "count": 350
        },
        "AIDriver.Environment.EpisodeLength.mean": {
            "value": 2481.7894736842104,
            "min": 1081.5384615384614,
            "max": 4512.285714285715,
            "count": 350
        },
        "AIDriver.Environment.EpisodeLength.sum": {
            "value": 94308.0,
            "min": 10604.0,
            "max": 142206.0,
            "count": 350
        },
        "AIDriver.Environment.CumulativeReward.mean": {
            "value": 517.5847137679199,
            "min": -386.4560725966934,
            "max": 996.7564397051931,
            "count": 350
        },
        "AIDriver.Environment.CumulativeReward.sum": {
            "value": 19668.219123180956,
            "min": -11802.105578369461,
            "max": 28313.320963369915,
            "count": 350
        },
        "AIDriver.Policy.ExtrinsicReward.mean": {
            "value": 517.5847137679199,
            "min": -386.4560725966934,
            "max": 996.7564397051931,
            "count": 350
        },
        "AIDriver.Policy.ExtrinsicReward.sum": {
            "value": 19668.219123180956,
            "min": -11802.105578369461,
            "max": 28313.320963369915,
            "count": 350
        },
        "AIDriver.IsTraining.mean": {
            "value": 1.0,
            "min": 1.0,
            "max": 1.0,
            "count": 350
        },
        "AIDriver.IsTraining.sum": {
            "value": 1.0,
            "min": 1.0,
            "max": 1.0,
            "count": 350
        }
    },
    "metadata": {
        "timer_format_version": "0.1.0",
        "start_time_seconds": "1640913646",
        "python_version": "3.7.9 (tags/v3.7.9:13c94747c7, Aug 17 2020, 18:58:18) [MSC v.1900 64 bit (AMD64)]",
        "command_line_arguments": "C:\\Users\\Student\\OneDrive - Loughborough University\\Documents\\GitHub\\AIDriver\\AIDriver\\venv\\Scripts\\mlagents-learn config/AIDriverImitation5.yaml --run-id=8AIDriver34 --resume",
        "mlagents_version": "0.27.0",
        "mlagents_envs_version": "0.27.0",
        "communication_protocol_version": "1.5.0",
        "pytorch_version": "1.7.0+cu110",
        "numpy_version": "1.21.2",
        "end_time_seconds": "1640959059"
    },
    "total": 45413.481393,
    "count": 1,
    "self": 0.004273200007446576,
    "children": {
        "run_training.setup": {
            "total": 0.079542,
            "count": 1,
            "self": 0.079542
        },
        "TrainerController.start_learning": {
            "total": 45413.397577799995,
            "count": 1,
            "self": 21.91278100247291,
            "children": {
                "TrainerController._reset_env": {
                    "total": 10.2472729,
                    "count": 1,
                    "self": 10.2472729
                },
                "TrainerController.advance": {
                    "total": 45381.18042429752,
                    "count": 1094131,
                    "self": 21.942518595940783,
                    "children": {
                        "env_step": {
                            "total": 32566.736811601433,
                            "count": 1094131,
                            "self": 28625.74704300008,
                            "children": {
                                "SubprocessEnvManager._take_step": {
                                    "total": 3926.4324739005765,
                                    "count": 1094131,
                                    "self": 63.01078249996635,
                                    "children": {
                                        "TorchPolicy.evaluate": {
                                            "total": 3863.42169140061,
                                            "count": 1094131,
                                            "self": 1629.396163900004,
                                            "children": {
                                                "TorchPolicy.sample_actions": {
                                                    "total": 2234.025527500606,
                                                    "count": 1094131,
                                                    "self": 2234.025527500606
                                                }
                                            }
                                        }
                                    }
                                },
                                "workers": {
                                    "total": 14.557294700778053,
                                    "count": 1094130,
                                    "self": 0.0,
                                    "children": {
                                        "worker_root": {
                                            "total": 45375.48436690001,
                                            "count": 1094130,