{
    "name": "root",
    "metadata": {
        "timer_format_version": "0.1.0",
        "start_time_seconds": "1641007944",
        "python_version": "3.7.9 (tags/v3.7.9:13c94747c7, Aug 17 2020, 18:58:18) [MSC v.1900 64 bit (AMD64)]",
        "command_line_arguments": "C:\\Users\\Student\\OneDrive - Loughborough University\\Documents\\GitHub\\AIDriver\\AIDriver\\venv\\Scripts\\mlagents-learn config/AIDriverImitation5.yaml --run-id=8AIDriver34 --resume",
        "mlagents_version": "0.27.0",
        "mlagents_envs_version": "0.27.0",
        "communication_protocol_version": "1.5.0",
        "pytorch_version": "1.7.0+cu110",
        "numpy_version": "1.21.2",
        "end_time_seconds": "1641008022"
    },
    "total": 77.71314659999999,
    "count": 1,
    "self": 0.004594899999986524,
    "children": {
        "run_training.setup": {
            "total": 0.17697960000000013,
            "count": 1,
            "self": 0.17697960000000013
        },
        "TrainerController.start_learning": {
            "total": 77.5315721,
            "count": 1,
            "self": 0.023467200000197863,
            "children": {
                "TrainerController._reset_env": {
                    "total": 4.3439882,
                    "count": 1,
                    "self": 4.3439882
                },
                "TrainerController.advance": {
                    "total": 73.05333829999981,
                    "count": 1149,
                    "self": 0.027097499999982233,
                    "children": {
                        "env_step": {
                            "total": 59.85878539999985,
                            "count": 1149,
                            "self": 54.39856919999984,
                            "children": {
                                "SubprocessEnvManager._take_step": {
                                    "total": 5.4445683000000304,
                                    "count": 1149,
                                    "self": 0.08378100000004451,
                                    "children": {
                                        "TorchPolicy.evaluate": {
                                            "total": 5.360787299999986,
                                            "count": 1149,
                                            "self": 1.6440295000000127,
                                            "children": {
                                                "TorchPolicy.sample_actions": {
                                                    "total": 3.7167577999999732,
                                                    "count": 1149,
                                                    "self": 3.7167577999999732
                                                }
                                            }
                                        }
                                    }
                                },
                                "workers": {
                                    "total": 0.015647899999981618,
                                    "count": 1148,
                                    "self": 0.0,
                                    "children": {
                                        "worker_root": {
                                            "total": 74.86239679999983,
                                            "count": 1148,
                                            "is_parallel": true,
                                            "self": 22.59827419999972,
                                            "children": {
                                                "steps_from_proto": {
                                                    "total": 0.0009312999999999683,
                                                    "count": 1,
                                                    "is_parallel": true,
                                                    "self": 0.0002631999999995749,
                                                    "children": {
                                                        "_process_rank_one_or_two_observation": {
                                                            "total": 0.0006681000000003934,
                                                            "count": 6,
                                                            "is_parallel": true,
                                                            "self": 0.0006681000000003934
                                                        }
                                                    }
                                                },
                                                "UnityEnvironment.step": {
                                                    "total": 52.26319130000011,
                                                    "count": 1148,
                                                    "is_parallel": true,
                                                    "self": 0.37885199999996644,
                                                    "children": {
                                                        "UnityEnvironment._generate_step_input": {
                                                            "total": 0.4378714999998854,
                                                            "count": 1148,
                                                            "is_parallel": true,
                                                            "self": 0.4378714999998854
                                                        },
                                                        "communicator.exchange": {
                                                            "total": 50.49154740000022,
                                                            "count": 1148,
                                                            "is_parallel": true,
                                                            "self": 50.49154740000022
                                                        },
                                                        "steps_from_proto": {
                                                            "total": 0.9549204000000362,
                                                            "count": 1148,
                                                            "is_parallel": true,
                                                            "self": 0.2747938999998416,
                                                            "children": {
                                                                "_process_rank_one_or_two_observation": {
                                                                    "total": 0.6801265000001946,
                                                                    "count": 6888,
                                                                    "is_parallel": true,
                                                                    "self": 0.6801265000001946
                                                                }
                                                            }
                                                        }
                                                    }
                                                }
                                            }
                                        }
                                    }
                                }
                            }
                        },
                        "trainer_advance": {
                            "total": 13.167455399999978,
                            "count": 1148,
                            "self": 0.03267289999975276,
                            "children": {
                                "process_trajectory": {
                                    "total": 2.8491759000002173,
                                    "count": 1148,
                                    "self": 2.8491759000002173
                                },