{
    "name": "root",
    "gauges": {
        "AIDriver.Policy.Entropy.mean": {
            "value": 2.142622709274292,
            "min": 2.1233372688293457,
            "max": 2.156435012817383,
            "count": 7
        },
        "AIDriver.Policy.Entropy.sum": {
            "value": 213919.453125,
            "min": 35050.515625,
            "max": 218632.671875,
            "count": 7
        },
        "AIDriver.Step.mean": {
            "value": 82599936.0,
            "min": 81999979.0,
            "max": 82599936.0,
            "count": 7
        },
        "AIDriver.Step.sum": {
            "value": 82599936.0,
            "min": 81999979.0,
            "max": 82599936.0,
            "count": 7
        },
        "AIDriver.Policy.ExtrinsicValueEstimate.mean": {
            "value": 17.340974807739258,
            "min": 6.538856029510498,
            "max": 28.970233917236328,
            "count": 7
        },
        "AIDriver.Policy.ExtrinsicValueEstimate.sum": {
            "value": 27676.1953125,
            "min": 614.6524658203125,
            "max": 45280.4765625,
            "count": 7
        },
        "AIDriver.IsTraining.mean": {
            "value": 1.0,
            "min": 1.0,
            "max": 1.0,
            "count": 7
        },
        "AIDriver.IsTraining.sum": {
            "value": 1.0,
            "min": 1.0,
            "max": 1.0,
            "count": 7
        },
        "AIDriver.Losses.PolicyLoss.mean": {
            "value": 0.05069606755146514,
            "min": 0.048293369682748256,
            "max": 0.051363193964346666,
            "count": 6
        },
        "AIDriver.Losses.PolicyLoss.sum": {
            "value": 0.5069606755146514,
            "min": 0.28976021809648955,
            "max": 0.5069606755146514,
            "count": 6
        },
        "AIDriver.Losses.ValueLoss.mean": {
            "value": 11.20391536009021,
            "min": 11.20391536009021,
            "max": 24.689285139544612,
            "count": 6
        },
        "AIDriver.Losses.ValueLoss.sum": {
            "value": 112.0391536009021,
            "min": 91.54274052257338,
            "max": 148.13571083726768,
            "count": 6
        },
        "AIDriver.Policy.LearningRate.mean": {
            "value": 0.00027523587831470995,
            "min": 0.00027523587831470995,
            "max": 0.00027538461610513066,
            "count": 6
        },
        "AIDriver.Policy.LearningRate.sum": {
            "value": 0.0027523587831470996,
            "min": 0.0016521314064895474,
            "max": 0.0027523587831470996,
            "count": 6
        },
        "AIDriver.Policy.Epsilon.mean": {
            "value": 0.19174529002000001,
            "min": 0.19174529002000001,
            "max": 0.1917948693,
            "count": 6
        },
        "AIDriver.Policy.Epsilon.sum": {
            "value": 1.9174529002000003,
            "min": 1.1507104524000002,
            "max": 1.9174529002000003,
            "count": 6
        },
        "AIDriver.Policy.Beta.mean": {
            "value": 0.000459551921098,
            "min": 0.000459551921098,
            "max": 0.00045979485957,
            "count": 6
        },
        "AIDriver.Policy.Beta.sum": {
            "value": 0.00459551921098,
            "min": 0.00275848121676,
            "max": 0.00459551921098,
            "count": 6
        },
        "AIDriver.Environment.EpisodeLength.mean": {
            "value": 975.1298701298701,
            "min": 439.3333333333333,
            "max": 1118.7777777777778,
            "count": 6
        },
        "AIDriver.Environment.EpisodeLength.sum": {
            "value": 75085.0,
            "min": 1318.0,
            "max": 136068.0,
            "count": 6
        },
        "AIDriver.Environment.CumulativeReward.mean": {
            "value": 201.9886917433272,
            "min": 76.30254895985126,
            "max": 246.06717916154793,
            "count": 6
        },
        "AIDriver.Environment.CumulativeReward.sum": {
            "value": 15553.129264236195,
            "min": 228.9076468795538,
            "max": 25176.31455054501,
            "count": 6
        },
        "AIDriver.Policy.ExtrinsicReward.mean": {
            "value": 201.9886917433272,
            "min": 76.30254895985126,
            "max": 246.06717916154793,
            "count": 6
        },
        "AIDriver.Policy.ExtrinsicReward.sum": {
            "value": 15553.129264236195,
            "min": 228.9076468795538,
            "max": 25176.31455054501,
            "count": 6
        }
    },
    "metadata": {
        "timer_format_version": "0.1.0",
        "start_time_seconds": "1631978691",
        "python_version": "3.7.9 (tags/v3.7.9:13c94747c7, Aug 17 2020, 18:58:18) [MSC v.1900 64 bit (AMD64)]",
        "command_line_arguments": "C:\\Users\\Student\\OneDrive - Loughborough University\\Documents\\GitHub\\AIDriver\\AIDriver\\venv\\Scripts\\mlagents-learn config/AIDriverImitation5.yaml --run-id=8AIDriver7 --resume",
        "mlagents_version": "0.27.0",
        "mlagents_envs_version": "0.27.0",
        "communication_protocol_version": "1.5.0",
        "pytorch_version": "1.7.0+cu110",
        "numpy_version": "1.21.2",
        "end_time_seconds": "1631979338"
    },
    "total": 647.1179624,
    "count": 1,
    "self": 0.0046891000000641725,
    "children": {
        "run_training.setup": {
            "total": 0.07470390000000005,
            "count": 1,
            "self": 0.07470390000000005
        },
        "TrainerController.start_learning": {
            "total": 647.0385693999999,
            "count": 1,
            "self": 0.0767807999999377,
            "children": {
                "TrainerController._reset_env": {
                    "total": 7.9489317999999995,
                    "count": 1,
                    "self": 7.9489317999999995
                },
                "TrainerController.advance": {
                    "total": 638.9574432999999,
                    "count": 2695,
                    "self": 0.08654230000036023,
                    "children": {
                        "env_step": {
                            "total": 399.51971699999893,
                            "count": 2695,
                            "self": 390.4759448999985,
                            "children": {
                                "SubprocessEnvManager._take_step": {
                                    "total": 9.005211900001745,
                                    "count": 2695,
                                    "self": 0.4548505000027081,
                                    "children": {
                                        "TorchPolicy.evaluate": {
                                            "total": 8.550361399999037,
                                            "count": 2695,
                                            "self": 2.4269163999961467,
                                            "children": {
                                                "TorchPolicy.sample_actions": {
                                                    "total": 6.12344500000289,
                                                    "count": 2695,
                                                    "self": 6.12344500000289
                                                }
                                            }
                                        }
                                    }
                                },
                                "workers": {
                                    "total": 0.038560199998643796,
                                    "count": 2694,
                                    "self": 0.0,
                                    "children": {
                                        "worker_root": {
                                            "total": 639.6589244000008,
                                            "count": 2694,