{
    "name": "root",
    "gauges": {
        "AIDriver.Policy.Entropy.mean": {
            "value": -5.95127010345459,
            "min": -5.95127010345459,
            "max": -5.852537155151367,
            "count": 9
        },
        "AIDriver.Policy.Entropy.sum": {
            "value": -594174.8125,
            "min": -595133.375,
            "max": -293022.09375,
            "count": 9
        },
        "AIDriver.Step.mean": {
            "value": 6499952.0,
            "min": 5699985.0,
            "max": 6499952.0,
            "count": 9
        },
        "AIDriver.Step.sum": {
            "value": 6499952.0,
            "min": 5699985.0,
            "max": 6499952.0,
            "count": 9
        },
        "AIDriver.Policy.ExtrinsicValueEstimate.mean": {
            "value": 10.336324691772461,
            "min": 8.713214874267578,
            "max": 14.86130428314209,
            "count": 9
        },
        "AIDriver.Policy.ExtrinsicValueEstimate.sum": {
            "value": 16827.537109375,
            "min": 11576.9560546875,
            "max": 19479.478515625,
            "count": 9
        },
        "AIDriver.Policy.GailValueEstimate.mean": {
            "value": 17.800174713134766,
            "min": 16.636133193969727,
            "max": 54.222293853759766,
            "count": 9
        },
        "AIDriver.Policy.GailValueEstimate.sum": {
            "value": 28978.68359375,
            "min": 26883.990234375,
            "max": 48702.94921875,
            "count": 9
        },
        "AIDriver.Environment.EpisodeLength.mean": {
            "value": 785.7578125,
            "min": 633.8717948717949,
            "max": 973.2321428571429,
            "count": 9
        },
        "AIDriver.Environment.EpisodeLength.sum": {
            "value": 100577.0,
            "min": 24721.0,
            "max": 109002.0,
            "count": 9
        },
        "AIDriver.Environment.CumulativeReward.mean": {
            "value": 101.8572052776461,
            "min": 97.97009545652008,
            "max": 123.84084819361138,
            "count": 9
        },
        "AIDriver.Environment.CumulativeReward.sum": {
            "value": 13037.722275538701,
            "min": 4829.793079550844,
            "max": 15709.875267456724,
            "count": 9
        },
        "AIDriver.Policy.ExtrinsicReward.mean": {
            "value": 101.8572052776461,
            "min": 97.97009545652008,
            "max": 123.84084819361138,
            "count": 9
        },
        "AIDriver.Policy.ExtrinsicReward.sum": {
            "value": 13037.722275538701,
            "min": 4829.793079550844,
            "max": 15709.875267456724,
            "count": 9
        },
        "AIDriver.Policy.GailReward.mean": {
            "value": 206.21828468574205,
            "min": 200.61919455441364,
            "max": 661.1114310280276,
            "count": 9
        },
        "AIDriver.Policy.GailReward.sum": {
            "value": 26395.940439774982,
            "min": 24407.023913528494,
            "max": 44061.12536762486,
            "count": 9
        },
        "AIDriver.Losses.PolicyLoss.mean": {
            "value": 0.10401469719208156,
            "min": 0.10401469719208156,
            "max": 0.17635509160269675,
            "count": 9
        },
        "AIDriver.Losses.PolicyLoss.sum": {
            "value": 1.0401469719208156,
            "min": 0.705420366410787,
            "max": 1.2659593142181014,
            "count": 9
        },
        "AIDriver.Losses.ValueLoss.mean": {
            "value": 33.736137559413905,
            "min": 26.01069679498673,
            "max": 227.0614908059438,
            "count": 9
        },
        "AIDriver.Losses.ValueLoss.sum": {
            "value": 337.3613755941391,
            "min": 260.1069679498673,
            "max": 908.2459632237752,
            "count": 9
        },
        "AIDriver.Policy.LearningRate.mean": {
            "value": 0.000298065534434822,
            "min": 0.000298065534434822,
            "max": 0.0002982969449676852,
            "count": 9
        },
        "AIDriver.Policy.LearningRate.sum": {
            "value": 0.00298065534434822,
            "min": 0.0011931877798707408,
            "max": 0.002982753896148703,
            "count": 9
        },
        "AIDriver.Policy.Epsilon.mean": {
            "value": 0.19935517793000004,
            "min": 0.19935517793000004,
            "max": 0.19943231480000007,
            "count": 9
        },
        "AIDriver.Policy.Epsilon.sum": {
            "value": 1.9935517793000004,
            "min": 0.7977292592000003,
            "max": 1.9942512968000006,
            "count": 9
        },
        "AIDriver.Policy.Beta.mean": {
            "value": 0.000496840371857,
            "min": 0.000496840371857,
            "max": 0.00049721834252,
            "count": 9
        },
        "AIDriver.Policy.Beta.sum": {
            "value": 0.00496840371857,
            "min": 0.00198887337008,
            "max": 0.00497183135432,
            "count": 9
        },
        "AIDriver.Policy.GAILPolicyEstimate.mean": {
            "value": 0.14153580689181883,
            "min": 0.1337403616122901,
            "max": 0.24089115774258973,
            "count": 9
        },
        "AIDriver.Policy.GAILPolicyEstimate.sum": {
            "value": 1.4153580689181884,
            "min": 0.9635646309703589,
            "max": 1.7142097437133392,
            "count": 9
        },
        "AIDriver.Policy.GAILExpertEstimate.mean": {
            "value": 0.8597538622717062,
            "min": 0.7837446158130963,
            "max": 0.8668869607150553,
            "count": 9
        },
        "AIDriver.Policy.GAILExpertEstimate.sum": {
            "value": 8.597538622717062,
            "min": 3.134978463252385,
            "max": 8.668869607150553,
            "count": 9
        },
        "AIDriver.Losses.GAILLoss.mean": {
            "value": 0.41237059868872167,
            "min": 0.3935274860759576,
            "max": 0.6740786793952187,
            "count": 9
        },
        "AIDriver.Losses.GAILLoss.sum": {
            "value": 4.123705986887217,
            "min": 2.696314717580875,
            "max": 5.0521786669890085,
            "count": 9
        },
        "AIDriver.Policy.GAILGradMagLoss.mean": {
            "value": 0.029066791107179597,
            "min": 0.02797998815270451,
            "max": 0.04172718153373959,
            "count": 9
        },
        "AIDriver.Policy.GAILGradMagLoss.sum": {
            "value": 0.29066791107179596,
            "min": 0.16690872613495836,
            "max": 0.38771128760805973,
            "count": 9
        },
        "AIDriver.Losses.PretrainingLoss.mean": {
            "value": 0.326129243061656,
            "min": 0.326129243061656,
            "max": 0.34143166289779175,
            "count": 9
        },
        "AIDriver.Losses.PretrainingLoss.sum": {
            "value": 3.2612924306165603,
            "min": 1.365726651591167,
            "max": 3.3983174775327956,
            "count": 9
        },
        "AIDriver.IsTraining.mean": {
            "value": 1.0,
            "min": 1.0,
            "max": 1.0,
            "count": 9
        },
        "AIDriver.IsTraining.sum": {
            "value": 1.0,
            "min": 1.0,
            "max": 1.0,
            "count": 9
        }
    },
    "metadata": {
        "timer_format_version": "0.1.0",
        "start_time_seconds": "1630116000",
        "python_version": "3.7.9 (tags/v3.7.9:13c94747c7, Aug 17 2020, 18:58:18) [MSC v.1900 64 bit (AMD64)]",
        "command_line_arguments": "C:\\Users\\Student\\Documents\\GitHub\\AIDriver\\AIDriver\\venv\\Scripts\\mlagents-learn config/AIDriverImitation4.yaml --run-id=2AIDriver4 --resume",
        "mlagents_version": "0.27.0",
        "mlagents_envs_version": "0.27.0",
        "communication_protocol_version": "1.5.0",
        "pytorch_version": "1.7.0+cu110",