{
    "name": "root",
    "gauges": {
        "AIDriver.Policy.Entropy.mean": {
            "value": -6.143404006958008,
            "min": -6.168708324432373,
            "max": -6.143404006958008,
            "count": 2
        },
        "AIDriver.Policy.Entropy.sum": {
            "value": -614537.0,
            "min": -614537.0,
            "max": -342684.09375,
            "count": 2
        },
        "AIDriver.Step.mean": {
            "value": 47099993.0,
            "min": 46999990.0,
            "max": 47099993.0,
            "count": 2
        },
        "AIDriver.Step.sum": {
            "value": 47099993.0,
            "min": 46999990.0,
            "max": 47099993.0,
            "count": 2
        },
        "AIDriver.Policy.ExtrinsicValueEstimate.mean": {
            "value": 8.358010292053223,
            "min": 8.358010292053223,
            "max": 16.92246437072754,
            "count": 2
        },
        "AIDriver.Policy.ExtrinsicValueEstimate.sum": {
            "value": 13448.0390625,
            "min": 13448.0390625,
            "max": 14316.4052734375,
            "count": 2
        },
        "AIDriver.Policy.GailValueEstimate.mean": {
            "value": 38.85306930541992,
            "min": 38.85306930541992,
            "max": 64.22220611572266,
            "count": 2
        },
        "AIDriver.Policy.GailValueEstimate.sum": {
            "value": 62514.58984375,
            "min": 54331.984375,
            "max": 62514.58984375,
            "count": 2
        },
        "AIDriver.Losses.PolicyLoss.mean": {
            "value": 0.12792017672530945,
            "min": 0.12792017672530945,
            "max": 0.1658191129831915,
            "count": 2
        },
        "AIDriver.Losses.PolicyLoss.sum": {
            "value": 1.1512815905277851,
            "min": 0.663276451932766,
            "max": 1.1512815905277851,
            "count": 2
        },
        "AIDriver.Losses.ValueLoss.mean": {
            "value": 133.29765651690104,
            "min": 133.29765651690104,
            "max": 334.1128431220794,
            "count": 2
        },
        "AIDriver.Losses.ValueLoss.sum": {
            "value": 1199.6789086521094,
            "min": 1199.6789086521094,
            "max": 1336.4513724883177,
            "count": 2
        },
        "AIDriver.Policy.LearningRate.mean": {
            "value": 0.0002858849855050064,
            "min": 0.0002858849855050064,
            "max": 0.0002859068833977071,
            "count": 2
        },
        "AIDriver.Policy.LearningRate.sum": {
            "value": 0.0025729648695450576,
            "min": 0.0011436275335908283,
            "max": 0.0025729648695450576,
            "count": 2
        },
        "AIDriver.Policy.Epsilon.mean": {
            "value": 0.19529499360000002,
            "min": 0.19529499360000002,
            "max": 0.19530229289999998,
            "count": 2
        },
        "AIDriver.Policy.Epsilon.sum": {
            "value": 1.7576549424,
            "min": 0.7812091715999999,
            "max": 1.7576549424,
            "count": 2
        },
        "AIDriver.Policy.Beta.mean": {
            "value": 0.0004769454686399999,
            "min": 0.0004769454686399999,
            "max": 0.00047698123521,
            "count": 2
        },
        "AIDriver.Policy.Beta.sum": {
            "value": 0.004292509217759999,
            "min": 0.00190792494084,
            "max": 0.004292509217759999,
            "count": 2
        },
        "AIDriver.Policy.GAILPolicyEstimate.mean": {
            "value": 0.1707293817130754,
            "min": 0.1707293817130754,
            "max": 0.23809060318590203,
            "count": 2
        },
        "AIDriver.Policy.GAILPolicyEstimate.sum": {
            "value": 1.5365644354176786,
            "min": 0.9523624127436081,
            "max": 1.5365644354176786,
            "count": 2
        },
        "AIDriver.Policy.GAILExpertEstimate.mean": {
            "value": 0.8451672196832926,
            "min": 0.7998067132281655,
            "max": 0.8451672196832926,
            "count": 2
        },
        "AIDriver.Policy.GAILExpertEstimate.sum": {
            "value": 7.606504977149633,
            "min": 3.199226852912662,
            "max": 7.606504977149633,
            "count": 2
        },
        "AIDriver.Losses.GAILLoss.mean": {
            "value": 0.48082544100441005,
            "min": 0.48082544100441005,
            "max": 0.6668432812054337,
            "count": 2
        },
        "AIDriver.Losses.GAILLoss.sum": {
            "value": 4.3274289690396905,
            "min": 2.6673731248217347,
            "max": 4.3274289690396905,
            "count": 2
        },
        "AIDriver.Policy.GAILGradMagLoss.mean": {
            "value": 0.036546278107815876,
            "min": 0.036546278107815876,
            "max": 0.0449064533437903,
            "count": 2
        },
        "AIDriver.Policy.GAILGradMagLoss.sum": {
            "value": 0.32891650297034286,
            "min": 0.1796258133751612,
            "max": 0.32891650297034286,
            "count": 2
        },
        "AIDriver.Losses.PretrainingLoss.mean": {
            "value": 0.20343878981949093,
            "min": 0.20340930798644188,
            "max": 0.20343878981949093,
            "count": 2
        },
        "AIDriver.Losses.PretrainingLoss.sum": {
            "value": 1.8309491083754184,
            "min": 0.8136372319457675,
            "max": 1.8309491083754184,
            "count": 2
        },
        "AIDriver.Environment.EpisodeLength.mean": {
            "value": 1040.5806451612902,
            "min": 499.258064516129,
            "max": 1040.5806451612902,
            "count": 2
        },
        "AIDriver.Environment.EpisodeLength.sum": {
            "value": 96774.0,
            "min": 15477.0,
            "max": 96774.0,
            "count": 2
        },
        "AIDriver.Environment.CumulativeReward.mean": {
            "value": 90.17303324934318,
            "min": 87.27211448283221,
            "max": 90.17303324934318,
            "count": 2
        },
        "AIDriver.Environment.CumulativeReward.sum": {
            "value": 8386.092092188916,
            "min": 2705.4355489677982,
            "max": 8386.092092188916,
            "count": 2
        },
        "AIDriver.Policy.ExtrinsicReward.mean": {
            "value": 90.17303324934318,
            "min": 87.27211448283221,
            "max": 90.17303324934318,
            "count": 2
        },
        "AIDriver.Policy.ExtrinsicReward.sum": {
            "value": 8386.092092188916,
            "min": 2705.4355489677982,
            "max": 8386.092092188916,
            "count": 2
        },
        "AIDriver.Policy.GailReward.mean": {
            "value": 633.4191576565127,
            "min": 633.4191576565127,
            "max": 980.3425299789575,
            "count": 2
        },
        "AIDriver.Policy.GailReward.sum": {
            "value": 58907.98166205568,
            "min": 30390.618429347684,
            "max": 58907.98166205568,
            "count": 2
        },
        "AIDriver.IsTraining.mean": {
            "value": 1.0,
            "min": 1.0,
            "max": 1.0,
            "count": 2
        },
        "AIDriver.IsTraining.sum": {
            "value": 1.0,
            "min": 1.0,
            "max": 1.0,
            "count": 2
        }
    },
    "metadata": {
        "timer_format_version": "0.1.0",
        "start_time_seconds": "1630168495",
        "python_version": "3.7.9 (tags/v3.7.9:13c94747c7, Aug 17 2020, 18:58:18) [MSC v.1900 64 bit (AMD64)]",
        "command_line_arguments": "C:\\Users\\Student\\Documents\\GitHub\\AIDriver\\AIDriver\\venv\\Scripts\\mlagents-learn config/AIDriverImitation4.yaml --run-id=2AIDriver4 --resume",
        "mlagents_version": "0.27.0",
        "mlagents_envs_version": "0.27.0",
        "communication_protocol_version": "1.5.0",
        "pytorch_version": "1.7.0+cu110",