{
    "name": "root",
    "gauges": {
        "AIDriver.Policy.Entropy.mean": {
            "value": -2.609833002090454,
            "min": -2.905076742172241,
            "max": -2.4690494537353516,
            "count": 1056
        },
        "AIDriver.Policy.Entropy.sum": {
            "value": -260565.734375,
            "min": -292159.5,
            "max": -203386.078125,
            "count": 1056
        },
        "AIDriver.Step.mean": {
            "value": 276099975.0,
            "min": 170599955.0,
            "max": 276099975.0,
            "count": 1056
        },
        "AIDriver.Step.sum": {
            "value": 276099975.0,
            "min": 170599955.0,
            "max": 276099975.0,
            "count": 1056
        },
        "AIDriver.Policy.ExtrinsicValueEstimate.mean": {
            "value": 3.3792834281921387,
            "min": 1.9649658203125,
            "max": 19.08140754699707,
            "count": 1056
        },
        "AIDriver.Policy.ExtrinsicValueEstimate.sum": {
            "value": 5447.40478515625,
            "min": 3116.435791015625,
            "max": 20607.919921875,
            "count": 1056
        },
        "AIDriver.Losses.PolicyLoss.mean": {
            "value": 0.05084102449274235,
            "min": 0.045016911546274845,
            "max": 0.05279538556179385,
            "count": 1056
        },
        "AIDriver.Losses.PolicyLoss.sum": {
            "value": 0.4575692204346812,
            "min": 0.20381588153976876,
            "max": 0.5267388770608534,
            "count": 1056
        },
        "AIDriver.Losses.ValueLoss.mean": {
            "value": 0.8934437859774833,
            "min": 0.37631412669399195,
            "max": 23.15961672090334,
            "count": 1056
        },
        "AIDriver.Losses.ValueLoss.sum": {
            "value": 8.04099407379735,
            "min": 3.64665203296269,
            "max": 92.63846688361336,
            "count": 1056
        },
        "AIDriver.Policy.LearningRate.mean": {
            "value": 0.0002171855428714949,
            "min": 0.0002171855428714949,
            "max": 0.00024882810370730445,
            "count": 1056
        },
        "AIDriver.Policy.LearningRate.sum": {
            "value": 0.001954669885843454,
            "min": 0.0009953124148292178,
            "max": 0.0024868503546499384,
            "count": 1056
        },
        "AIDriver.Policy.Epsilon.mean": {
            "value": 0.17239517175555558,
            "min": 0.17239517175555558,
            "max": 0.18294269555000003,
            "count": 1056
        },
        "AIDriver.Policy.Epsilon.sum": {
            "value": 1.5515565458000002,
            "min": 0.7317707822000001,
            "max": 1.8289500612,
            "count": 1056
        },
        "AIDriver.Policy.Beta.mean": {
            "value": 0.00036473634160222215,
            "min": 0.00036473634160222215,
            "max": 0.000416419208195,
            "count": 1056
        },
        "AIDriver.Policy.Beta.sum": {
            "value": 0.0032826270744199994,
            "min": 0.00166567683278,
            "max": 0.004161855299879999,
            "count": 1056
        },
        "AIDriver.Environment.EpisodeLength.mean": {
            "value": 1421.7837837837837,
            "min": 274.2325581395349,
            "max": 1648.056338028169,
            "count": 1056
        },
        "AIDriver.Environment.EpisodeLength.sum": {
            "value": 105212.0,
            "min": 11792.0,
            "max": 199608.0,
            "count": 1056
        },
        "AIDriver.Environment.CumulativeReward.mean": {
            "value": 68.88384230828846,
            "min": 24.785689139792826,
            "max": 73.60856819292846,
            "count": 1056
        },
        "AIDriver.Environment.CumulativeReward.sum": {
            "value": 5097.404330813346,
            "min": 1065.7846330110915,
            "max": 14637.149699454345,
            "count": 1056
        },
        "AIDriver.Policy.ExtrinsicReward.mean": {
            "value": 68.88384230828846,
            "min": 24.785689139792826,
            "max": 73.60856819292846,
            "count": 1056
        },
        "AIDriver.Policy.ExtrinsicReward.sum": {
            "value": 5097.404330813346,
            "min": 1065.7846330110915,
            "max": 14637.149699454345,
            "count": 1056
        },
        "AIDriver.IsTraining.mean": {
            "value": 1.0,
            "min": 1.0,
            "max": 1.0,
            "count": 1056
        },
        "AIDriver.IsTraining.sum": {
            "value": 1.0,
            "min": 1.0,
            "max": 1.0,
            "count": 1056
        }
    },
    "metadata": {
        "timer_format_version": "0.1.0",
        "start_time_seconds": "1628460529",
        "python_version": "3.7.9 (tags/v3.7.9:13c94747c7, Aug 17 2020, 18:58:18) [MSC v.1900 64 bit (AMD64)]",
        "command_line_arguments": "C:\\Users\\Student\\Documents\\GitHub\\AIDriver\\AIDriver\\venv\\Scripts\\mlagents-learn config/AIDriver.yaml --run-id=AIDriverNotCol2 --resume",
        "mlagents_version": "0.27.0",
        "mlagents_envs_version": "0.27.0",
        "communication_protocol_version": "1.5.0",
        "pytorch_version": "1.7.0+cu110",
        "numpy_version": "1.21.1",
        "end_time_seconds": "1628515104"
    },
    "total": 54576.6710181,
    "count": 1,
    "self": 0.004713100002845749,
    "children": {
        "run_training.setup": {
            "total": 0.11654620000000016,
            "count": 1,
            "self": 0.11654620000000016
        },
        "TrainerController.start_learning": {
            "total": 54576.5497588,
            "count": 1,
            "self": 9.919681800056424,
            "children": {
                "TrainerController._reset_env": {
                    "total": 9.8483364,
                    "count": 1,
                    "self": 9.8483364
                },
                "TrainerController.advance": {
                    "total": 54556.74235069995,
                    "count": 412766,
                    "self": 8.86538129831024,
                    "children": {
                        "env_step": {
                            "total": 28990.078726401844,
                            "count": 412766,
                            "self": 28403.250727904502,
                            "children": {
                                "SubprocessEnvManager._take_step": {
                                    "total": 581.303814297408,
                                    "count": 412766,
                                    "self": 57.21497399884515,
                                    "children": {
                                        "TorchPolicy.evaluate": {
                                            "total": 524.0888402985629,
                                            "count": 412766,
                                            "self": 138.57748939789224,
                                            "children": {
                                                "TorchPolicy.sample_actions": {
                                                    "total": 385.51135090067066,
                                                    "count": 412766,
                                                    "self": 385.51135090067066
                                                }
                                            }
                                        }
                                    }
                                },
                                "workers": {
                                    "total": 5.524184199933172,
                                    "count": 412765,
                                    "self": 0.0,
                                    "children": {
                                        "worker_root": {
                                            "total": 54557.77155679915,
                                            "count": 412765,