{
    "name": "root",
    "gauges": {
        "AIDriver.Policy.Entropy.mean": {
            "value": -2.4051148891448975,
            "min": -2.9759328365325928,
            "max": -1.8856093883514404,
            "count": 954
        },
        "AIDriver.Policy.Entropy.sum": {
            "value": -241973.796875,
            "min": -297801.84375,
            "max": -48444.95703125,
            "count": 954
        },
        "AIDriver.Step.mean": {
            "value": 95399987.0,
            "min": 99959.0,
            "max": 95399987.0,
            "count": 954
        },
        "AIDriver.Step.sum": {
            "value": 95399987.0,
            "min": 99959.0,
            "max": 95399987.0,
            "count": 954
        },
        "AIDriver.Policy.ExtrinsicValueEstimate.mean": {
            "value": 6.837316036224365,
            "min": -0.07796075195074081,
            "max": 7.28310489654541,
            "count": 954
        },
        "AIDriver.Policy.ExtrinsicValueEstimate.sum": {
            "value": 11226.873046875,
            "min": -122.00857543945312,
            "max": 12038.97265625,
            "count": 954
        },
        "AIDriver.IsTraining.mean": {
            "value": 1.0,
            "min": 1.0,
            "max": 1.0,
            "count": 954
        },
        "AIDriver.IsTraining.sum": {
            "value": 1.0,
            "min": 1.0,
            "max": 1.0,
            "count": 954
        },
        "AIDriver.Losses.PolicyLoss.mean": {
            "value": 0.047136856877004606,
            "min": 0.0451485991420337,
            "max": 0.06008750504399537,
            "count": 953
        },
        "AIDriver.Losses.PolicyLoss.sum": {
            "value": 0.47136856877004607,
            "min": 0.2973865466279514,
            "max": 0.6008750504399537,
            "count": 953
        },
        "AIDriver.Losses.ValueLoss.mean": {
            "value": 1.8445133463771846,
            "min": 0.3741911109298755,
            "max": 31.89847415705418,
            "count": 953
        },
        "AIDriver.Losses.ValueLoss.sum": {
            "value": 18.445133463771846,
            "min": 3.741911109298755,
            "max": 191.3908449423251,
            "count": 953
        },
        "AIDriver.Policy.LearningRate.mean": {
            "value": 0.00027139447718517744,
            "min": 0.00027139447718517744,
            "max": 0.0002999542662652446,
            "count": 953
        },
        "AIDriver.Policy.LearningRate.sum": {
            "value": 0.002713944771851774,
            "min": 0.0017988375654874782,
            "max": 0.002997749839950053,
            "count": 953
        },
        "AIDriver.Policy.Epsilon.mean": {
            "value": 0.19046482255,
            "min": 0.19046482255,
            "max": 0.19998475541666663,
            "count": 953
        },
        "AIDriver.Policy.Epsilon.sum": {
            "value": 1.9046482255,
            "min": 1.1996125217,
            "max": 1.9992499464000002,
            "count": 953
        },
        "AIDriver.Policy.Beta.mean": {
            "value": 0.00045327763049500004,
            "min": 0.00045327763049500004,
            "max": 0.0004999253015416667,
            "count": 953
        },
        "AIDriver.Policy.Beta.sum": {
            "value": 0.004532776304950001,
            "min": 0.0029981013563299998,
            "max": 0.00499632473736,
            "count": 953
        },
        "AIDriver.Environment.EpisodeLength.mean": {
            "value": 674.0845070422536,
            "min": 335.53731343283584,
            "max": 1821.762962962963,
            "count": 953
        },
        "AIDriver.Environment.EpisodeLength.sum": {
            "value": 95720.0,
            "min": 2194.0,
            "max": 341530.0,
            "count": 953
        },
        "AIDriver.Environment.CumulativeReward.mean": {
            "value": 63.59606458357443,
            "min": 12.845571570352945,
            "max": 67.22385086502597,
            "count": 953
        },
        "AIDriver.Environment.CumulativeReward.sum": {
            "value": 9030.64117086757,
            "min": 113.78089235676453,
            "max": 10175.801411231776,
            "count": 953
        },
        "AIDriver.Policy.ExtrinsicReward.mean": {
            "value": 63.59606458357443,
            "min": 12.845571570352945,
            "max": 67.22385086502597,
            "count": 953
        },
        "AIDriver.Policy.ExtrinsicReward.sum": {
            "value": 9030.64117086757,
            "min": 113.78089235676453,
            "max": 10175.801411231776,
            "count": 953
        }
    },
    "metadata": {
        "timer_format_version": "0.1.0",
        "start_time_seconds": "1628302465",
        "python_version": "3.7.9 (tags/v3.7.9:13c94747c7, Aug 17 2020, 18:58:18) [MSC v.1900 64 bit (AMD64)]",
        "command_line_arguments": "C:\\Users\\Student\\Documents\\GitHub\\AIDriver\\AIDriver\\venv\\Scripts\\mlagents-learn config/AIDriver.yaml --run-id=AIDriverNotCol2 --resume",
        "mlagents_version": "0.27.0",
        "mlagents_envs_version": "0.27.0",
        "communication_protocol_version": "1.5.0",
        "pytorch_version": "1.7.0+cu110",
        "numpy_version": "1.21.1",
        "end_time_seconds": "1628351157"
    },
    "total": 48692.0528209,
    "count": 1,
    "self": 0.005134299994097091,
    "children": {
        "run_training.setup": {
            "total": 0.10848870000000055,
            "count": 1,
            "self": 0.10848870000000055
        },
        "TrainerController.start_learning": {
            "total": 48691.9391979,
            "count": 1,
            "self": 9.417980500373233,
            "children": {
                "TrainerController._reset_env": {
                    "total": 9.976964,
                    "count": 1,
                    "self": 9.976964
                },
                "TrainerController.advance": {
                    "total": 48672.501724099624,
                    "count": 372619,
                    "self": 9.137779400116415,
                    "children": {
                        "env_step": {
                            "total": 26233.655863001142,
                            "count": 372619,
                            "self": 25722.561554704596,
                            "children": {
                                "SubprocessEnvManager._take_step": {
                                    "total": 505.9863127985696,
                                    "count": 372619,
                                    "self": 55.998743498107274,
                                    "children": {
                                        "TorchPolicy.evaluate": {
                                            "total": 449.9875693004623,
                                            "count": 372619,
                                            "self": 117.05275109832127,
                                            "children": {
                                                "TorchPolicy.sample_actions": {
                                                    "total": 332.93481820214106,
                                                    "count": 372619,
                                                    "self": 332.93481820214106
                                                }
                                            }
                                        }
                                    }
                                },
                                "workers": {
                                    "total": 5.107995497974889,
                                    "count": 372618,
                                    "self": 0.0,
                                    "children": {
                                        "worker_root": {
                                            "total": 48673.599159399055,
                                            "count": 372618,