{
    "name": "root",
    "gauges": {
        "AIDriver.Policy.Entropy.mean": {
            "value": -3.1368515491485596,
            "min": -3.1612389087677,
            "max": -2.820941209793091,
            "count": 841
        },
        "AIDriver.Policy.Entropy.sum": {
            "value": -313183.25,
            "min": -331105.9375,
            "max": -281363.25,
            "count": 841
        },
        "AIDriver.Step.mean": {
            "value": 465899983.0,
            "min": 381899978.0,
            "max": 465899983.0,
            "count": 841
        },
        "AIDriver.Step.sum": {
            "value": 465899983.0,
            "min": 381899978.0,
            "max": 465899983.0,
            "count": 841
        },
        "AIDriver.Policy.ExtrinsicValueEstimate.mean": {
            "value": 6.8787384033203125,
            "min": 0.8732035160064697,
            "max": 13.119548797607422,
            "count": 841
        },
        "AIDriver.Policy.ExtrinsicValueEstimate.sum": {
            "value": 11294.888671875,
            "min": 1372.6759033203125,
            "max": 20046.669921875,
            "count": 841
        },
        "AIDriver.Losses.PolicyLoss.mean": {
            "value": 0.049044887741433264,
            "min": 0.04578521794955174,
            "max": 0.05364751237730202,
            "count": 841
        },
        "AIDriver.Losses.PolicyLoss.sum": {
            "value": 0.49044887741433263,
            "min": 0.2550930550880699,
            "max": 0.5222821134032561,
            "count": 841
        },
        "AIDriver.Losses.ValueLoss.mean": {
            "value": 1.3815408380577963,
            "min": 0.7995126175771399,
            "max": 970.357781929705,
            "count": 841
        },
        "AIDriver.Losses.ValueLoss.sum": {
            "value": 13.815408380577963,
            "min": 7.995126175771398,
            "max": 4851.788909648525,
            "count": 841
        },
        "AIDriver.Policy.LearningRate.mean": {
            "value": 0.00016024593230470479,
            "min": 0.00016024593230470479,
            "max": 0.00018544412144530558,
            "count": 841
        },
        "AIDriver.Policy.LearningRate.sum": {
            "value": 0.0016024593230470478,
            "min": 0.0009272206072265279,
            "max": 0.0018526469861511318,
            "count": 841
        },
        "AIDriver.Policy.Epsilon.mean": {
            "value": 0.15341529524000003,
            "min": 0.15341529524000003,
            "max": 0.16181469442000002,
            "count": 841
        },
        "AIDriver.Policy.Epsilon.sum": {
            "value": 1.5341529524000002,
            "min": 0.8090734721000001,
            "max": 1.6175488679,
            "count": 841
        },
        "AIDriver.Policy.Beta.mean": {
            "value": 0.000271734946676,
            "min": 0.000271734946676,
            "max": 0.00031289200265799996,
            "count": 841
        },
        "AIDriver.Policy.Beta.sum": {
            "value": 0.00271734946676,
            "min": 0.00156446001329,
            "max": 0.0031259894527099997,
            "count": 841
        },
        "AIDriver.Environment.EpisodeLength.mean": {
            "value": 706.9858156028369,
            "min": 311.32978723404256,
            "max": 1559.8323353293413,
            "count": 841
        },
        "AIDriver.Environment.EpisodeLength.sum": {
            "value": 99685.0,
            "min": 9268.0,
            "max": 260492.0,
            "count": 841
        },
        "AIDriver.Environment.CumulativeReward.mean": {
            "value": 73.12427607082793,
            "min": 29.050842337171606,
            "max": 80.48717237801054,
            "count": 841
        },
        "AIDriver.Environment.CumulativeReward.sum": {
            "value": 10310.52292598674,
            "min": 1312.578470736742,
            "max": 11753.505250976,
            "count": 841
        },
        "AIDriver.Policy.ExtrinsicReward.mean": {
            "value": 73.12427607082793,
            "min": 29.050842337171606,
            "max": 80.48717237801054,
            "count": 841
        },
        "AIDriver.Policy.ExtrinsicReward.sum": {
            "value": 10310.52292598674,
            "min": 1312.578470736742,
            "max": 11753.505250976,
            "count": 841
        },
        "AIDriver.IsTraining.mean": {
            "value": 1.0,
            "min": 1.0,
            "max": 1.0,
            "count": 841
        },
        "AIDriver.IsTraining.sum": {
            "value": 1.0,
            "min": 1.0,
            "max": 1.0,
            "count": 841
        }
    },
    "metadata": {
        "timer_format_version": "0.1.0",
        "start_time_seconds": "1628724596",
        "python_version": "3.7.9 (tags/v3.7.9:13c94747c7, Aug 17 2020, 18:58:18) [MSC v.1900 64 bit (AMD64)]",
        "command_line_arguments": "C:\\Users\\Student\\Documents\\GitHub\\AIDriver\\AIDriver\\venv\\Scripts\\mlagents-learn config/AIDriver.yaml --run-id=AIDriverNotCol2 --resume",
        "mlagents_version": "0.27.0",
        "mlagents_envs_version": "0.27.0",
        "communication_protocol_version": "1.5.0",
        "pytorch_version": "1.7.0+cu110",
        "numpy_version": "1.21.1",
        "end_time_seconds": "1628768964"
    },
    "total": 44367.8232504,
    "count": 1,
    "self": 0.0048200999954133295,
    "children": {
        "run_training.setup": {
            "total": 0.12600099999999959,
            "count": 1,
            "self": 0.12600099999999959
        },
        "TrainerController.start_learning": {
            "total": 44367.692429300005,
            "count": 1,
            "self": 8.520700700719317,
            "children": {
                "TrainerController._reset_env": {
                    "total": 22.4832337,
                    "count": 1,
                    "self": 22.4832337
                },
                "TrainerController.advance": {
                    "total": 44336.651579099285,
                    "count": 328595,
                    "self": 8.660144900350133,
                    "children": {
                        "env_step": {
                            "total": 23658.075169599215,
                            "count": 328595,
                            "self": 23177.104719699,
                            "children": {
                                "SubprocessEnvManager._take_step": {
                                    "total": 476.5503825986205,
                                    "count": 328595,
                                    "self": 48.28921789754946,
                                    "children": {
                                        "TorchPolicy.evaluate": {
                                            "total": 428.26116470107104,
                                            "count": 328595,
                                            "self": 117.67601570080558,
                                            "children": {
                                                "TorchPolicy.sample_actions": {
                                                    "total": 310.58514900026546,
                                                    "count": 328595,
                                                    "self": 310.58514900026546
                                                }
                                            }
                                        }
                                    }
                                },
                                "workers": {
                                    "total": 4.420067301594255,
                                    "count": 328594,
                                    "self": 0.0,
                                    "children": {
                                        "worker_root": {
                                            "total": 44337.77915950091,
                                            "count": 328594,