{
    "name": "root",
    "gauges": {
        "AIDriver.Policy.Entropy.mean": {
            "value": -3.1287059783935547,
            "min": -3.1355814933776855,
            "max": -2.522779703140259,
            "count": 1056
        },
        "AIDriver.Policy.Entropy.sum": {
            "value": -312370.0,
            "min": -314988.96875,
            "max": -251990.28125,
            "count": 1056
        },
        "AIDriver.Step.mean": {
            "value": 381799990.0,
            "min": 276299946.0,
            "max": 381799990.0,
            "count": 1056
        },
        "AIDriver.Step.sum": {
            "value": 381799990.0,
            "min": 276299946.0,
            "max": 381799990.0,
            "count": 1056
        },
        "AIDriver.Policy.ExtrinsicValueEstimate.mean": {
            "value": 6.275061130523682,
            "min": 1.0438405275344849,
            "max": 9.974900245666504,
            "count": 1056
        },
        "AIDriver.Policy.ExtrinsicValueEstimate.sum": {
            "value": 10222.07421875,
            "min": 1639.8734130859375,
            "max": 14473.580078125,
            "count": 1056
        },
        "AIDriver.Losses.PolicyLoss.mean": {
            "value": 0.05145343760528636,
            "min": 0.04574101797887124,
            "max": 0.055287879503949346,
            "count": 1056
        },
        "AIDriver.Losses.PolicyLoss.sum": {
            "value": 0.46308093844757725,
            "min": 0.30421751134383157,
            "max": 0.5528787950394934,
            "count": 1056
        },
        "AIDriver.Losses.ValueLoss.mean": {
            "value": 1.1795385787608446,
            "min": 0.4232784679250805,
            "max": 10.325103593602341,
            "count": 1056
        },
        "AIDriver.Losses.ValueLoss.sum": {
            "value": 10.615847208847601,
            "min": 3.8095062113257248,
            "max": 91.53051122948526,
            "count": 1056
        },
        "AIDriver.Policy.LearningRate.mean": {
            "value": 0.0001854750314083356,
            "min": 0.0001854750314083356,
            "max": 0.00021712187147605205,
            "count": 1056
        },
        "AIDriver.Policy.LearningRate.sum": {
            "value": 0.0016692752826750203,
            "min": 0.0013027312288563123,
            "max": 0.0021694464590512725,
            "count": 1056
        },
        "AIDriver.Policy.Epsilon.mean": {
            "value": 0.16182499774444445,
            "min": 0.16182499774444445,
            "max": 0.17237394795000002,
            "count": 1056
        },
        "AIDriver.Policy.Epsilon.sum": {
            "value": 1.4564249797,
            "min": 1.0342436877,
            "max": 1.7231487274000004,
            "count": 1056
        },
        "AIDriver.Policy.Beta.mean": {
            "value": 0.0003129424889477778,
            "min": 0.0003129424889477778,
            "max": 0.00036463234495500004,
            "count": 1056
        },
        "AIDriver.Policy.Beta.sum": {
            "value": 0.00281648240053,
            "min": 0.0021877940697300003,
            "max": 0.00364342876426,
            "count": 1056
        },
        "AIDriver.Environment.EpisodeLength.mean": {
            "value": 785.8205128205128,
            "min": 332.82142857142856,
            "max": 1770.638888888889,
            "count": 1056
        },
        "AIDriver.Environment.EpisodeLength.sum": {
            "value": 91941.0,
            "min": 6375.0,
            "max": 203325.0,
            "count": 1056
        },
        "AIDriver.Environment.CumulativeReward.mean": {
            "value": 74.63434943605668,
            "min": 44.69863133925745,
            "max": 79.76895843503517,
            "count": 1056
        },
        "AIDriver.Environment.CumulativeReward.sum": {
            "value": 8732.218884018632,
            "min": 829.6936675051094,
            "max": 11498.672699397286,
            "count": 1056
        },
        "AIDriver.Policy.ExtrinsicReward.mean": {
            "value": 74.63434943605668,
            "min": 44.69863133925745,
            "max": 79.76895843503517,
            "count": 1056
        },
        "AIDriver.Policy.ExtrinsicReward.sum": {
            "value": 8732.218884018632,
            "min": 829.6936675051094,
            "max": 11498.672699397286,
            "count": 1056
        },
        "AIDriver.IsTraining.mean": {
            "value": 1.0,
            "min": 1.0,
            "max": 1.0,
            "count": 1056
        },
        "AIDriver.IsTraining.sum": {
            "value": 1.0,
            "min": 1.0,
            "max": 1.0,
            "count": 1056
        }
    },
    "metadata": {
        "timer_format_version": "0.1.0",
        "start_time_seconds": "1628632522",
        "python_version": "3.7.9 (tags/v3.7.9:13c94747c7, Aug 17 2020, 18:58:18) [MSC v.1900 64 bit (AMD64)]",
        "command_line_arguments": "C:\\Users\\Student\\Documents\\GitHub\\AIDriver\\AIDriver\\venv\\Scripts\\mlagents-learn config/AIDriver.yaml --run-id=AIDriverNotCol2 --resume",
        "mlagents_version": "0.27.0",
        "mlagents_envs_version": "0.27.0",
        "communication_protocol_version": "1.5.0",
        "pytorch_version": "1.7.0+cu110",
        "numpy_version": "1.21.1",
        "end_time_seconds": "1628688707"
    },
    "total": 56185.0579535,
    "count": 1,
    "self": 0.0064794999998412095,
    "children": {
        "run_training.setup": {
            "total": 0.07521369999999994,
            "count": 1,
            "self": 0.07521369999999994
        },
        "TrainerController.start_learning": {
            "total": 56184.9762603,
            "count": 1,
            "self": 18.826821302238386,
            "children": {
                "TrainerController._reset_env": {
                    "total": 5.9576115000000005,
                    "count": 1,
                    "self": 5.9576115000000005
                },
                "TrainerController.advance": {
                    "total": 56160.150781997756,
                    "count": 824998,
                    "self": 17.27451449545333,
                    "children": {
                        "env_step": {
                            "total": 30899.867288899597,
                            "count": 824998,
                            "self": 29775.258943098146,
                            "children": {
                                "SubprocessEnvManager._take_step": {
                                    "total": 1113.4102907008314,
                                    "count": 824998,
                                    "self": 75.78793389985026,
                                    "children": {
                                        "TorchPolicy.evaluate": {
                                            "total": 1037.6223568009812,
                                            "count": 824998,
                                            "self": 282.3242014009529,
                                            "children": {
                                                "TorchPolicy.sample_actions": {
                                                    "total": 755.2981554000282,
                                                    "count": 824998,
                                                    "self": 755.2981554000282
                                                }
                                            }
                                        }
                                    }
                                },
                                "workers": {
                                    "total": 11.19805510062038,
                                    "count": 824997,
                                    "self": 0.0,
                                    "children": {
                                        "worker_root": {
                                            "total": 56159.356959399,