{
    "name": "root",
    "gauges": {
        "AIDriver.Policy.Entropy.mean": {
            "value": -2.4882242679595947,
            "min": -2.5004005432128906,
            "max": -2.4140782356262207,
            "count": 36
        },
        "AIDriver.Policy.Entropy.sum": {
            "value": -250335.265625,
            "min": -251086.140625,
            "max": -79104.515625,
            "count": 36
        },
        "AIDriver.Step.mean": {
            "value": 98999989.0,
            "min": 95499957.0,
            "max": 98999989.0,
            "count": 36
        },
        "AIDriver.Step.sum": {
            "value": 98999989.0,
            "min": 95499957.0,
            "max": 98999989.0,
            "count": 36
        },
        "AIDriver.Policy.ExtrinsicValueEstimate.mean": {
            "value": 6.845912456512451,
            "min": 5.004598617553711,
            "max": 26.881458282470703,
            "count": 36
        },
        "AIDriver.Policy.ExtrinsicValueEstimate.sum": {
            "value": 11316.29296875,
            "min": 8242.57421875,
            "max": 19245.951171875,
            "count": 36
        },
        "AIDriver.Losses.PolicyLoss.mean": {
            "value": 0.049296472084690846,
            "min": 0.04662934804411795,
            "max": 0.05159881697844608,
            "count": 36
        },
        "AIDriver.Losses.PolicyLoss.sum": {
            "value": 0.4436682487622176,
            "min": 0.050587336200502854,
            "max": 0.5159881697844608,
            "count": 36
        },
        "AIDriver.Losses.ValueLoss.mean": {
            "value": 3.186099312581667,
            "min": 2.6510165235613967,
            "max": 11.055716763306004,
            "count": 36
        },
        "AIDriver.Losses.ValueLoss.sum": {
            "value": 28.674893813235002,
            "min": 4.17285933593909,
            "max": 77.39001734314202,
            "count": 36
        },
        "AIDriver.Policy.LearningRate.mean": {
            "value": 0.00027031559626147116,
            "min": 0.00027031559626147116,
            "max": 0.0002713516736494453,
            "count": 36
        },
        "AIDriver.Policy.LearningRate.sum": {
            "value": 0.0024328403663532406,
            "min": 0.0002713516736494453,
            "max": 0.002711855601348165,
            "count": 36
        },
        "AIDriver.Policy.Epsilon.mean": {
            "value": 0.19010519545555557,
            "min": 0.19010519545555557,
            "max": 0.19045055469999997,
            "count": 36
        },
        "AIDriver.Policy.Epsilon.sum": {
            "value": 1.7109467591,
            "min": 0.19045055469999997,
            "max": 1.9039518351000002,
            "count": 36
        },
        "AIDriver.Policy.Beta.mean": {
            "value": 0.00045151545773222223,
            "min": 0.00045151545773222223,
            "max": 0.00045320771802999984,
            "count": 36
        },
        "AIDriver.Policy.Beta.sum": {
            "value": 0.00406363911959,
            "min": 0.00045320771802999984,
            "max": 0.00452936399199,
            "count": 36
        },
        "AIDriver.IsTraining.mean": {
            "value": 1.0,
            "min": 1.0,
            "max": 1.0,
            "count": 36
        },
        "AIDriver.IsTraining.sum": {
            "value": 1.0,
            "min": 1.0,
            "max": 1.0,
            "count": 36
        },
        "AIDriver.Environment.EpisodeLength.mean": {
            "value": 618.5056818181819,
            "min": 351.01408450704224,
            "max": 846.9583333333334,
            "count": 35
        },
        "AIDriver.Environment.EpisodeLength.sum": {
            "value": 108857.0,
            "min": 42937.0,
            "max": 121962.0,
            "count": 35
        },
        "AIDriver.Environment.CumulativeReward.mean": {
            "value": 64.29014235698129,
            "min": 58.468920331526945,
            "max": 66.06753735749685,
            "count": 35
        },
        "AIDriver.Environment.CumulativeReward.sum": {
            "value": 11315.065054828707,
            "min": 7635.269012654899,
            "max": 12596.621734759654,
            "count": 35
        },
        "AIDriver.Policy.ExtrinsicReward.mean": {
            "value": 64.29014235698129,
            "min": 58.468920331526945,
            "max": 66.06753735749685,
            "count": 35
        },
        "AIDriver.Policy.ExtrinsicReward.sum": {
            "value": 11315.065054828707,
            "min": 7635.269012654899,
            "max": 12596.621734759654,
            "count": 35
        }
    },
    "metadata": {
        "timer_format_version": "0.1.0",
        "start_time_seconds": "1628385259",
        "python_version": "3.7.9 (tags/v3.7.9:13c94747c7, Aug 17 2020, 18:58:18) [MSC v.1900 64 bit (AMD64)]",
        "command_line_arguments": "C:\\Users\\Student\\Documents\\GitHub\\AIDriver\\AIDriver\\venv\\Scripts\\mlagents-learn config/AIDriver.yaml --run-id=AIDriverNotCol2 --resume",
        "mlagents_version": "0.27.0",
        "mlagents_envs_version": "0.27.0",
        "communication_protocol_version": "1.5.0",
        "pytorch_version": "1.7.0+cu110",
        "numpy_version": "1.21.1",
        "end_time_seconds": "1628387995"
    },
    "total": 2735.9455835,
    "count": 1,
    "self": 0.019807700000001205,
    "children": {
        "run_training.setup": {
            "total": 0.11884500000000031,
            "count": 1,
            "self": 0.11884500000000031
        },
        "TrainerController.start_learning": {
            "total": 2735.8069308,
            "count": 1,
            "self": 0.42311360000303466,
            "children": {
                "TrainerController._reset_env": {
                    "total": 13.9574909,
                    "count": 1,
                    "self": 13.9574909
                },
                "TrainerController.advance": {
                    "total": 2721.289597899997,
                    "count": 14084,
                    "self": 0.4194696000095064,
                    "children": {
                        "env_step": {
                            "total": 1743.498802400009,
                            "count": 14084,
                            "self": 1719.7828356999905,
                            "children": {
                                "SubprocessEnvManager._take_step": {
                                    "total": 23.507809000005366,
                                    "count": 14084,
                                    "self": 2.3535713999994847,
                                    "children": {
                                        "TorchPolicy.evaluate": {
                                            "total": 21.15423760000588,
                                            "count": 14084,
                                            "self": 5.787995500013036,
                                            "children": {
                                                "TorchPolicy.sample_actions": {
                                                    "total": 15.366242099992846,
                                                    "count": 14084,
                                                    "self": 15.366242099992846
                                                }
                                            }
                                        }
                                    }
                                },
                                "workers": {
                                    "total": 0.20815770001317446,
                                    "count": 14083,
                                    "self": 0.0,
                                    "children": {
                                        "worker_root": {
                                            "total": 2722.6384932999886,
                                            "count": 14083,