{
    "name": "root",
    "gauges": {
        "AIDriver.Policy.Entropy.mean": {
            "value": -2.4797747135162354,
            "min": -2.7010228633880615,
            "max": -2.4440274238586426,
            "count": 715
        },
        "AIDriver.Policy.Entropy.sum": {
            "value": -246311.0625,
            "min": -273674.40625,
            "max": -81692.53125,
            "count": 715
        },
        "AIDriver.Step.mean": {
            "value": 170499957.0,
            "min": 99099939.0,
            "max": 170499957.0,
            "count": 715
        },
        "AIDriver.Step.sum": {
            "value": 170499957.0,
            "min": 99099939.0,
            "max": 170499957.0,
            "count": 715
        },
        "AIDriver.Policy.ExtrinsicValueEstimate.mean": {
            "value": 4.406965732574463,
            "min": 2.4127566814422607,
            "max": 26.751625061035156,
            "count": 715
        },
        "AIDriver.Policy.ExtrinsicValueEstimate.sum": {
            "value": 7121.65625,
            "min": 3838.696044921875,
            "max": 18293.421875,
            "count": 715
        },
        "AIDriver.Losses.PolicyLoss.mean": {
            "value": 0.04792311651496109,
            "min": 0.04583128690652406,
            "max": 0.054674120733398,
            "count": 715
        },
        "AIDriver.Losses.PolicyLoss.sum": {
            "value": 0.43130804863464983,
            "min": 0.047851643728790805,
            "max": 0.54674120733398,
            "count": 715
        },
        "AIDriver.Losses.ValueLoss.mean": {
            "value": 0.9169192286314275,
            "min": 0.47032272214130544,
            "max": 7.103648358553755,
            "count": 715
        },
        "AIDriver.Losses.ValueLoss.sum": {
            "value": 8.252273057682848,
            "min": 3.60940381201605,
            "max": 54.4679427021645,
            "count": 715
        },
        "AIDriver.Policy.LearningRate.mean": {
            "value": 0.0002488653346448941,
            "min": 0.0002488653346448941,
            "max": 0.00027027237060921314,
            "count": 715
        },
        "AIDriver.Policy.LearningRate.sum": {
            "value": 0.0022397880118040473,
            "min": 0.00027027237060921314,
            "max": 0.0027022454090515633,
            "count": 715
        },
        "AIDriver.Policy.Epsilon.mean": {
            "value": 0.18295510586666663,
            "min": 0.18295510586666663,
            "max": 0.19009078689999995,
            "count": 715
        },
        "AIDriver.Policy.Epsilon.sum": {
            "value": 1.6465959527999998,
            "min": 0.19009078689999995,
            "max": 1.9007484365999998,
            "count": 715
        },
        "AIDriver.Policy.Beta.mean": {
            "value": 0.00041648001874666676,
            "min": 0.00041648001874666676,
            "max": 0.00045144485580999997,
            "count": 715
        },
        "AIDriver.Policy.Beta.sum": {
            "value": 0.003748320168720001,
            "min": 0.00045144485580999997,
            "max": 0.00451366733934,
            "count": 715
        },
        "AIDriver.IsTraining.mean": {
            "value": 1.0,
            "min": 1.0,
            "max": 1.0,
            "count": 715
        },
        "AIDriver.IsTraining.sum": {
            "value": 1.0,
            "min": 1.0,
            "max": 1.0,
            "count": 715
        },
        "AIDriver.Environment.EpisodeLength.mean": {
            "value": 1071.5119047619048,
            "min": 353.8102564102564,
            "max": 1733.642857142857,
            "count": 714
        },
        "AIDriver.Environment.EpisodeLength.sum": {
            "value": 90007.0,
            "min": 55716.0,
            "max": 146055.0,
            "count": 714
        },
        "AIDriver.Environment.CumulativeReward.mean": {
            "value": 70.50496756559934,
            "min": 57.577615537450804,
            "max": 74.71170310800859,
            "count": 714
        },
        "AIDriver.Environment.CumulativeReward.sum": {
            "value": 5922.417275510345,
            "min": 3156.3391284073423,
            "max": 14360.766489212285,
            "count": 714
        },
        "AIDriver.Policy.ExtrinsicReward.mean": {
            "value": 70.50496756559934,
            "min": 57.577615537450804,
            "max": 74.71170310800859,
            "count": 714
        },
        "AIDriver.Policy.ExtrinsicReward.sum": {
            "value": 5922.417275510345,
            "min": 3156.3391284073423,
            "max": 14360.766489212285,
            "count": 714
        }
    },
    "metadata": {
        "timer_format_version": "0.1.0",
        "start_time_seconds": "1628390292",
        "python_version": "3.7.9 (tags/v3.7.9:13c94747c7, Aug 17 2020, 18:58:18) [MSC v.1900 64 bit (AMD64)]",
        "command_line_arguments": "C:\\Users\\Student\\Documents\\GitHub\\AIDriver\\AIDriver\\venv\\Scripts\\mlagents-learn config/AIDriver.yaml --run-id=AIDriverNotCol2 --resume",
        "mlagents_version": "0.27.0",
        "mlagents_envs_version": "0.27.0",
        "communication_protocol_version": "1.5.0",
        "pytorch_version": "1.7.0+cu110",
        "numpy_version": "1.21.1",
        "end_time_seconds": "1628426113"
    },
    "total": 35820.216742100005,
    "count": 1,
    "self": 0.004670400005124975,
    "children": {
        "run_training.setup": {
            "total": 0.1094198000000004,
            "count": 1,
            "self": 0.1094198000000004
        },
        "TrainerController.start_learning": {
            "total": 35820.1026519,
            "count": 1,
            "self": 6.369119300150487,
            "children": {
                "TrainerController._reset_env": {
                    "total": 6.3241094,
                    "count": 1,
                    "self": 6.3241094
                },
                "TrainerController.advance": {
                    "total": 35807.37636109986,
                    "count": 279157,
                    "self": 6.0288501991162775,
                    "children": {
                        "env_step": {
                            "total": 19592.685912899855,
                            "count": 279157,
                            "self": 19217.105369898814,
                            "children": {
                                "SubprocessEnvManager._take_step": {
                                    "total": 371.87210540119315,
                                    "count": 279157,
                                    "self": 37.844104900620664,
                                    "children": {
                                        "TorchPolicy.evaluate": {
                                            "total": 334.0280005005725,
                                            "count": 279157,
                                            "self": 84.93026820130126,
                                            "children": {
                                                "TorchPolicy.sample_actions": {
                                                    "total": 249.09773229927123,
                                                    "count": 279157,
                                                    "self": 249.09773229927123
                                                }
                                            }
                                        }
                                    }
                                },
                                "workers": {
                                    "total": 3.708437599847054,
                                    "count": 279156,
                                    "self": 0.0,
                                    "children": {
                                        "worker_root": {
                                            "total": 35806.1006810017,
                                            "count": 279156,