{
    "name": "root",
    "gauges": {
        "AIDriver.Policy.Entropy.mean": {
            "value": -3.71926212310791,
            "min": -3.7257914543151855,
            "max": -3.346325397491455,
            "count": 1183
        },
        "AIDriver.Policy.Entropy.sum": {
            "value": -371331.125,
            "min": -374850.375,
            "max": -167193.53125,
            "count": 1183
        },
        "AIDriver.Step.mean": {
            "value": 842699978.0,
            "min": 724499993.0,
            "max": 842699978.0,
            "count": 1183
        },
        "AIDriver.Step.sum": {
            "value": 842699978.0,
            "min": 724499993.0,
            "max": 842699978.0,
            "count": 1183
        },
        "AIDriver.Policy.ExtrinsicValueEstimate.mean": {
            "value": 5.754194259643555,
            "min": 2.017138957977295,
            "max": 32.684715270996094,
            "count": 1183
        },
        "AIDriver.Policy.ExtrinsicValueEstimate.sum": {
            "value": 9327.548828125,
            "min": 3183.04541015625,
            "max": 21343.119140625,
            "count": 1183
        },
        "AIDriver.Losses.PolicyLoss.mean": {
            "value": 0.05008001696678991,
            "min": 0.045990764250845896,
            "max": 0.05230926500812977,
            "count": 1183
        },
        "AIDriver.Losses.PolicyLoss.sum": {
            "value": 0.5008001696678991,
            "min": 0.09927282919185625,
            "max": 0.5220645701574215,
            "count": 1183
        },
        "AIDriver.Losses.ValueLoss.mean": {
            "value": 0.8546928672840803,
            "min": 0.6545899370318411,
            "max": 17.547450653840233,
            "count": 1183
        },
        "AIDriver.Losses.ValueLoss.sum": {
            "value": 8.546928672840803,
            "min": 5.89130943328657,
            "max": 105.2847039230414,
            "count": 1183
        },
        "AIDriver.Policy.LearningRate.mean": {
            "value": 4.720601459468989e-05,
            "min": 4.720601459468989e-05,
            "max": 8.26552393482777e-05,
            "count": 1183
        },
        "AIDriver.Policy.LearningRate.sum": {
            "value": 0.00047206014594689894,
            "min": 0.0001653104786965554,
            "max": 0.0008245521096495385,
            "count": 1183
        },
        "AIDriver.Policy.Epsilon.mean": {
            "value": 0.11573531011,
            "min": 0.11573531011,
            "max": 0.1275517223,
            "count": 1183
        },
        "AIDriver.Policy.Epsilon.sum": {
            "value": 1.1573531011,
            "min": 0.2551034446,
            "max": 1.2748504615,
            "count": 1183
        },
        "AIDriver.Policy.Beta.mean": {
            "value": 8.7103019539e-05,
            "min": 8.7103019539e-05,
            "max": 0.00014500343927000003,
            "count": 1183
        },
        "AIDriver.Policy.Beta.sum": {
            "value": 0.0008710301953899999,
            "min": 0.00029000687854000007,
            "max": 0.00144676726135,
            "count": 1183
        },
        "AIDriver.IsTraining.mean": {
            "value": 1.0,
            "min": 1.0,
            "max": 1.0,
            "count": 1183
        },
        "AIDriver.IsTraining.sum": {
            "value": 1.0,
            "min": 1.0,
            "max": 1.0,
            "count": 1183
        },
        "AIDriver.Environment.EpisodeLength.mean": {
            "value": 741.0990990990991,
            "min": 368.8514851485148,
            "max": 1753.8253968253969,
            "count": 1182
        },
        "AIDriver.Environment.EpisodeLength.sum": {
            "value": 82262.0,
            "min": 13171.0,
            "max": 220982.0,
            "count": 1182
        },
        "AIDriver.Environment.CumulativeReward.mean": {
            "value": 68.6454124216496,
            "min": 52.57275951058785,
            "max": 81.91549296382486,
            "count": 1182
        },
        "AIDriver.Environment.CumulativeReward.sum": {
            "value": 7619.640778803105,
            "min": 2119.98857223637,
            "max": 12046.377869250742,
            "count": 1182
        },
        "AIDriver.Policy.ExtrinsicReward.mean": {
            "value": 68.6454124216496,
            "min": 52.57275951058785,
            "max": 81.91549296382486,
            "count": 1182
        },
        "AIDriver.Policy.ExtrinsicReward.sum": {
            "value": 7619.640778803105,
            "min": 2119.98857223637,
            "max": 12046.377869250742,
            "count": 1182
        }
    },
    "metadata": {
        "timer_format_version": "0.1.0",
        "start_time_seconds": "1629061401",
        "python_version": "3.7.9 (tags/v3.7.9:13c94747c7, Aug 17 2020, 18:58:18) [MSC v.1900 64 bit (AMD64)]",
        "command_line_arguments": "C:\\Users\\Student\\Documents\\GitHub\\AIDriver\\AIDriver\\venv\\Scripts\\mlagents-learn config/AIDriver.yaml --run-id=AIDriverNotCol2 --resume",
        "mlagents_version": "0.27.0",
        "mlagents_envs_version": "0.27.0",
        "communication_protocol_version": "1.5.0",
        "pytorch_version": "1.7.0+cu110",
        "numpy_version": "1.21.1",
        "end_time_seconds": "1629121614"
    },
    "total": 60211.3214795,
    "count": 1,
    "self": 0.004648599999200087,
    "children": {
        "run_training.setup": {
            "total": 0.10913079999999997,
            "count": 1,
            "self": 0.10913079999999997
        },
        "TrainerController.start_learning": {
            "total": 60211.2077001,
            "count": 1,
            "self": 10.862808198820858,
            "children": {
                "TrainerController._reset_env": {
                    "total": 34.5585443,
                    "count": 1,
                    "self": 34.5585443
                },
                "TrainerController.advance": {
                    "total": 60165.74340390118,
                    "count": 462071,
                    "self": 10.054344301206584,
                    "children": {
                        "env_step": {
                            "total": 32685.661560798486,
                            "count": 462071,
                            "self": 32009.591231399656,
                            "children": {
                                "SubprocessEnvManager._take_step": {
                                    "total": 669.927338301672,
                                    "count": 462071,
                                    "self": 63.92871720182188,
                                    "children": {
                                        "TorchPolicy.evaluate": {
                                            "total": 605.9986210998501,
                                            "count": 462071,
                                            "self": 156.03797710047525,
                                            "children": {
                                                "TorchPolicy.sample_actions": {
                                                    "total": 449.96064399937484,
                                                    "count": 462071,
                                                    "self": 449.96064399937484
                                                }
                                            }
                                        }
                                    }
                                },
                                "workers": {
                                    "total": 6.142991097157697,
                                    "count": 462070,
                                    "self": 0.0,
                                    "children": {
                                        "worker_root": {
                                            "total": 60165.96424040051,
                                            "count": 462070,