{
    "name": "root",
    "gauges": {
        "AIDriver.Policy.Entropy.mean": {
            "value": -3.2231338024139404,
            "min": -3.245769739151001,
            "max": -2.8890128135681152,
            "count": 1099
        },
        "AIDriver.Policy.Entropy.sum": {
            "value": -320972.5625,
            "min": -325735.28125,
            "max": -286959.875,
            "count": 1099
        },
        "AIDriver.Step.mean": {
            "value": 575799938.0,
            "min": 465999991.0,
            "max": 575799938.0,
            "count": 1099
        },
        "AIDriver.Step.sum": {
            "value": 575799938.0,
            "min": 465999991.0,
            "max": 575799938.0,
            "count": 1099
        },
        "AIDriver.Policy.ExtrinsicValueEstimate.mean": {
            "value": 7.164621353149414,
            "min": 1.8400382995605469,
            "max": 18.702877044677734,
            "count": 1099
        },
        "AIDriver.Policy.ExtrinsicValueEstimate.sum": {
            "value": 11742.814453125,
            "min": 2910.940673828125,
            "max": 25080.55859375,
            "count": 1099
        },
        "AIDriver.Losses.PolicyLoss.mean": {
            "value": 0.05000552239915307,
            "min": 0.045129180202900424,
            "max": 0.06057635724040059,
            "count": 1099
        },
        "AIDriver.Losses.PolicyLoss.sum": {
            "value": 0.4500497015923776,
            "min": 0.25144122380013906,
            "max": 0.6057635724040059,
            "count": 1099
        },
        "AIDriver.Losses.ValueLoss.mean": {
            "value": 1.0581327876548914,
            "min": 0.8200064218060433,
            "max": 23.429732952710417,
            "count": 1099
        },
        "AIDriver.Losses.ValueLoss.sum": {
            "value": 9.523195088894022,
            "min": 7.38005779625439,
            "max": 117.14866476355208,
            "count": 1099
        },
        "AIDriver.Policy.LearningRate.mean": {
            "value": 0.00012727462360847798,
            "min": 0.00012727462360847798,
            "max": 0.00016021043253653804,
            "count": 1099
        },
        "AIDriver.Policy.LearningRate.sum": {
            "value": 0.0011454716124763018,
            "min": 0.0008010521626826901,
            "max": 0.0015997538276488795,
            "count": 1099
        },
        "AIDriver.Policy.Epsilon.mean": {
            "value": 0.14242485534444443,
            "min": 0.14242485534444443,
            "max": 0.15340346198000002,
            "count": 1099
        },
        "AIDriver.Policy.Epsilon.sum": {
            "value": 1.2818236981,
            "min": 0.7670173099,
            "max": 1.5332511203,
            "count": 1099
        },
        "AIDriver.Policy.Beta.mean": {
            "value": 0.0002178817911877778,
            "min": 0.0002178817911877778,
            "max": 0.00027167696370200003,
            "count": 1099
        },
        "AIDriver.Policy.Beta.sum": {
            "value": 0.00196093612069,
            "min": 0.00135838481851,
            "max": 0.0027129304894700002,
            "count": 1099
        },
        "AIDriver.Environment.EpisodeLength.mean": {
            "value": 784.7205882352941,
            "min": 299.72222222222223,
            "max": 1484.3355263157894,
            "count": 1099
        },
        "AIDriver.Environment.EpisodeLength.sum": {
            "value": 106722.0,
            "min": 13961.0,
            "max": 225619.0,
            "count": 1099
        },
        "AIDriver.Environment.CumulativeReward.mean": {
            "value": 78.59066979157421,
            "min": 32.229018262305466,
            "max": 82.1396278020929,
            "count": 1099
        },
        "AIDriver.Environment.CumulativeReward.sum": {
            "value": 10688.331091654094,
            "min": 2093.653710026294,
            "max": 12056.360321447111,
            "count": 1099
        },
        "AIDriver.Policy.ExtrinsicReward.mean": {
            "value": 78.59066979157421,
            "min": 32.229018262305466,
            "max": 82.1396278020929,
            "count": 1099
        },
        "AIDriver.Policy.ExtrinsicReward.sum": {
            "value": 10688.331091654094,
            "min": 2093.653710026294,
            "max": 12056.360321447111,
            "count": 1099
        },
        "AIDriver.IsTraining.mean": {
            "value": 1.0,
            "min": 1.0,
            "max": 1.0,
            "count": 1099
        },
        "AIDriver.IsTraining.sum": {
            "value": 1.0,
            "min": 1.0,
            "max": 1.0,
            "count": 1099
        }
    },
    "metadata": {
        "timer_format_version": "0.1.0",
        "start_time_seconds": "1628803379",
        "python_version": "3.7.9 (tags/v3.7.9:13c94747c7, Aug 17 2020, 18:58:18) [MSC v.1900 64 bit (AMD64)]",
        "command_line_arguments": "C:\\Users\\Student\\Documents\\GitHub\\AIDriver\\AIDriver\\venv\\Scripts\\mlagents-learn config/AIDriver.yaml --run-id=AIDriverNotCol2 --resume",
        "mlagents_version": "0.27.0",
        "mlagents_envs_version": "0.27.0",
        "communication_protocol_version": "1.5.0",
        "pytorch_version": "1.7.0+cu110",
        "numpy_version": "1.21.1",
        "end_time_seconds": "1628860257"
    },
    "total": 56878.3407222,
    "count": 1,
    "self": 0.005496300000231713,
    "children": {
        "run_training.setup": {
            "total": 0.1271312,
            "count": 1,
            "self": 0.1271312
        },
        "TrainerController.start_learning": {
            "total": 56878.2080947,
            "count": 1,
            "self": 10.685451102493971,
            "children": {
                "TrainerController._reset_env": {
                    "total": 7.1974241999999995,
                    "count": 1,
                    "self": 7.1974241999999995
                },
                "TrainerController.advance": {
                    "total": 56860.28922559751,
                    "count": 429581,
                    "self": 9.405091999346041,
                    "children": {
                        "env_step": {
                            "total": 30449.649457998305,
                            "count": 429581,
                            "self": 29830.641447598256,
                            "children": {
                                "SubprocessEnvManager._take_step": {
                                    "total": 613.2168959000647,
                                    "count": 429581,
                                    "self": 60.27605129964684,
                                    "children": {
                                        "TorchPolicy.evaluate": {
                                            "total": 552.9408446004179,
                                            "count": 429581,
                                            "self": 149.74221879912466,
                                            "children": {
                                                "TorchPolicy.sample_actions": {
                                                    "total": 403.19862580129325,
                                                    "count": 429581,
                                                    "self": 403.19862580129325
                                                }
                                            }
                                        }
                                    }
                                },
                                "workers": {
                                    "total": 5.791114499983506,
                                    "count": 429580,
                                    "self": 0.0,
                                    "children": {
                                        "worker_root": {
                                            "total": 56861.48871780208,
                                            "count": 429580,