{
    "name": "root",
    "gauges": {
        "AIDriver.Policy.Entropy.mean": {
            "value": -1.5624557733535767,
            "min": -1.8302315473556519,
            "max": -1.5615943670272827,
            "count": 139
        },
        "AIDriver.Policy.Entropy.sum": {
            "value": -156395.578125,
            "min": -175383.1875,
            "max": -29986.513671875,
            "count": 139
        },
        "AIDriver.IsTraining.mean": {
            "value": 1.0,
            "min": 1.0,
            "max": 1.0,
            "count": 139
        },
        "AIDriver.IsTraining.sum": {
            "value": 1.0,
            "min": 1.0,
            "max": 1.0,
            "count": 139
        },
        "AIDriver.Step.mean": {
            "value": 523299941.0,
            "min": 509599966.0,
            "max": 523299941.0,
            "count": 138
        },
        "AIDriver.Step.sum": {
            "value": 523299941.0,
            "min": 509599966.0,
            "max": 523299941.0,
            "count": 138
        },
        "AIDriver.Policy.ExtrinsicValueEstimate.mean": {
            "value": 43.57045364379883,
            "min": 30.70262908935547,
            "max": 69.56147766113281,
            "count": 138
        },
        "AIDriver.Policy.ExtrinsicValueEstimate.sum": {
            "value": 70104.859375,
            "min": 48878.5859375,
            "max": 108794.1484375,
            "count": 138
        },
        "AIDriver.Losses.PolicyLoss.mean": {
            "value": 0.04866400697384961,
            "min": 0.04622202362818833,
            "max": 0.05188315869464229,
            "count": 138
        },
        "AIDriver.Losses.PolicyLoss.sum": {
            "value": 0.4866400697384961,
            "min": 0.30159253633125144,
            "max": 0.5188315869464228,
            "count": 138
        },
        "AIDriver.Losses.ValueLoss.mean": {
            "value": 22.873482414241728,
            "min": 11.503726284381829,
            "max": 102.9789977399099,
            "count": 138
        },
        "AIDriver.Losses.ValueLoss.sum": {
            "value": 228.73482414241727,
            "min": 69.02235770629098,
            "max": 926.8109796591891,
            "count": 138
        },
        "AIDriver.Policy.LearningRate.mean": {
            "value": 0.00014302593735470497,
            "min": 0.00014302593735470497,
            "max": 0.0001471328531557326,
            "count": 138
        },
        "AIDriver.Policy.LearningRate.sum": {
            "value": 0.0014302593735470498,
            "min": 0.0008824486900505387,
            "max": 0.0014701462238514288,
            "count": 138
        },
        "AIDriver.Policy.Epsilon.mean": {
            "value": 0.14767529501000004,
            "min": 0.14767529501000004,
            "max": 0.14904426739999999,
            "count": 138
        },
        "AIDriver.Policy.Epsilon.sum": {
            "value": 1.4767529501000003,
            "min": 0.8941494614000003,
            "max": 1.4900485713000002,
            "count": 138
        },
        "AIDriver.Policy.Beta.mean": {
            "value": 0.00024360894554900005,
            "min": 0.00024360894554900005,
            "max": 0.00025031691026,
            "count": 138
        },
        "AIDriver.Policy.Beta.sum": {
            "value": 0.0024360894554900005,
            "min": 0.0015013323608599996,
            "max": 0.0025012379993700007,
            "count": 138
        },
        "AIDriver.Environment.EpisodeLength.mean": {
            "value": 1160.563829787234,
            "min": 431.0,
            "max": 1312.1304347826087,
            "count": 138
        },
        "AIDriver.Environment.EpisodeLength.sum": {
            "value": 109093.0,
            "min": 3017.0,
            "max": 129282.0,
            "count": 138
        },
        "AIDriver.Environment.CumulativeReward.mean": {
            "value": 484.3596144177316,
            "min": 278.1308604574629,
            "max": 587.3880937489967,
            "count": 138
        },
        "AIDriver.Environment.CumulativeReward.sum": {
            "value": 45529.803755266774,
            "min": 1946.9160232022405,
            "max": 60950.22869498952,
            "count": 138
        },
        "AIDriver.Policy.ExtrinsicReward.mean": {
            "value": 484.3596144177316,
            "min": 278.1308604574629,
            "max": 587.3880937489967,
            "count": 138
        },
        "AIDriver.Policy.ExtrinsicReward.sum": {
            "value": 45529.803755266774,
            "min": 1946.9160232022405,
            "max": 60950.22869498952,
            "count": 138
        }
    },
    "metadata": {
        "timer_format_version": "0.1.0",
        "start_time_seconds": "1630964978",
        "python_version": "3.7.9 (tags/v3.7.9:13c94747c7, Aug 17 2020, 18:58:18) [MSC v.1900 64 bit (AMD64)]",
        "command_line_arguments": "C:\\Users\\Student\\Documents\\GitHub\\AIDriver\\AIDriver\\venv\\Scripts\\mlagents-learn config/AIDriverImitation5.yaml --run-id=5AIDriver2 --resume",
        "mlagents_version": "0.27.0",
        "mlagents_envs_version": "0.27.0",
        "communication_protocol_version": "1.5.0",
        "pytorch_version": "1.7.0+cu110",
        "numpy_version": "1.21.1",
        "end_time_seconds": "1630975281"
    },
    "total": 10303.0267888,
    "count": 1,
    "self": 0.0050111000000470085,
    "children": {
        "run_training.setup": {
            "total": 0.12112859999999959,
            "count": 1,
            "self": 0.12112859999999959
        },
        "TrainerController.start_learning": {
            "total": 10302.9006491,
            "count": 1,
            "self": 1.5819209000801493,
            "children": {
                "TrainerController._reset_env": {
                    "total": 8.518805799999999,
                    "count": 1,
                    "self": 8.518805799999999
                },
                "TrainerController.advance": {
                    "total": 10292.74253619992,
                    "count": 54191,
                    "self": 1.554192599891394,
                    "children": {
                        "env_step": {
                            "total": 5717.654109199916,
                            "count": 54191,
                            "self": 5568.571021400132,
                            "children": {
                                "SubprocessEnvManager._take_step": {
                                    "total": 148.32796959983904,
                                    "count": 54191,
                                    "self": 8.682878999786396,
                                    "children": {
                                        "TorchPolicy.evaluate": {
                                            "total": 139.64509060005264,
                                            "count": 54191,
                                            "self": 41.25212750030427,
                                            "children": {
                                                "TorchPolicy.sample_actions": {
                                                    "total": 98.39296309974837,
                                                    "count": 54191,
                                                    "self": 98.39296309974837
                                                }
                                            }
                                        }
                                    }
                                },
                                "workers": {
                                    "total": 0.7551181999448087,
                                    "count": 54190,
                                    "self": 0.0,
                                    "children": {
                                        "worker_root": {
                                            "total": 10294.224341699874,
                                            "count": 54190,