{
    "name": "root",
    "gauges": {
        "AIDriver.Policy.Entropy.mean": {
            "value": -2.090426206588745,
            "min": -2.0929343700408936,
            "max": -1.4682495594024658,
            "count": 1166
        },
        "AIDriver.Policy.Entropy.sum": {
            "value": -209243.296875,
            "min": -210030.15625,
            "max": -146320.78125,
            "count": 1166
        },
        "AIDriver.Step.mean": {
            "value": 434699968.0,
            "min": 318199944.0,
            "max": 434699968.0,
            "count": 1166
        },
        "AIDriver.Step.sum": {
            "value": 434699968.0,
            "min": 318199944.0,
            "max": 434699968.0,
            "count": 1166
        },
        "AIDriver.Policy.ExtrinsicValueEstimate.mean": {
            "value": 39.44700241088867,
            "min": 22.543352127075195,
            "max": 72.81982421875,
            "count": 1166
        },
        "AIDriver.Policy.ExtrinsicValueEstimate.sum": {
            "value": 63785.80078125,
            "min": 36091.90625,
            "max": 93646.296875,
            "count": 1166
        },
        "AIDriver.Losses.PolicyLoss.mean": {
            "value": 0.04972465322827231,
            "min": 0.04551565798578739,
            "max": 0.06388587210527678,
            "count": 1166
        },
        "AIDriver.Losses.PolicyLoss.sum": {
            "value": 0.4475218790544508,
            "min": 0.2547579505941637,
            "max": 0.6388587210527679,
            "count": 1166
        },
        "AIDriver.Losses.ValueLoss.mean": {
            "value": 20.678093859884473,
            "min": 10.710547706428029,
            "max": 54.91982315964814,
            "count": 1166
        },
        "AIDriver.Losses.ValueLoss.sum": {
            "value": 186.10284473896027,
            "min": 98.67632269335955,
            "max": 549.1982315964814,
            "count": 1166
        },
        "AIDriver.Policy.LearningRate.mean": {
            "value": 3.921038972989907e-05,
            "min": 3.921038972989907e-05,
            "max": 0.0001090999884333584,
            "count": 1166
        },
        "AIDriver.Policy.LearningRate.sum": {
            "value": 0.0003528935075690916,
            "min": 0.0003528935075690916,
            "max": 0.001086887968104223,
            "count": 1166
        },
        "AIDriver.Policy.Epsilon.mean": {
            "value": 0.11307010093333335,
            "min": 0.11307010093333335,
            "max": 0.1363666416,
            "count": 1166
        },
        "AIDriver.Policy.Epsilon.sum": {
            "value": 1.0176309084000001,
            "min": 0.681833208,
            "max": 1.3622957768000004,
            "count": 1166
        },
        "AIDriver.Policy.Beta.mean": {
            "value": 7.404349457333335e-05,
            "min": 7.404349457333335e-05,
            "max": 0.00018819654383999998,
            "count": 1166
        },
        "AIDriver.Policy.Beta.sum": {
            "value": 0.0006663914511600001,
            "min": 0.0006663914511600001,
            "max": 0.00187524930632,
            "count": 1166
        },
        "AIDriver.IsTraining.mean": {
            "value": 1.0,
            "min": 1.0,
            "max": 1.0,
            "count": 1166
        },
        "AIDriver.IsTraining.sum": {
            "value": 1.0,
            "min": 1.0,
            "max": 1.0,
            "count": 1166
        },
        "AIDriver.Environment.EpisodeLength.mean": {
            "value": 871.4313725490196,
            "min": 561.62,
            "max": 1542.6964285714287,
            "count": 1165
        },
        "AIDriver.Environment.EpisodeLength.sum": {
            "value": 88886.0,
            "min": 56162.0,
            "max": 172782.0,
            "count": 1165
        },
        "AIDriver.Environment.CumulativeReward.mean": {
            "value": 387.4381154839762,
            "min": 289.9523422426241,
            "max": 505.22757309644845,
            "count": 1165
        },
        "AIDriver.Environment.CumulativeReward.sum": {
            "value": 39518.68777936557,
            "min": 22169.233702880163,
            "max": 54153.99374014465,
            "count": 1165
        },
        "AIDriver.Policy.ExtrinsicReward.mean": {
            "value": 387.4381154839762,
            "min": 289.9523422426241,
            "max": 505.22757309644845,
            "count": 1165
        },
        "AIDriver.Policy.ExtrinsicReward.sum": {
            "value": 39518.68777936557,
            "min": 22169.233702880163,
            "max": 54153.99374014465,
            "count": 1165
        }
    },
    "metadata": {
        "timer_format_version": "0.1.0",
        "start_time_seconds": "1630800246",
        "python_version": "3.7.9 (tags/v3.7.9:13c94747c7, Aug 17 2020, 18:58:18) [MSC v.1900 64 bit (AMD64)]",
        "command_line_arguments": "C:\\Users\\Student\\Documents\\GitHub\\AIDriver\\AIDriver\\venv\\Scripts\\mlagents-learn config/AIDriverImitation5.yaml --run-id=5AIDriver2 --resume",
        "mlagents_version": "0.27.0",
        "mlagents_envs_version": "0.27.0",
        "communication_protocol_version": "1.5.0",
        "pytorch_version": "1.7.0+cu110",
        "numpy_version": "1.21.1",
        "end_time_seconds": "1630882807"
    },
    "total": 82560.9080504,
    "count": 1,
    "self": 0.006318400002783164,
    "children": {
        "run_training.setup": {
            "total": 0.1053219999999997,
            "count": 1,
            "self": 0.1053219999999997
        },
        "TrainerController.start_learning": {
            "total": 82560.79641,
            "count": 1,
            "self": 12.351286300079664,
            "children": {
                "TrainerController._reset_env": {
                    "total": 6.084325000000001,
                    "count": 1,
                    "self": 6.084325000000001
                },
                "TrainerController.advance": {
                    "total": 82542.30326769991,
                    "count": 455489,
                    "self": 11.897803400919656,
                    "children": {
                        "env_step": {
                            "total": 45833.722187800915,
                            "count": 455489,
                            "self": 44636.63233620693,
                            "children": {
                                "SubprocessEnvManager._take_step": {
                                    "total": 1190.6721698952363,
                                    "count": 455489,
                                    "self": 67.43125959912913,
                                    "children": {
                                        "TorchPolicy.evaluate": {
                                            "total": 1123.2409102961071,
                                            "count": 455489,
                                            "self": 320.5141273951416,
                                            "children": {
                                                "TorchPolicy.sample_actions": {
                                                    "total": 802.7267829009655,
                                                    "count": 455489,
                                                    "self": 802.7267829009655
                                                }
                                            }
                                        }
                                    }
                                },
                                "workers": {
                                    "total": 6.4176816987454846,
                                    "count": 455488,
                                    "self": 0.0,
                                    "children": {
                                        "worker_root": {
                                            "total": 82543.48766619913,
                                            "count": 455488,