{
    "name": "root",
    "gauges": {
        "AIDriver.Policy.Entropy.mean": {
            "value": -1.67756187915802,
            "min": -1.6840965747833252,
            "max": -1.6366456747055054,
            "count": 36
        },
        "AIDriver.Policy.Entropy.sum": {
            "value": -167917.234375,
            "min": -168896.625,
            "max": -160888.8125,
            "count": 36
        },
        "AIDriver.Step.mean": {
            "value": 581699955.0,
            "min": 578199975.0,
            "max": 581699955.0,
            "count": 36
        },
        "AIDriver.Step.sum": {
            "value": 581699955.0,
            "min": 578199975.0,
            "max": 581699955.0,
            "count": 36
        },
        "AIDriver.Policy.ExtrinsicValueEstimate.mean": {
            "value": 43.96563720703125,
            "min": 30.477134704589844,
            "max": 77.17249298095703,
            "count": 36
        },
        "AIDriver.Policy.ExtrinsicValueEstimate.sum": {
            "value": 70872.609375,
            "min": 48732.9375,
            "max": 100941.625,
            "count": 36
        },
        "AIDriver.Losses.PolicyLoss.mean": {
            "value": 0.05190074538246055,
            "min": 0.046517433591234114,
            "max": 0.05190074538246055,
            "count": 36
        },
        "AIDriver.Losses.PolicyLoss.sum": {
            "value": 0.5190074538246054,
            "min": 0.24431086717231665,
            "max": 0.5190074538246054,
            "count": 36
        },
        "AIDriver.Losses.ValueLoss.mean": {
            "value": 22.349180132557706,
            "min": 15.400801195142169,
            "max": 24.999231711771433,
            "count": 36
        },
        "AIDriver.Losses.ValueLoss.sum": {
            "value": 223.49180132557706,
            "min": 77.00400597571084,
            "max": 249.99231711771432,
            "count": 36
        },
        "AIDriver.Policy.LearningRate.mean": {
            "value": 0.00012550480604508405,
            "min": 0.00012550480604508405,
            "max": 0.0001265504321165419,
            "count": 36
        },
        "AIDriver.Policy.LearningRate.sum": {
            "value": 0.0012550480604508407,
            "min": 0.0006327521605827094,
            "max": 0.0012643498801502328,
            "count": 36
        },
        "AIDriver.Policy.Epsilon.mean": {
            "value": 0.14183491596000003,
            "min": 0.14183491596000003,
            "max": 0.14218345810000002,
            "count": 36
        },
        "AIDriver.Policy.Epsilon.sum": {
            "value": 1.4183491596000004,
            "min": 0.7109172905000001,
            "max": 1.4214497672000002,
            "count": 36
        },
        "AIDriver.Policy.Beta.mean": {
            "value": 0.00021499108820400003,
            "min": 0.00021499108820400003,
            "max": 0.00021669894468999998,
            "count": 36
        },
        "AIDriver.Policy.Beta.sum": {
            "value": 0.00214991088204,
            "min": 0.00108349472345,
            "max": 0.00216510385928,
            "count": 36
        },
        "AIDriver.Environment.EpisodeLength.mean": {
            "value": 1008.990099009901,
            "min": 379.0,
            "max": 1198.2577319587629,
            "count": 36
        },
        "AIDriver.Environment.EpisodeLength.sum": {
            "value": 101908.0,
            "min": 379.0,
            "max": 120178.0,
            "count": 36
        },
        "AIDriver.Environment.CumulativeReward.mean": {
            "value": 460.71835571712165,
            "min": 215.28159177303314,
            "max": 621.3306016400393,
            "count": 36
        },
        "AIDriver.Environment.CumulativeReward.sum": {
            "value": 46532.55392742929,
            "min": 215.28159177303314,
            "max": 60269.06835908381,
            "count": 36
        },
        "AIDriver.Policy.ExtrinsicReward.mean": {
            "value": 460.71835571712165,
            "min": 215.28159177303314,
            "max": 621.3306016400393,
            "count": 36
        },
        "AIDriver.Policy.ExtrinsicReward.sum": {
            "value": 46532.55392742929,
            "min": 215.28159177303314,
            "max": 60269.06835908381,
            "count": 36
        },
        "AIDriver.IsTraining.mean": {
            "value": 1.0,
            "min": 1.0,
            "max": 1.0,
            "count": 36
        },
        "AIDriver.IsTraining.sum": {
            "value": 1.0,
            "min": 1.0,
            "max": 1.0,
            "count": 36
        }
    },
    "metadata": {
        "timer_format_version": "0.1.0",
        "start_time_seconds": "1631020953",
        "python_version": "3.7.9 (tags/v3.7.9:13c94747c7, Aug 17 2020, 18:58:18) [MSC v.1900 64 bit (AMD64)]",
        "command_line_arguments": "C:\\Users\\Student\\Documents\\GitHub\\AIDriver\\AIDriver\\venv\\Scripts\\mlagents-learn config/AIDriverImitation5.yaml --run-id=5AIDriver2 --resume",
        "mlagents_version": "0.27.0",
        "mlagents_envs_version": "0.27.0",
        "communication_protocol_version": "1.5.0",
        "pytorch_version": "1.7.0+cu110",
        "numpy_version": "1.21.1",
        "end_time_seconds": "1631024102"
    },
    "total": 3148.890645,
    "count": 1,
    "self": 0.004191800000171497,
    "children": {
        "run_training.setup": {
            "total": 0.12148199999999987,
            "count": 1,
            "self": 0.12148199999999987
        },
        "TrainerController.start_learning": {
            "total": 3148.7649711999998,
            "count": 1,
            "self": 0.44084469999279463,
            "children": {
                "TrainerController._reset_env": {
                    "total": 8.9502004,
                    "count": 1,
                    "self": 8.9502004
                },
                "TrainerController.advance": {
                    "total": 3139.3160076000067,
                    "count": 14337,
                    "self": 0.44407239998417936,
                    "children": {
                        "env_step": {
                            "total": 1883.5303117000087,
                            "count": 14337,
                            "self": 1841.3396528000126,
                            "children": {
                                "SubprocessEnvManager._take_step": {
                                    "total": 41.99321179999289,
                                    "count": 14337,
                                    "self": 2.367496400005159,
                                    "children": {
                                        "TorchPolicy.evaluate": {
                                            "total": 39.62571539998773,
                                            "count": 14337,
                                            "self": 11.683511199972507,
                                            "children": {
                                                "TorchPolicy.sample_actions": {
                                                    "total": 27.942204200015226,
                                                    "count": 14337,
                                                    "self": 27.942204200015226
                                                }
                                            }
                                        }
                                    }
                                },
                                "workers": {
                                    "total": 0.19744710000324162,
                                    "count": 14336,
                                    "self": 0.0,
                                    "children": {
                                        "worker_root": {
                                            "total": 3140.0392242000053,
                                            "count": 14336,
                                            "is_parallel": true,