{
    "name": "root",
    "metadata": {
        "timer_format_version": "0.1.0",
        "start_time_seconds": "1640345437",
        "python_version": "3.7.9 (tags/v3.7.9:13c94747c7, Aug 17 2020, 18:58:18) [MSC v.1900 64 bit (AMD64)]",
        "command_line_arguments": "C:\\Users\\Student\\OneDrive - Loughborough University\\Documents\\GitHub\\AIDriver\\AIDriver\\venv\\Scripts\\mlagents-learn config/AIDriverImitation5.yaml --run-id=8AIDriver23 --resume",
        "mlagents_version": "0.27.0",
        "mlagents_envs_version": "0.27.0",
        "communication_protocol_version": "1.5.0",
        "pytorch_version": "1.7.0+cu110",
        "numpy_version": "1.21.2",
        "end_time_seconds": "1640345548"
    },
    "total": 110.9468925,
    "count": 1,
    "self": 0.004572600000017246,
    "children": {
        "run_training.setup": {
            "total": 0.28068969999999993,
            "count": 1,
            "self": 0.28068969999999993
        },
        "TrainerController.start_learning": {
            "total": 110.66163019999999,
            "count": 1,
            "self": 0.08061279999982673,
            "children": {
                "TrainerController._reset_env": {
                    "total": 17.017933900000003,
                    "count": 1,
                    "self": 17.017933900000003
                },
                "TrainerController.advance": {
                    "total": 93.48216490000017,
                    "count": 4020,
                    "self": 0.08441269999968881,
                    "children": {
                        "env_step": {
                            "total": 92.87920690000007,
                            "count": 4020,
                            "self": 76.4743451999995,
                            "children": {
                                "SubprocessEnvManager._take_step": {
                                    "total": 16.353892100000355,
                                    "count": 4020,
                                    "self": 0.2225344000006757,
                                    "children": {
                                        "TorchPolicy.evaluate": {
                                            "total": 16.13135769999968,
                                            "count": 4020,
                                            "self": 6.284239699999922,
                                            "children": {
                                                "TorchPolicy.sample_actions": {
                                                    "total": 9.847117999999757,
                                                    "count": 4020,
                                                    "self": 9.847117999999757
                                                }
                                            }
                                        }
                                    }
                                },
                                "workers": {
                                    "total": 0.05096960000021156,
                                    "count": 4019,
                                    "self": 0.0,
                                    "children": {
                                        "worker_root": {
                                            "total": 94.29075610000037,
                                            "count": 4019,
                                            "is_parallel": true,
                                            "self": 21.343184500000604,
                                            "children": {
                                                "steps_from_proto": {
                                                    "total": 0.00043180000000120344,
                                                    "count": 1,
                                                    "is_parallel": true,
                                                    "self": 0.0002229000000042447,
                                                    "children": {
                                                        "_process_rank_one_or_two_observation": {
                                                            "total": 0.00020889999999695874,
                                                            "count": 6,
                                                            "is_parallel": true,
                                                            "self": 0.00020889999999695874
                                                        }
                                                    }
                                                },
                                                "UnityEnvironment.step": {
                                                    "total": 72.94713979999976,
                                                    "count": 4019,
                                                    "is_parallel": true,
                                                    "self": 0.3584569999988503,
                                                    "children": {
                                                        "UnityEnvironment._generate_step_input": {
                                                            "total": 0.2771540000004187,
                                                            "count": 4019,
                                                            "is_parallel": true,
                                                            "self": 0.2771540000004187
                                                        },
                                                        "communicator.exchange": {
                                                            "total": 70.90495470000029,
                                                            "count": 4019,
                                                            "is_parallel": true,
                                                            "self": 70.90495470000029
                                                        },
                                                        "steps_from_proto": {
                                                            "total": 1.4065741000001957,
                                                            "count": 4019,
                                                            "is_parallel": true,
                                                            "self": 0.7123294000007725,
                                                            "children": {
                                                                "_process_rank_one_or_two_observation": {
                                                                    "total": 0.6942446999994232,
                                                                    "count": 24114,
                                                                    "is_parallel": true,
                                                                    "self": 0.6942446999994232
                                                                }
                                                            }
                                                        }
                                                    }
                                                }
                                            }
                                        }
                                    }
                                }
                            }
                        },
                        "trainer_advance": {
                            "total": 0.5185453000004081,
                            "count": 4019,
                            "self": 0.10630740000057415,
                            "children": {
                                "process_trajectory": {
                                    "total": 0.41223789999983396,
                                    "count": 4019,