{
    "name": "root",
    "gauges": {
        "AIDriver.Policy.Entropy.mean": {
            "value": 0.3415004014968872,
            "min": -0.5885733366012573,
            "max": 0.690110445022583,
            "count": 579
        },
        "AIDriver.Policy.Entropy.sum": {
            "value": 34139.11328125,
            "min": -59275.30078125,
            "max": 69342.296875,
            "count": 579
        },
        "AIDriver.Step.mean": {
            "value": 57899996.0,
            "min": 99986.0,
            "max": 57899996.0,
            "count": 579
        },
        "AIDriver.Step.sum": {
            "value": 57899996.0,
            "min": 99986.0,
            "max": 57899996.0,
            "count": 579
        },
        "AIDriver.Policy.ExtrinsicValueEstimate.mean": {
            "value": 2.662882089614868,
            "min": -1.6667609214782715,
            "max": 21.065427780151367,
            "count": 579
        },
        "AIDriver.Policy.ExtrinsicValueEstimate.sum": {
            "value": 4284.5771484375,
            "min": -2726.82080078125,
            "max": 33704.68359375,
            "count": 579
        },
        "AIDriver.Losses.PolicyLoss.mean": {
            "value": 0.05595089950799427,
            "min": 0.04514734699080388,
            "max": 0.11319405336581301,
            "count": 579
        },
        "AIDriver.Losses.PolicyLoss.sum": {
            "value": 0.5595089950799427,
            "min": 0.3806999529864138,
            "max": 1.13194053365813,
            "count": 579
        },
        "AIDriver.Losses.ValueLoss.mean": {
            "value": 25.345068026083275,
            "min": 1.157899871956769,
            "max": 235.13557962417605,
            "count": 579
        },
        "AIDriver.Losses.ValueLoss.sum": {
            "value": 253.45068026083274,
            "min": 11.578998719567691,
            "max": 2351.3557962417603,
            "count": 579
        },
        "AIDriver.Policy.LearningRate.mean": {
            "value": 0.0002826458916247047,
            "min": 0.0002826458916247047,
            "max": 0.0002999817791632165,
            "count": 579
        },
        "AIDriver.Policy.LearningRate.sum": {
            "value": 0.002826458916247047,
            "min": 0.0020998724541425153,
            "max": 0.0029989558626480456,
            "count": 579
        },
        "AIDriver.Policy.Epsilon.mean": {
            "value": 0.19421529528,
            "min": 0.19421529528,
            "max": 0.19999392638571428,
            "count": 579
        },
        "AIDriver.Policy.Epsilon.sum": {
            "value": 1.9421529528,
            "min": 1.3999574847,
            "max": 1.9996519540999997,
            "count": 579
        },
        "AIDriver.Policy.Beta.mean": {
            "value": 0.000471654946872,
            "min": 0.000471654946872,
            "max": 0.00049997023929,
            "count": 579
        },
        "AIDriver.Policy.Beta.sum": {
            "value": 0.00471654946872,
            "min": 0.00349979167503,
            "max": 0.00499829457509,
            "count": 579
        },
        "AIDriver.Environment.EpisodeLength.mean": {
            "value": 825.7471264367816,
            "min": 412.9791666666667,
            "max": 4774.65,
            "count": 579
        },
        "AIDriver.Environment.EpisodeLength.sum": {
            "value": 71840.0,
            "min": 35611.0,
            "max": 196259.0,
            "count": 579
        },
        "AIDriver.Environment.CumulativeReward.mean": {
            "value": 39.20717156831795,
            "min": -13.284562017841298,
            "max": 603.1686294592917,
            "count": 579
        },
        "AIDriver.Environment.CumulativeReward.sum": {
            "value": 3450.23109801198,
            "min": -2298.2292290865444,
            "max": 27142.588325668126,
            "count": 579
        },
        "AIDriver.Policy.ExtrinsicReward.mean": {
            "value": 39.20717156831795,
            "min": -13.284562017841298,
            "max": 603.1686294592917,
            "count": 579
        },
        "AIDriver.Policy.ExtrinsicReward.sum": {
            "value": 3450.23109801198,
            "min": -2298.2292290865444,
            "max": 27142.588325668126,
            "count": 579
        },
        "AIDriver.IsTraining.mean": {
            "value": 1.0,
            "min": 1.0,
            "max": 1.0,
            "count": 579
        },
        "AIDriver.IsTraining.sum": {
            "value": 1.0,
            "min": 1.0,
            "max": 1.0,
            "count": 579
        }
    },
    "metadata": {
        "timer_format_version": "0.1.0",
        "start_time_seconds": "1632180735",
        "python_version": "3.7.9 (tags/v3.7.9:13c94747c7, Aug 17 2020, 18:58:18) [MSC v.1900 64 bit (AMD64)]",
        "command_line_arguments": "C:\\Users\\Student\\OneDrive - Loughborough University\\Documents\\GitHub\\AIDriver\\AIDriver\\venv\\Scripts\\mlagents-learn config/AIDriverImitation5.yaml --run-id=8AIDriver11 --resume",
        "mlagents_version": "0.27.0",
        "mlagents_envs_version": "0.27.0",
        "communication_protocol_version": "1.5.0",
        "pytorch_version": "1.7.0+cu110",
        "numpy_version": "1.21.2",
        "end_time_seconds": "1632234282"
    },
    "total": 53546.7709265,
    "count": 1,
    "self": 0.004810699996596668,
    "children": {
        "run_training.setup": {
            "total": 0.07311220000000007,
            "count": 1,
            "self": 0.07311220000000007
        },
        "TrainerController.start_learning": {
            "total": 53546.693003600005,
            "count": 1,
            "self": 10.927000699499331,
            "children": {
                "TrainerController._reset_env": {
                    "total": 6.1301008,
                    "count": 1,
                    "self": 6.1301008
                },
                "TrainerController.advance": {
                    "total": 53529.5716587005,
                    "count": 452599,
                    "self": 9.805848800977401,
                    "children": {
                        "env_step": {
                            "total": 31576.426230199446,
                            "count": 452599,
                            "self": 29952.157431600455,
                            "children": {
                                "SubprocessEnvManager._take_step": {
                                    "total": 1617.6924013995713,
                                    "count": 452599,
                                    "self": 43.8458565001788,
                                    "children": {
                                        "TorchPolicy.evaluate": {
                                            "total": 1573.8465448993925,
                                            "count": 452599,
                                            "self": 436.0755881977075,
                                            "children": {
                                                "TorchPolicy.sample_actions": {
                                                    "total": 1137.770956701685,
                                                    "count": 452599,
                                                    "self": 1137.770956701685
                                                }
                                            }
                                        }
                                    }
                                },
                                "workers": {
                                    "total": 6.5763971994188255,
                                    "count": 452598,
                                    "self": 0.0,
                                    "children": {
                                        "worker_root": {
                                            "total": 53529.082536299145,
                                            "count": 452598,