{
    "name": "root",
    "gauges": {
        "AIDriver.Policy.Entropy.mean": {
            "value": 1.3921774625778198,
            "min": 1.3414980173110962,
            "max": 1.7209025621414185,
            "count": 419
        },
        "AIDriver.Policy.Entropy.sum": {
            "value": 138995.0,
            "min": 65630.5859375,
            "max": 172420.015625,
            "count": 419
        },
        "AIDriver.Step.mean": {
            "value": 438799955.0,
            "min": 396999954.0,
            "max": 438799955.0,
            "count": 419
        },
        "AIDriver.Step.sum": {
            "value": 438799955.0,
            "min": 396999954.0,
            "max": 438799955.0,
            "count": 419
        },
        "AIDriver.Policy.ExtrinsicValueEstimate.mean": {
            "value": 17.583667755126953,
            "min": 11.79056453704834,
            "max": 28.22678565979004,
            "count": 419
        },
        "AIDriver.Policy.ExtrinsicValueEstimate.sum": {
            "value": 27711.861328125,
            "min": 14536.794921875,
            "max": 37004.37890625,
            "count": 419
        },
        "AIDriver.Losses.PolicyLoss.mean": {
            "value": 0.0495173557752019,
            "min": 0.04622328966474104,
            "max": 0.05631729775457643,
            "count": 419
        },
        "AIDriver.Losses.PolicyLoss.sum": {
            "value": 0.4456562019768171,
            "min": 0.102048766988446,
            "max": 0.5631729775457643,
            "count": 419
        },
        "AIDriver.Losses.ValueLoss.mean": {
            "value": 16.27381843196021,
            "min": 6.212251400476489,
            "max": 43.852026335442666,
            "count": 419
        },
        "AIDriver.Losses.ValueLoss.sum": {
            "value": 146.4643658876419,
            "min": 13.417908664792776,
            "max": 394.668237018984,
            "count": 419
        },
        "AIDriver.Policy.LearningRate.mean": {
            "value": 0.00016837463087513766,
            "min": 0.00016837463087513766,
            "max": 0.00018090256869915698,
            "count": 419
        },
        "AIDriver.Policy.LearningRate.sum": {
            "value": 0.001515371677876239,
            "min": 0.00036180513739831395,
            "max": 0.0018064491687504098,
            "count": 419
        },
        "AIDriver.Policy.Epsilon.mean": {
            "value": 0.15612486233333334,
            "min": 0.15612486233333334,
            "max": 0.16030084300000003,
            "count": 419
        },
        "AIDriver.Policy.Epsilon.sum": {
            "value": 1.405123761,
            "min": 0.32060168600000005,
            "max": 1.6021495903,
            "count": 419
        },
        "AIDriver.Policy.Beta.mean": {
            "value": 0.0002850118254333334,
            "min": 0.0002850118254333334,
            "max": 0.0003054741307,
            "count": 419
        },
        "AIDriver.Policy.Beta.sum": {
            "value": 0.0025651064289000003,
            "min": 0.0006109482614,
            "max": 0.00305053299247,
            "count": 419
        },
        "AIDriver.IsTraining.mean": {
            "value": 1.0,
            "min": 1.0,
            "max": 1.0,
            "count": 419
        },
        "AIDriver.IsTraining.sum": {
            "value": 1.0,
            "min": 1.0,
            "max": 1.0,
            "count": 419
        },
        "AIDriver.Environment.EpisodeLength.mean": {
            "value": 3348.769230769231,
            "min": 1617.375,
            "max": 5406.944444444444,
            "count": 417
        },
        "AIDriver.Environment.EpisodeLength.sum": {
            "value": 87068.0,
            "min": 9516.0,
            "max": 357697.0,
            "count": 417
        },
        "AIDriver.Environment.CumulativeReward.mean": {
            "value": 574.0933176605837,
            "min": 149.7187256607227,
            "max": 1031.8608720288094,
            "count": 417
        },
        "AIDriver.Environment.CumulativeReward.sum": {
            "value": 14926.426259175176,
            "min": 748.5936283036135,
            "max": 71521.9338045321,
            "count": 417
        },
        "AIDriver.Policy.ExtrinsicReward.mean": {
            "value": 574.0933176605837,
            "min": 149.7187256607227,
            "max": 1031.8608720288094,
            "count": 417
        },
        "AIDriver.Policy.ExtrinsicReward.sum": {
            "value": 14926.426259175176,
            "min": 748.5936283036135,
            "max": 71521.9338045321,
            "count": 417
        }
    },
    "metadata": {
        "timer_format_version": "0.1.0",
        "start_time_seconds": "1632706516",
        "python_version": "3.7.9 (tags/v3.7.9:13c94747c7, Aug 17 2020, 18:58:18) [MSC v.1900 64 bit (AMD64)]",
        "command_line_arguments": "C:\\Users\\Student\\OneDrive - Loughborough University\\Documents\\GitHub\\AIDriver\\AIDriver\\venv\\Scripts\\mlagents-learn config/AIDriverImitation5.yaml --run-id=8AIDriver11 --resume",
        "mlagents_version": "0.27.0",
        "mlagents_envs_version": "0.27.0",
        "communication_protocol_version": "1.5.0",
        "pytorch_version": "1.7.0+cu110",
        "numpy_version": "1.21.2",
        "end_time_seconds": "1632745622"
    },
    "total": 39104.9040798,
    "count": 1,
    "self": 0.005753999997978099,
    "children": {
        "run_training.setup": {
            "total": 0.12970660000000045,
            "count": 1,
            "self": 0.12970660000000045
        },
        "TrainerController.start_learning": {
            "total": 39104.768619200004,
            "count": 1,
            "self": 7.58263519994216,
            "children": {
                "TrainerController._reset_env": {
                    "total": 16.7789121,
                    "count": 1,
                    "self": 16.7789121
                },
                "TrainerController.advance": {
                    "total": 39080.34486310006,
                    "count": 326869,
                    "self": 7.053039799466205,
                    "children": {
                        "env_step": {
                            "total": 23576.163417400865,
                            "count": 326869,
                            "self": 22524.993182202616,
                            "children": {
                                "SubprocessEnvManager._take_step": {
                                    "total": 1046.7006577988357,
                                    "count": 326869,
                                    "self": 31.45398739846246,
                                    "children": {
                                        "TorchPolicy.evaluate": {
                                            "total": 1015.2466704003732,
                                            "count": 326869,
                                            "self": 291.7643227996688,
                                            "children": {
                                                "TorchPolicy.sample_actions": {
                                                    "total": 723.4823476007044,
                                                    "count": 326869,
                                                    "self": 723.4823476007044
                                                }
                                            }
                                        }
                                    }
                                },
                                "workers": {
                                    "total": 4.469577399414888,
                                    "count": 326868,
                                    "self": 0.0,
                                    "children": {
                                        "worker_root": {
                                            "total": 39080.34506100027,
                                            "count": 326868,