{
    "name": "root",
    "gauges": {
        "AIDriver.Policy.Entropy.mean": {
            "value": 1.5901269912719727,
            "min": 1.3716965913772583,
            "max": 1.907645344734192,
            "count": 486
        },
        "AIDriver.Policy.Entropy.sum": {
            "value": 158147.671875,
            "min": 23251.875,
            "max": 190996.140625,
            "count": 486
        },
        "AIDriver.Step.mean": {
            "value": 389399969.0,
            "min": 340899945.0,
            "max": 389399969.0,
            "count": 486
        },
        "AIDriver.Step.sum": {
            "value": 389399969.0,
            "min": 340899945.0,
            "max": 389399969.0,
            "count": 486
        },
        "AIDriver.Policy.ExtrinsicValueEstimate.mean": {
            "value": 18.30170440673828,
            "min": 13.496187210083008,
            "max": 25.139177322387695,
            "count": 486
        },
        "AIDriver.Policy.ExtrinsicValueEstimate.sum": {
            "value": 28916.693359375,
            "min": 5254.087890625,
            "max": 34668.640625,
            "count": 486
        },
        "AIDriver.IsTraining.mean": {
            "value": 1.0,
            "min": 1.0,
            "max": 1.0,
            "count": 486
        },
        "AIDriver.IsTraining.sum": {
            "value": 1.0,
            "min": 1.0,
            "max": 1.0,
            "count": 486
        },
        "AIDriver.Losses.PolicyLoss.mean": {
            "value": 0.046840637970405316,
            "min": 0.046183047081964704,
            "max": 0.08997913373922577,
            "count": 485
        },
        "AIDriver.Losses.PolicyLoss.sum": {
            "value": 0.4684063797040532,
            "min": 0.38253642956353406,
            "max": 0.8098122036530319,
            "count": 485
        },
        "AIDriver.Losses.ValueLoss.mean": {
            "value": 11.601494894027711,
            "min": 3.6971412716752727,
            "max": 53.69100398973182,
            "count": 485
        },
        "AIDriver.Losses.ValueLoss.sum": {
            "value": 116.01494894027711,
            "min": 29.577130173402182,
            "max": 483.2190359075864,
            "count": 485
        },
        "AIDriver.Policy.LearningRate.mean": {
            "value": 0.00018319538747488384,
            "min": 0.00018319538747488384,
            "max": 0.0001977139139703734,
            "count": 485
        },
        "AIDriver.Policy.LearningRate.sum": {
            "value": 0.0018319538747488383,
            "min": 0.0015817113117629871,
            "max": 0.001976548829450504,
            "count": 485
        },
        "AIDriver.Policy.Epsilon.mean": {
            "value": 0.16106511618000002,
            "min": 0.16106511618000002,
            "max": 0.165904626625,
            "count": 485
        },
        "AIDriver.Policy.Epsilon.sum": {
            "value": 1.6106511618000001,
            "min": 1.327237013,
            "max": 1.6588494961,
            "count": 485
        },
        "AIDriver.Policy.Beta.mean": {
            "value": 0.00030921906928200007,
            "min": 0.00030921906928200007,
            "max": 0.0003329326704625,
            "count": 485
        },
        "AIDriver.Policy.Beta.sum": {
            "value": 0.0030921906928200005,
            "min": 0.0026634613637,
            "max": 0.003328362530890001,
            "count": 485
        },
        "AIDriver.Environment.EpisodeLength.mean": {
            "value": 4732.5,
            "min": 472.9836065573771,
            "max": 4999.0,
            "count": 485
        },
        "AIDriver.Environment.EpisodeLength.sum": {
            "value": 113580.0,
            "min": 28852.0,
            "max": 155017.0,
            "count": 485
        },
        "AIDriver.Environment.CumulativeReward.mean": {
            "value": 865.2240264782837,
            "min": 91.87080670486121,
            "max": 1036.1557733739571,
            "count": 485
        },
        "AIDriver.Environment.CumulativeReward.sum": {
            "value": 20765.37663547881,
            "min": 5604.119208996533,
            "max": 31658.39940446141,
            "count": 485
        },
        "AIDriver.Policy.ExtrinsicReward.mean": {
            "value": 865.2240264782837,
            "min": 91.87080670486121,
            "max": 1036.1557733739571,
            "count": 485
        },
        "AIDriver.Policy.ExtrinsicReward.sum": {
            "value": 20765.37663547881,
            "min": 5604.119208996533,
            "max": 31658.39940446141,
            "count": 485
        }
    },
    "metadata": {
        "timer_format_version": "0.1.0",
        "start_time_seconds": "1632612335",
        "python_version": "3.7.9 (tags/v3.7.9:13c94747c7, Aug 17 2020, 18:58:18) [MSC v.1900 64 bit (AMD64)]",
        "command_line_arguments": "C:\\Users\\Student\\OneDrive - Loughborough University\\Documents\\GitHub\\AIDriver\\AIDriver\\venv\\Scripts\\mlagents-learn config/AIDriverImitation5.yaml --run-id=8AIDriver11 --resume",
        "mlagents_version": "0.27.0",
        "mlagents_envs_version": "0.27.0",
        "communication_protocol_version": "1.5.0",
        "pytorch_version": "1.7.0+cu110",
        "numpy_version": "1.21.2",
        "end_time_seconds": "1632654677"
    },
    "total": 42342.7599656,
    "count": 1,
    "self": 0.005176800004846882,
    "children": {
        "run_training.setup": {
            "total": 0.12856140000000005,
            "count": 1,
            "self": 0.12856140000000005
        },
        "TrainerController.start_learning": {
            "total": 42342.6262274,
            "count": 1,
            "self": 9.322452498672646,
            "children": {
                "TrainerController._reset_env": {
                    "total": 7.6578026,
                    "count": 1,
                    "self": 7.6578026
                },
                "TrainerController.advance": {
                    "total": 42325.58209230133,
                    "count": 379718,
                    "self": 8.93004160055716,
                    "children": {
                        "env_step": {
                            "total": 26215.102057000295,
                            "count": 379718,
                            "self": 25152.985840999896,
                            "children": {
                                "SubprocessEnvManager._take_step": {
                                    "total": 1056.9487093008165,
                                    "count": 379718,
                                    "self": 37.05121160008571,
                                    "children": {
                                        "TorchPolicy.evaluate": {
                                            "total": 1019.8974977007308,
                                            "count": 379718,
                                            "self": 313.30260130092074,
                                            "children": {
                                                "TorchPolicy.sample_actions": {
                                                    "total": 706.5948963998101,
                                                    "count": 379718,
                                                    "self": 706.5948963998101
                                                }
                                            }
                                        }
                                    }
                                },
                                "workers": {
                                    "total": 5.167506699580622,
                                    "count": 379717,
                                    "self": 0.0,
                                    "children": {
                                        "worker_root": {
                                            "total": 42326.12860050025,
                                            "count": 379717,