{
    "name": "root",
    "gauges": {
        "AIDriver.Policy.Entropy.mean": {
            "value": 1.4234780073165894,
            "min": 1.411463737487793,
            "max": 2.0332958698272705,
            "count": 508
        },
        "AIDriver.Policy.Entropy.sum": {
            "value": 142848.859375,
            "min": 141101.203125,
            "max": 207640.046875,
            "count": 508
        },
        "AIDriver.Step.mean": {
            "value": 340799948.0,
            "min": 290099987.0,
            "max": 340799948.0,
            "count": 508
        },
        "AIDriver.Step.sum": {
            "value": 340799948.0,
            "min": 290099987.0,
            "max": 340799948.0,
            "count": 508
        },
        "AIDriver.Policy.ExtrinsicValueEstimate.mean": {
            "value": 19.23579978942871,
            "min": 10.665483474731445,
            "max": 21.040241241455078,
            "count": 508
        },
        "AIDriver.Policy.ExtrinsicValueEstimate.sum": {
            "value": 30854.22265625,
            "min": 17000.78125,
            "max": 33748.546875,
            "count": 508
        },
        "AIDriver.Losses.PolicyLoss.mean": {
            "value": 0.05284095794893802,
            "min": 0.046466257060817404,
            "max": 0.05500330613460391,
            "count": 508
        },
        "AIDriver.Losses.PolicyLoss.sum": {
            "value": 0.5284095794893802,
            "min": 0.2919260136573438,
            "max": 0.5500330613460391,
            "count": 508
        },
        "AIDriver.Losses.ValueLoss.mean": {
            "value": 5.878845772743225,
            "min": 1.978906575860531,
            "max": 513.590129254361,
            "count": 508
        },
        "AIDriver.Losses.ValueLoss.sum": {
            "value": 58.78845772743225,
            "min": 18.859546537697316,
            "max": 5135.90129254361,
            "count": 508
        },
        "AIDriver.Policy.LearningRate.mean": {
            "value": 0.00019777581305474036,
            "min": 0.00019777581305474036,
            "max": 0.00021298278880574676,
            "count": 508
        },
        "AIDriver.Policy.LearningRate.sum": {
            "value": 0.0019777581305474036,
            "min": 0.0012778967328344805,
            "max": 0.002129544444351948,
            "count": 508
        },
        "AIDriver.Policy.Epsilon.mean": {
            "value": 0.16592525966000002,
            "min": 0.16592525966000002,
            "max": 0.17099425326666665,
            "count": 508
        },
        "AIDriver.Policy.Epsilon.sum": {
            "value": 1.6592525966000002,
            "min": 1.0259655196,
            "max": 1.7098480514000003,
            "count": 508
        },
        "AIDriver.Policy.Beta.mean": {
            "value": 0.00033303377233399997,
            "min": 0.00033303377233399997,
            "max": 0.00035787184100666665,
            "count": 508
        },
        "AIDriver.Policy.Beta.sum": {
            "value": 0.00333033772334,
            "min": 0.00214723104604,
            "max": 0.0035782554518600006,
            "count": 508
        },
        "AIDriver.Environment.EpisodeLength.mean": {
            "value": 1116.6046511627908,
            "min": 414.38775510204084,
            "max": 1614.7391304347825,
            "count": 508
        },
        "AIDriver.Environment.EpisodeLength.sum": {
            "value": 96028.0,
            "min": 20305.0,
            "max": 148556.0,
            "count": 508
        },
        "AIDriver.Environment.CumulativeReward.mean": {
            "value": 247.03048006003874,
            "min": 40.80245957291942,
            "max": 271.43545663207516,
            "count": 508
        },
        "AIDriver.Environment.CumulativeReward.sum": {
            "value": 21244.62128516333,
            "min": 1999.3205190730514,
            "max": 24593.495021338065,
            "count": 508
        },
        "AIDriver.Policy.ExtrinsicReward.mean": {
            "value": 247.03048006003874,
            "min": 40.80245957291942,
            "max": 271.43545663207516,
            "count": 508
        },
        "AIDriver.Policy.ExtrinsicReward.sum": {
            "value": 21244.62128516333,
            "min": 1999.3205190730514,
            "max": 24593.495021338065,
            "count": 508
        },
        "AIDriver.IsTraining.mean": {
            "value": 1.0,
            "min": 1.0,
            "max": 1.0,
            "count": 508
        },
        "AIDriver.IsTraining.sum": {
            "value": 1.0,
            "min": 1.0,
            "max": 1.0,
            "count": 508
        }
    },
    "metadata": {
        "timer_format_version": "0.1.0",
        "start_time_seconds": "1632539727",
        "python_version": "3.7.9 (tags/v3.7.9:13c94747c7, Aug 17 2020, 18:58:18) [MSC v.1900 64 bit (AMD64)]",
        "command_line_arguments": "C:\\Users\\Student\\OneDrive - Loughborough University\\Documents\\GitHub\\AIDriver\\AIDriver\\venv\\Scripts\\mlagents-learn config/AIDriverImitation5.yaml --run-id=8AIDriver11 --resume",
        "mlagents_version": "0.27.0",
        "mlagents_envs_version": "0.27.0",
        "communication_protocol_version": "1.5.0",
        "pytorch_version": "1.7.0+cu110",
        "numpy_version": "1.21.2",
        "end_time_seconds": "1632580877"
    },
    "total": 41147.404298099995,
    "count": 1,
    "self": 0.004908499999146443,
    "children": {
        "run_training.setup": {
            "total": 0.15007440000000027,
            "count": 1,
            "self": 0.15007440000000027
        },
        "TrainerController.start_learning": {
            "total": 41147.249315199995,
            "count": 1,
            "self": 10.174993098095001,
            "children": {
                "TrainerController._reset_env": {
                    "total": 10.2356844,
                    "count": 1,
                    "self": 10.2356844
                },
                "TrainerController.advance": {
                    "total": 41126.7785365019,
                    "count": 397558,
                    "self": 9.636403400902054,
                    "children": {
                        "env_step": {
                            "total": 25393.78379860099,
                            "count": 397558,
                            "self": 24276.51444270151,
                            "children": {
                                "SubprocessEnvManager._take_step": {
                                    "total": 1111.6665066996175,
                                    "count": 397558,
                                    "self": 39.49751970054194,
                                    "children": {
                                        "TorchPolicy.evaluate": {
                                            "total": 1072.1689869990755,
                                            "count": 397558,
                                            "self": 311.3405063967232,
                                            "children": {
                                                "TorchPolicy.sample_actions": {
                                                    "total": 760.8284806023523,
                                                    "count": 397558,
                                                    "self": 760.8284806023523
                                                }
                                            }
                                        }
                                    }
                                },
                                "workers": {
                                    "total": 5.60284919986066,
                                    "count": 397557,
                                    "self": 0.0,
                                    "children": {
                                        "worker_root": {
                                            "total": 41125.02096129932,