{
    "name": "root",
    "gauges": {
        "AIDriver.Policy.Entropy.mean": {
            "value": 1.5849286317825317,
            "min": 1.539268970489502,
            "max": 1.6109710931777954,
            "count": 75
        },
        "AIDriver.Policy.Entropy.sum": {
            "value": 158036.40625,
            "min": 26105.95703125,
            "max": 167204.65625,
            "count": 75
        },
        "AIDriver.Step.mean": {
            "value": 396899988.0,
            "min": 389499978.0,
            "max": 396899988.0,
            "count": 75
        },
        "AIDriver.Step.sum": {
            "value": 396899988.0,
            "min": 389499978.0,
            "max": 396899988.0,
            "count": 75
        },
        "AIDriver.Policy.ExtrinsicValueEstimate.mean": {
            "value": 18.513031005859375,
            "min": 13.802327156066895,
            "max": 22.89751625061035,
            "count": 75
        },
        "AIDriver.Policy.ExtrinsicValueEstimate.sum": {
            "value": 29120.998046875,
            "min": 4453.564453125,
            "max": 35811.71484375,
            "count": 75
        },
        "AIDriver.IsTraining.mean": {
            "value": 1.0,
            "min": 1.0,
            "max": 1.0,
            "count": 75
        },
        "AIDriver.IsTraining.sum": {
            "value": 1.0,
            "min": 1.0,
            "max": 1.0,
            "count": 75
        },
        "AIDriver.Losses.PolicyLoss.mean": {
            "value": 0.0492696883471217,
            "min": 0.04715056116265866,
            "max": 0.05337813640905855,
            "count": 74
        },
        "AIDriver.Losses.PolicyLoss.sum": {
            "value": 0.492696883471217,
            "min": 0.2974984332610451,
            "max": 0.5337813640905855,
            "count": 74
        },
        "AIDriver.Losses.ValueLoss.mean": {
            "value": 20.425868101119995,
            "min": 5.660598946226074,
            "max": 47.16664955615997,
            "count": 74
        },
        "AIDriver.Losses.ValueLoss.sum": {
            "value": 204.25868101119994,
            "min": 33.96359367735644,
            "max": 424.49984600543974,
            "count": 74
        },
        "AIDriver.Policy.LearningRate.mean": {
            "value": 0.00018094603028466982,
            "min": 0.00018094603028466982,
            "max": 0.00018313697135435584,
            "count": 74
        },
        "AIDriver.Policy.LearningRate.sum": {
            "value": 0.0018094603028466982,
            "min": 0.0010982624891125816,
            "max": 0.0018292457711515397,
            "count": 74
        },
        "AIDriver.Policy.Epsilon.mean": {
            "value": 0.1603153302,
            "min": 0.1603153302,
            "max": 0.16104564413333333,
            "count": 74
        },
        "AIDriver.Policy.Epsilon.sum": {
            "value": 1.603153302,
            "min": 0.9660874184000001,
            "max": 1.6097484603,
            "count": 74
        },
        "AIDriver.Policy.Beta.mean": {
            "value": 0.00030554511797999996,
            "min": 0.00030554511797999996,
            "max": 0.0003091236562533334,
            "count": 74
        },
        "AIDriver.Policy.Beta.sum": {
            "value": 0.0030554511798,
            "min": 0.00185382835016,
            "max": 0.0030877674554700006,
            "count": 74
        },
        "AIDriver.Environment.EpisodeLength.mean": {
            "value": 4085.45,
            "min": 593.0,
            "max": 4691.862068965517,
            "count": 74
        },
        "AIDriver.Environment.EpisodeLength.sum": {
            "value": 81709.0,
            "min": 2372.0,
            "max": 179471.0,
            "count": 74
        },
        "AIDriver.Environment.CumulativeReward.mean": {
            "value": 768.7411478587874,
            "min": 39.92849308717996,
            "max": 878.4899891230182,
            "count": 74
        },
        "AIDriver.Environment.CumulativeReward.sum": {
            "value": 15374.822957175747,
            "min": 159.71397234871984,
            "max": 35596.63611851446,
            "count": 74
        },
        "AIDriver.Policy.ExtrinsicReward.mean": {
            "value": 768.7411478587874,
            "min": 39.92849308717996,
            "max": 878.4899891230182,
            "count": 74
        },
        "AIDriver.Policy.ExtrinsicReward.sum": {
            "value": 15374.822957175747,
            "min": 159.71397234871984,
            "max": 35596.63611851446,
            "count": 74
        }
    },
    "metadata": {
        "timer_format_version": "0.1.0",
        "start_time_seconds": "1632663673",
        "python_version": "3.7.9 (tags/v3.7.9:13c94747c7, Aug 17 2020, 18:58:18) [MSC v.1900 64 bit (AMD64)]",
        "command_line_arguments": "C:\\Users\\Student\\OneDrive - Loughborough University\\Documents\\GitHub\\AIDriver\\AIDriver\\venv\\Scripts\\mlagents-learn config/AIDriverImitation5.yaml --run-id=8AIDriver11 --resume",
        "mlagents_version": "0.27.0",
        "mlagents_envs_version": "0.27.0",
        "communication_protocol_version": "1.5.0",
        "pytorch_version": "1.7.0+cu110",
        "numpy_version": "1.21.2",
        "end_time_seconds": "1632672312"
    },
    "total": 8639.7516056,
    "count": 1,
    "self": 0.005293900001561269,
    "children": {
        "run_training.setup": {
            "total": 0.1333006999999995,
            "count": 1,
            "self": 0.1333006999999995
        },
        "TrainerController.start_learning": {
            "total": 8639.613011,
            "count": 1,
            "self": 1.639456299939411,
            "children": {
                "TrainerController._reset_env": {
                    "total": 7.793529899999999,
                    "count": 1,
                    "self": 7.793529899999999
                },
                "TrainerController.advance": {
                    "total": 8630.120064500059,
                    "count": 58476,
                    "self": 1.5884931001328368,
                    "children": {
                        "env_step": {
                            "total": 5608.500838599979,
                            "count": 58476,
                            "self": 5412.917607999889,
                            "children": {
                                "SubprocessEnvManager._take_step": {
                                    "total": 194.6623653000405,
                                    "count": 58476,
                                    "self": 7.081842000027507,
                                    "children": {
                                        "TorchPolicy.evaluate": {
                                            "total": 187.580523300013,
                                            "count": 58476,
                                            "self": 54.172837099949504,
                                            "children": {
                                                "TorchPolicy.sample_actions": {
                                                    "total": 133.4076862000635,
                                                    "count": 58476,
                                                    "self": 133.4076862000635
                                                }
                                            }
                                        }
                                    }
                                },
                                "workers": {
                                    "total": 0.920865300049531,
                                    "count": 58475,
                                    "self": 0.0,
                                    "children": {
                                        "worker_root": {
                                            "total": 8631.604477600245,
                                            "count": 58475,
                                            "is_parallel": true,