{
    "name": "root",
    "gauges": {
        "AIDriver.Policy.Entropy.mean": {
            "value": 3.5613715648651123,
            "min": 3.1773738861083984,
            "max": 3.5613715648651123,
            "count": 31
        },
        "AIDriver.Policy.Entropy.sum": {
            "value": 356934.90625,
            "min": 312348.5625,
            "max": 356934.90625,
            "count": 31
        },
        "AIDriver.Step.mean": {
            "value": 3099951.0,
            "min": 99974.0,
            "max": 3099951.0,
            "count": 31
        },
        "AIDriver.Step.sum": {
            "value": 3099951.0,
            "min": 99974.0,
            "max": 3099951.0,
            "count": 31
        },
        "AIDriver.Policy.ExtrinsicValueEstimate.mean": {
            "value": 18.99020767211914,
            "min": 14.267138481140137,
            "max": 24.46543312072754,
            "count": 31
        },
        "AIDriver.Policy.ExtrinsicValueEstimate.sum": {
            "value": 30080.48828125,
            "min": 22570.61328125,
            "max": 38312.8671875,
            "count": 31
        },
        "AIDriver.Losses.PolicyLoss.mean": {
            "value": 0.050704213997987274,
            "min": 0.04808074715120408,
            "max": 0.05676320073427632,
            "count": 31
        },
        "AIDriver.Losses.PolicyLoss.sum": {
            "value": 0.45633792598188544,
            "min": 0.3013707963048272,
            "max": 0.5676320073427632,
            "count": 31
        },
        "AIDriver.Losses.ValueLoss.mean": {
            "value": 55.51349269019232,
            "min": 43.23629530244658,
            "max": 83.00862982556438,
            "count": 31
        },
        "AIDriver.Losses.ValueLoss.sum": {
            "value": 499.6214342117309,
            "min": 302.65406711712603,
            "max": 830.0862982556439,
            "count": 31
        },
        "AIDriver.Policy.LearningRate.mean": {
            "value": 0.0002990849618716795,
            "min": 0.0002990849618716795,
            "max": 0.00029998281455572844,
            "count": 31
        },
        "AIDriver.Policy.LearningRate.sum": {
            "value": 0.0026917646568451153,
            "min": 0.0017998968873343707,
            "max": 0.0029986482376505876,
            "count": 31
        },
        "AIDriver.Policy.Epsilon.mean": {
            "value": 0.1996949871888889,
            "min": 0.1996949871888889,
            "max": 0.19999427151666668,
            "count": 31
        },
        "AIDriver.Policy.Epsilon.sum": {
            "value": 1.7972548847,
            "min": 1.1999656291,
            "max": 1.9995494124000002,
            "count": 31
        },
        "AIDriver.Policy.Beta.mean": {
            "value": 0.0004985054372255556,
            "min": 0.0004985054372255556,
            "max": 0.0004999719304316668,
            "count": 31
        },
        "AIDriver.Policy.Beta.sum": {
            "value": 0.00448654893503,
            "min": 0.0029998315825900007,
            "max": 0.004997792120760001,
            "count": 31
        },
        "AIDriver.Environment.EpisodeLength.mean": {
            "value": 2092.3414634146343,
            "min": 647.75,
            "max": 2540.4411764705883,
            "count": 31
        },
        "AIDriver.Environment.EpisodeLength.sum": {
            "value": 85786.0,
            "min": 5182.0,
            "max": 123087.0,
            "count": 31
        },
        "AIDriver.Environment.CumulativeReward.mean": {
            "value": 420.2602099564724,
            "min": 175.4001989174867,
            "max": 662.5864620375135,
            "count": 31
        },
        "AIDriver.Environment.CumulativeReward.sum": {
            "value": 17230.66860821537,
            "min": 1403.2015913398936,
            "max": 33791.909563913185,
            "count": 31
        },
        "AIDriver.Policy.ExtrinsicReward.mean": {
            "value": 420.2602099564724,
            "min": 175.4001989174867,
            "max": 662.5864620375135,
            "count": 31
        },
        "AIDriver.Policy.ExtrinsicReward.sum": {
            "value": 17230.66860821537,
            "min": 1403.2015913398936,
            "max": 33791.909563913185,
            "count": 31
        },
        "AIDriver.IsTraining.mean": {
            "value": 1.0,
            "min": 1.0,
            "max": 1.0,
            "count": 31
        },
        "AIDriver.IsTraining.sum": {
            "value": 1.0,
            "min": 1.0,
            "max": 1.0,
            "count": 31
        }
    },
    "metadata": {
        "timer_format_version": "0.1.0",
        "start_time_seconds": "1637281837",
        "python_version": "3.7.9 (tags/v3.7.9:13c94747c7, Aug 17 2020, 18:58:18) [MSC v.1900 64 bit (AMD64)]",
        "command_line_arguments": "C:\\Users\\Student\\OneDrive - Loughborough University\\Documents\\GitHub\\AIDriver\\AIDriver\\venv\\Scripts\\mlagents-learn config/AIDriverImitation5.yaml --initialize-from=8AIDriver12 --run-id=8AIDriver13--force",
        "mlagents_version": "0.27.0",
        "mlagents_envs_version": "0.27.0",
        "communication_protocol_version": "1.5.0",
        "pytorch_version": "1.7.0+cu110",
        "numpy_version": "1.21.2",
        "end_time_seconds": "1637290435"
    },
    "total": 8597.7339116,
    "count": 1,
    "self": 0.024246299999504117,
    "children": {
        "run_training.setup": {
            "total": 0.08260169999999989,
            "count": 1,
            "self": 0.08260169999999989
        },
        "TrainerController.start_learning": {
            "total": 8597.6270636,
            "count": 1,
            "self": 1.470722000058231,
            "children": {
                "TrainerController._reset_env": {
                    "total": 12.2128233,
                    "count": 1,
                    "self": 12.2128233
                },
                "TrainerController.advance": {
                    "total": 8583.63141699994,
                    "count": 24379,
                    "self": 1.5508609999324108,
                    "children": {
                        "env_step": {
                            "total": 5176.600876600015,
                            "count": 24379,
                            "self": 4963.565918000032,
                            "children": {
                                "SubprocessEnvManager._take_step": {
                                    "total": 212.2805331999577,
                                    "count": 24379,
                                    "self": 7.239236599991898,
                                    "children": {
                                        "TorchPolicy.evaluate": {
                                            "total": 205.0412965999658,
                                            "count": 24379,
                                            "self": 64.2243422999374,
                                            "children": {
                                                "TorchPolicy.sample_actions": {
                                                    "total": 140.81695430002839,
                                                    "count": 24379,
                                                    "self": 140.81695430002839
                                                }
                                            }
                                        }
                                    }
                                },
                                "workers": {
                                    "total": 0.7544254000249921,
                                    "count": 24378,
                                    "self": 0.0,
                                    "children": {
                                        "worker_root": {
                                            "total": 8584.126807400038,
                                            "count": 24378,