{
    "name": "root",
    "gauges": {
        "AIDriver.Policy.Entropy.mean": {
            "value": 0.09060677140951157,
            "min": 0.08296292275190353,
            "max": 0.09060677140951157,
            "count": 2
        },
        "AIDriver.Policy.Entropy.sum": {
            "value": 9067.92578125,
            "min": 2038.896728515625,
            "max": 9067.92578125,
            "count": 2
        },
        "AIDriver.Step.mean": {
            "value": 30899982.0,
            "min": 30799940.0,
            "max": 30899982.0,
            "count": 2
        },
        "AIDriver.Step.sum": {
            "value": 30899982.0,
            "min": 30799940.0,
            "max": 30899982.0,
            "count": 2
        },
        "AIDriver.Policy.ExtrinsicValueEstimate.mean": {
            "value": 4.758615016937256,
            "min": 0.7115859985351562,
            "max": 4.758615016937256,
            "count": 2
        },
        "AIDriver.Policy.ExtrinsicValueEstimate.sum": {
            "value": 7490.06005859375,
            "min": 271.1142578125,
            "max": 7490.06005859375,
            "count": 2
        },
        "AIDriver.Environment.EpisodeLength.mean": {
            "value": 349.53333333333336,
            "min": 349.53333333333336,
            "max": 366.53846153846155,
            "count": 2
        },
        "AIDriver.Environment.EpisodeLength.sum": {
            "value": 5243.0,
            "min": 5243.0,
            "max": 9530.0,
            "count": 2
        },
        "AIDriver.Environment.CumulativeReward.mean": {
            "value": -12.613521449749047,
            "min": -12.613521449749047,
            "max": -6.173139900398942,
            "count": 2
        },
        "AIDriver.Environment.CumulativeReward.sum": {
            "value": -189.2028217462357,
            "min": -189.2028217462357,
            "max": -160.5016374103725,
            "count": 2
        },
        "AIDriver.Policy.ExtrinsicReward.mean": {
            "value": -12.613521449749047,
            "min": -12.613521449749047,
            "max": -6.173139900398942,
            "count": 2
        },
        "AIDriver.Policy.ExtrinsicReward.sum": {
            "value": -189.2028217462357,
            "min": -189.2028217462357,
            "max": -160.5016374103725,
            "count": 2
        },
        "AIDriver.Losses.PolicyLoss.mean": {
            "value": 0.048450630804185976,
            "min": 0.048450630804185976,
            "max": 0.07882007239518542,
            "count": 2
        },
        "AIDriver.Losses.PolicyLoss.sum": {
            "value": 0.4845063080418598,
            "min": 0.07882007239518542,
            "max": 0.4845063080418598,
            "count": 2
        },
        "AIDriver.Losses.ValueLoss.mean": {
            "value": 1.9595996692468467,
            "min": 1.208400365942759,
            "max": 1.9595996692468467,
            "count": 2
        },
        "AIDriver.Losses.ValueLoss.sum": {
            "value": 19.595996692468468,
            "min": 1.208400365942759,
            "max": 19.595996692468468,
            "count": 2
        },
        "AIDriver.Policy.LearningRate.mean": {
            "value": 0.0002907454699448444,
            "min": 0.0002907454699448444,
            "max": 0.0002907632742789095,
            "count": 2
        },
        "AIDriver.Policy.LearningRate.sum": {
            "value": 0.002907454699448444,
            "min": 0.0002907632742789095,
            "max": 0.002907454699448444,
            "count": 2
        },
        "AIDriver.Policy.Epsilon.mean": {
            "value": 0.19691515562,
            "min": 0.19691515562,
            "max": 0.19692109040000003,
            "count": 2
        },
        "AIDriver.Policy.Epsilon.sum": {
            "value": 1.9691515562000002,
            "min": 0.19692109040000003,
            "max": 1.9691515562000002,
            "count": 2
        },
        "AIDriver.Policy.Beta.mean": {
            "value": 0.000484884262538,
            "min": 0.000484884262538,
            "max": 0.00048491334295999977,
            "count": 2
        },
        "AIDriver.Policy.Beta.sum": {
            "value": 0.00484884262538,
            "min": 0.00048491334295999977,
            "max": 0.00484884262538,
            "count": 2
        },
        "AIDriver.IsTraining.mean": {
            "value": 1.0,
            "min": 1.0,
            "max": 1.0,
            "count": 2
        },
        "AIDriver.IsTraining.sum": {
            "value": 1.0,
            "min": 1.0,
            "max": 1.0,
            "count": 2
        }
    },
    "metadata": {
        "timer_format_version": "0.1.0",
        "start_time_seconds": "1640037368",
        "python_version": "3.7.9 (tags/v3.7.9:13c94747c7, Aug 17 2020, 18:58:18) [MSC v.1900 64 bit (AMD64)]",
        "command_line_arguments": "C:\\Users\\Student\\OneDrive - Loughborough University\\Documents\\GitHub\\AIDriver\\AIDriver\\venv\\Scripts\\mlagents-learn config/AIDriverImitation5.yaml --run-id=8AIDriver21 --resume",
        "mlagents_version": "0.27.0",
        "mlagents_envs_version": "0.27.0",
        "communication_protocol_version": "1.5.0",
        "pytorch_version": "1.7.0+cu110",
        "numpy_version": "1.21.2",
        "end_time_seconds": "1640037579"
    },
    "total": 211.3281445,
    "count": 1,
    "self": 0.004615300000011757,
    "children": {
        "run_training.setup": {
            "total": 0.17821399999999965,
            "count": 1,
            "self": 0.17821399999999965
        },
        "TrainerController.start_learning": {
            "total": 211.1453152,
            "count": 1,
            "self": 0.061743999998896015,
            "children": {
                "TrainerController._reset_env": {
                    "total": 10.9078965,
                    "count": 1,
                    "self": 10.9078965
                },
                "TrainerController.advance": {
                    "total": 200.0657173000011,
                    "count": 2824,
                    "self": 0.06759430000161615,
                    "children": {
                        "env_step": {
                            "total": 152.25613369999985,
                            "count": 2824,
                            "self": 140.11067040000077,
                            "children": {
                                "SubprocessEnvManager._take_step": {
                                    "total": 12.10606299999988,
                                    "count": 2824,
                                    "self": 0.2107595000000746,
                                    "children": {
                                        "TorchPolicy.evaluate": {
                                            "total": 11.895303499999805,
                                            "count": 2824,
                                            "self": 3.9581236999991525,
                                            "children": {
                                                "TorchPolicy.sample_actions": {
                                                    "total": 7.937179800000653,
                                                    "count": 2824,
                                                    "self": 7.937179800000653
                                                }
                                            }
                                        }
                                    }
                                },
                                "workers": {
                                    "total": 0.03940029999919048,
                                    "count": 2823,
                                    "self": 0.0,
                                    "children": {
                                        "worker_root": {
                                            "total": 201.96979329999928,
                                            "count": 2823,