{
    "name": "root",
    "gauges": {
        "AIDriver.Policy.Entropy.mean": {
            "value": 0.07732242345809937,
            "min": 0.05879748985171318,
            "max": 0.12081292271614075,
            "count": 8
        },
        "AIDriver.Policy.Entropy.sum": {
            "value": 7742.1396484375,
            "min": 371.1372985839844,
            "max": 9565.3427734375,
            "count": 8
        },
        "AIDriver.IsTraining.mean": {
            "value": 1.0,
            "min": 1.0,
            "max": 1.0,
            "count": 8
        },
        "AIDriver.IsTraining.sum": {
            "value": 1.0,
            "min": 1.0,
            "max": 1.0,
            "count": 8
        },
        "AIDriver.Step.mean": {
            "value": 30699954.0,
            "min": 30099963.0,
            "max": 30699954.0,
            "count": 7
        },
        "AIDriver.Step.sum": {
            "value": 30699954.0,
            "min": 30099963.0,
            "max": 30699954.0,
            "count": 7
        },
        "AIDriver.Policy.ExtrinsicValueEstimate.mean": {
            "value": 7.612694263458252,
            "min": 4.819043159484863,
            "max": 11.084609985351562,
            "count": 7
        },
        "AIDriver.Policy.ExtrinsicValueEstimate.sum": {
            "value": 12081.345703125,
            "min": 7676.73583984375,
            "max": 17413.921875,
            "count": 7
        },
        "AIDriver.Environment.EpisodeLength.mean": {
            "value": 2279.96875,
            "min": 447.46153846153845,
            "max": 3359.3478260869565,
            "count": 7
        },
        "AIDriver.Environment.EpisodeLength.sum": {
            "value": 72959.0,
            "min": 32597.0,
            "max": 154530.0,
            "count": 7
        },
        "AIDriver.Environment.CumulativeReward.mean": {
            "value": 117.04380728051363,
            "min": -8.589583657121429,
            "max": 513.0948001174436,
            "count": 7
        },
        "AIDriver.Environment.CumulativeReward.sum": {
            "value": 3745.4018329764363,
            "min": -669.9875252554715,
            "max": 13555.288944210346,
            "count": 7
        },
        "AIDriver.Policy.ExtrinsicReward.mean": {
            "value": 117.04380728051363,
            "min": -8.589583657121429,
            "max": 513.0948001174436,
            "count": 7
        },
        "AIDriver.Policy.ExtrinsicReward.sum": {
            "value": 3745.4018329764363,
            "min": -669.9875252554715,
            "max": 13555.288944210346,
            "count": 7
        },
        "AIDriver.Losses.PolicyLoss.mean": {
            "value": 0.047325614289190895,
            "min": 0.047325614289190895,
            "max": 0.050697619776862365,
            "count": 7
        },
        "AIDriver.Losses.PolicyLoss.sum": {
            "value": 0.4259305286027181,
            "min": 0.4259305286027181,
            "max": 0.5069761977686237,
            "count": 7
        },
        "AIDriver.Losses.ValueLoss.mean": {
            "value": 3.968942259638398,
            "min": 2.9743103745083017,
            "max": 7.660021484339678,
            "count": 7
        },
        "AIDriver.Losses.ValueLoss.sum": {
            "value": 35.72048033674558,
            "min": 27.825339750787297,
            "max": 69.31069025099276,
            "count": 7
        },
        "AIDriver.Policy.LearningRate.mean": {
            "value": 0.000290804616065129,
            "min": 0.000290804616065129,
            "max": 0.0002909838558387157,
            "count": 7
        },
        "AIDriver.Policy.LearningRate.sum": {
            "value": 0.002617241544586161,
            "min": 0.002617241544586161,
            "max": 0.002909544292351912,
            "count": 7
        },
        "AIDriver.Policy.Epsilon.mean": {
            "value": 0.19693487099999998,
            "min": 0.19693487099999998,
            "max": 0.19699461761111114,
            "count": 7
        },
        "AIDriver.Policy.Epsilon.sum": {
            "value": 1.772413839,
            "min": 1.772413839,
            "max": 1.9698480874000004,
            "count": 7
        },
        "AIDriver.Policy.Beta.mean": {
            "value": 0.00048498086790000006,
            "min": 0.00048498086790000006,
            "max": 0.00048527362629444446,
            "count": 7
        },
        "AIDriver.Policy.Beta.sum": {
            "value": 0.0043648278111000005,
            "min": 0.0043648278111000005,
            "max": 0.00485225562826,
            "count": 7
        }
    },
    "metadata": {
        "timer_format_version": "0.1.0",
        "start_time_seconds": "1639985669",
        "python_version": "3.7.9 (tags/v3.7.9:13c94747c7, Aug 17 2020, 18:58:18) [MSC v.1900 64 bit (AMD64)]",
        "command_line_arguments": "C:\\Users\\Student\\OneDrive - Loughborough University\\Documents\\GitHub\\AIDriver\\AIDriver\\venv\\Scripts\\mlagents-learn config/AIDriverImitation5.yaml --run-id=8AIDriver21 --resume",
        "mlagents_version": "0.27.0",
        "mlagents_envs_version": "0.27.0",
        "communication_protocol_version": "1.5.0",
        "pytorch_version": "1.7.0+cu110",
        "numpy_version": "1.21.2",
        "end_time_seconds": "1639986785"
    },
    "total": 1115.0937677000002,
    "count": 1,
    "self": 0.00529890000029809,
    "children": {
        "run_training.setup": {
            "total": 0.07209520000000003,
            "count": 1,
            "self": 0.07209520000000003
        },
        "TrainerController.start_learning": {
            "total": 1115.0163736,
            "count": 1,
            "self": 0.371954499996491,
            "children": {
                "TrainerController._reset_env": {
                    "total": 15.719855200000001,
                    "count": 1,
                    "self": 15.719855200000001
                },
                "TrainerController.advance": {
                    "total": 1098.8559440000033,
                    "count": 16219,
                    "self": 0.35873650002008617,
                    "children": {
                        "env_step": {
                            "total": 829.6798665999905,
                            "count": 16219,
                            "self": 779.0143488999823,
                            "children": {
                                "SubprocessEnvManager._take_step": {
                                    "total": 50.44592380000991,
                                    "count": 16219,
                                    "self": 1.1650033000099782,
                                    "children": {
                                        "TorchPolicy.evaluate": {
                                            "total": 49.28092049999993,
                                            "count": 16219,
                                            "self": 17.65002849999338,
                                            "children": {
                                                "TorchPolicy.sample_actions": {
                                                    "total": 31.63089200000655,
                                                    "count": 16219,
                                                    "self": 31.63089200000655
                                                }
                                            }
                                        }
                                    }
                                },
                                "workers": {
                                    "total": 0.21959389999830137,
                                    "count": 16218,
                                    "self": 0.0,
                                    "children": {
                                        "worker_root": {
                                            "total": 1099.635994200005,
                                            "count": 16218,