{
    "name": "root",
    "gauges": {
        "AIDriver.Policy.Entropy.mean": {
            "value": -2.956258773803711,
            "min": -3.146158218383789,
            "max": -2.697542428970337,
            "count": 1048
        },
        "AIDriver.Policy.Entropy.sum": {
            "value": -294396.0625,
            "min": -315895.4375,
            "max": -270625.625,
            "count": 1048
        },
        "AIDriver.Step.mean": {
            "value": 497899955.0,
            "min": 393199976.0,
            "max": 497899955.0,
            "count": 1048
        },
        "AIDriver.Step.sum": {
            "value": 497899955.0,
            "min": 393199976.0,
            "max": 497899955.0,
            "count": 1048
        },
        "AIDriver.Policy.ExtrinsicValueEstimate.mean": {
            "value": 17.147994995117188,
            "min": 11.894543647766113,
            "max": 30.55069923400879,
            "count": 1048
        },
        "AIDriver.Policy.ExtrinsicValueEstimate.sum": {
            "value": 27539.6796875,
            "min": 19221.58203125,
            "max": 49980.9453125,
            "count": 1048
        },
        "AIDriver.Losses.PolicyLoss.mean": {
            "value": 0.05047656932330204,
            "min": 0.04564391365640504,
            "max": 0.05345715716456127,
            "count": 1048
        },
        "AIDriver.Losses.PolicyLoss.sum": {
            "value": 0.4542891239097183,
            "min": 0.34283862672202126,
            "max": 0.5345715716456128,
            "count": 1048
        },
        "AIDriver.Losses.ValueLoss.mean": {
            "value": 12.56144644992246,
            "min": 9.179929293268096,
            "max": 35.67611533826448,
            "count": 1048
        },
        "AIDriver.Losses.ValueLoss.sum": {
            "value": 113.05301804930214,
            "min": 84.61509435869814,
            "max": 308.84530448118846,
            "count": 1048
        },
        "AIDriver.Policy.LearningRate.mean": {
            "value": 0.00015064566048479642,
            "min": 0.00015064566048479642,
            "max": 0.00018205126955911371,
            "count": 1048
        },
        "AIDriver.Policy.LearningRate.sum": {
            "value": 0.0013558109443631678,
            "min": 0.001274358886913796,
            "max": 0.0018193469969511327,
            "count": 1048
        },
        "AIDriver.Policy.Epsilon.mean": {
            "value": 0.15021520356666668,
            "min": 0.15021520356666668,
            "max": 0.16068374341428573,
            "count": 1048
        },
        "AIDriver.Policy.Epsilon.sum": {
            "value": 1.3519368321,
            "min": 1.1247862039,
            "max": 1.6064488678000002,
            "count": 1048
        },
        "AIDriver.Policy.Beta.mean": {
            "value": 0.00025605449747666666,
            "min": 0.00025605449747666666,
            "max": 0.00030735034273,
            "count": 1048
        },
        "AIDriver.Policy.Beta.sum": {
            "value": 0.00230449047729,
            "min": 0.00215145239911,
            "max": 0.00307159945222,
            "count": 1048
        },
        "AIDriver.Environment.EpisodeLength.mean": {
            "value": 1206.1025641025642,
            "min": 246.96825396825398,
            "max": 1415.6190476190477,
            "count": 1048
        },
        "AIDriver.Environment.EpisodeLength.sum": {
            "value": 94076.0,
            "min": 39348.0,
            "max": 158101.0,
            "count": 1048
        },
        "AIDriver.Environment.CumulativeReward.mean": {
            "value": 197.33146564829946,
            "min": 20.140135990901697,
            "max": 287.4081710436477,
            "count": 1048
        },
        "AIDriver.Environment.CumulativeReward.sum": {
            "value": 15391.854320567358,
            "min": 3440.14681904763,
            "max": 35646.53818854106,
            "count": 1048
        },
        "AIDriver.Policy.ExtrinsicReward.mean": {
            "value": 197.33146564829946,
            "min": 20.140135990901697,
            "max": 287.4081710436477,
            "count": 1048
        },
        "AIDriver.Policy.ExtrinsicReward.sum": {
            "value": 15391.854320567358,
            "min": 3440.14681904763,
            "max": 35646.53818854106,
            "count": 1048
        },
        "AIDriver.IsTraining.mean": {
            "value": 1.0,
            "min": 1.0,
            "max": 1.0,
            "count": 1048
        },
        "AIDriver.IsTraining.sum": {
            "value": 1.0,
            "min": 1.0,
            "max": 1.0,
            "count": 1048
        }
    },
    "metadata": {
        "timer_format_version": "0.1.0",
        "start_time_seconds": "1628209106",
        "python_version": "3.7.9 (tags/v3.7.9:13c94747c7, Aug 17 2020, 18:58:18) [MSC v.1900 64 bit (AMD64)]",
        "command_line_arguments": "C:\\Users\\Student\\Documents\\Jon's Folder\\Unity\\Projects\\AIDriver\\venv\\Scripts\\mlagents-learn config/AIDriver.yaml --run-id=AIDriverNotCol1 --resume",
        "mlagents_version": "0.27.0",
        "mlagents_envs_version": "0.27.0",
        "communication_protocol_version": "1.5.0",
        "pytorch_version": "1.7.0+cu110",
        "numpy_version": "1.21.1",
        "end_time_seconds": "1628259287"
    },
    "total": 50179.9815486,
    "count": 1,
    "self": 0.004801200004294515,
    "children": {
        "run_training.setup": {
            "total": 0.1649547,
            "count": 1,
            "self": 0.1649547
        },
        "TrainerController.start_learning": {
            "total": 50179.8117927,
            "count": 1,
            "self": 9.432675298761751,
            "children": {
                "TrainerController._reset_env": {
                    "total": 51.2480347,
                    "count": 1,
                    "self": 51.2480347
                },
                "TrainerController.advance": {
                    "total": 50119.09682060124,
                    "count": 409582,
                    "self": 8.864009502161935,
                    "children": {
                        "env_step": {
                            "total": 25790.766284299214,
                            "count": 409582,
                            "self": 25220.560649899853,
                            "children": {
                                "SubprocessEnvManager._take_step": {
                                    "total": 564.8466310996621,
                                    "count": 409582,
                                    "self": 57.1462419017638,
                                    "children": {
                                        "TorchPolicy.evaluate": {
                                            "total": 507.7003891978983,
                                            "count": 409582,
                                            "self": 131.52114369632625,
                                            "children": {
                                                "TorchPolicy.sample_actions": {
                                                    "total": 376.17924550157204,
                                                    "count": 409582,
                                                    "self": 376.17924550157204
                                                }
                                            }
                                        }
                                    }
                                },
                                "workers": {
                                    "total": 5.359003299699538,
                                    "count": 409581,
                                    "self": 0.0,
                                    "children": {
                                        "worker_root": {
                                            "total": 50119.45529220066,
                                            "count": 409581,