{
    "name": "root",
    "gauges": {
        "AIDriver.Policy.Entropy.mean": {
            "value": 2.016381025314331,
            "min": 2.016381025314331,
            "max": 2.140155076980591,
            "count": 10
        },
        "AIDriver.Policy.Entropy.sum": {
            "value": 202025.25,
            "min": 70451.375,
            "max": 214974.296875,
            "count": 10
        },
        "AIDriver.Step.mean": {
            "value": 14499957.0,
            "min": 13599944.0,
            "max": 14499957.0,
            "count": 10
        },
        "AIDriver.Step.sum": {
            "value": 14499957.0,
            "min": 13599944.0,
            "max": 14499957.0,
            "count": 10
        },
        "AIDriver.Policy.ExtrinsicValueEstimate.mean": {
            "value": 31.594810485839844,
            "min": 24.8568115234375,
            "max": 31.67937469482422,
            "count": 10
        },
        "AIDriver.Policy.ExtrinsicValueEstimate.sum": {
            "value": 50046.1796875,
            "min": 12726.6875,
            "max": 50148.44921875,
            "count": 10
        },
        "AIDriver.Losses.PolicyLoss.mean": {
            "value": 0.04836065602838062,
            "min": 0.04836065602838062,
            "max": 0.0512002087625054,
            "count": 10
        },
        "AIDriver.Losses.PolicyLoss.sum": {
            "value": 0.48360656028380616,
            "min": 0.10042506035598409,
            "max": 0.5120020876250541,
            "count": 10
        },
        "AIDriver.Losses.ValueLoss.mean": {
            "value": 38.51404310862223,
            "min": 31.25917434215546,
            "max": 48.69064259661569,
            "count": 10
        },
        "AIDriver.Losses.ValueLoss.sum": {
            "value": 385.14043108622235,
            "min": 97.38128519323138,
            "max": 454.1813217322032,
            "count": 10
        },
        "AIDriver.Policy.LearningRate.mean": {
            "value": 0.0002956653063348984,
            "min": 0.0002956653063348984,
            "max": 0.0002959244815585066,
            "count": 10
        },
        "AIDriver.Policy.LearningRate.sum": {
            "value": 0.0029566530633489837,
            "min": 0.0005918489631170132,
            "max": 0.0029590596355467927,
            "count": 10
        },
        "AIDriver.Policy.Epsilon.mean": {
            "value": 0.19855510163000006,
            "min": 0.19855510163000006,
            "max": 0.19864149339999998,
            "count": 10
        },
        "AIDriver.Policy.Epsilon.sum": {
            "value": 1.9855510163000005,
            "min": 0.39728298679999996,
            "max": 1.9863532073,
            "count": 10
        },
        "AIDriver.Policy.Beta.mean": {
            "value": 0.000492919997987,
            "min": 0.000492919997987,
            "max": 0.0004933433176599999,
            "count": 10
        },
        "AIDriver.Policy.Beta.sum": {
            "value": 0.00492919997987,
            "min": 0.0009866866353199998,
            "max": 0.0049331307157700005,
            "count": 10
        },
        "AIDriver.Environment.EpisodeLength.mean": {
            "value": 2558.45,
            "min": 729.7142857142857,
            "max": 2705.0625,
            "count": 10
        },
        "AIDriver.Environment.EpisodeLength.sum": {
            "value": 102338.0,
            "min": 10216.0,
            "max": 113371.0,
            "count": 10
        },
        "AIDriver.Environment.CumulativeReward.mean": {
            "value": 828.816732793802,
            "min": 99.57739143736458,
            "max": 873.3735017716643,
            "count": 10
        },
        "AIDriver.Environment.CumulativeReward.sum": {
            "value": 33152.66931175208,
            "min": 1394.0834801231042,
            "max": 35006.073902790435,
            "count": 10
        },
        "AIDriver.Policy.ExtrinsicReward.mean": {
            "value": 828.816732793802,
            "min": 99.57739143736458,
            "max": 873.3735017716643,
            "count": 10
        },
        "AIDriver.Policy.ExtrinsicReward.sum": {
            "value": 33152.66931175208,
            "min": 1394.0834801231042,
            "max": 35006.073902790435,
            "count": 10
        },
        "AIDriver.IsTraining.mean": {
            "value": 1.0,
            "min": 1.0,
            "max": 1.0,
            "count": 10
        },
        "AIDriver.IsTraining.sum": {
            "value": 1.0,
            "min": 1.0,
            "max": 1.0,
            "count": 10
        }
    },
    "metadata": {
        "timer_format_version": "0.1.0",
        "start_time_seconds": "1640394912",
        "python_version": "3.7.9 (tags/v3.7.9:13c94747c7, Aug 17 2020, 18:58:18) [MSC v.1900 64 bit (AMD64)]",
        "command_line_arguments": "C:\\Users\\Student\\OneDrive - Loughborough University\\Documents\\GitHub\\AIDriver\\AIDriver\\venv\\Scripts\\mlagents-learn config/AIDriverImitation5.yaml --run-id=8AIDriver27 --resume",
        "mlagents_version": "0.27.0",
        "mlagents_envs_version": "0.27.0",
        "communication_protocol_version": "1.5.0",
        "pytorch_version": "1.7.0+cu110",
        "numpy_version": "1.21.2",
        "end_time_seconds": "1640396819"
    },
    "total": 1906.8043934999998,
    "count": 1,
    "self": 0.004557900000008885,
    "children": {
        "run_training.setup": {
            "total": 0.0801379000000002,
            "count": 1,
            "self": 0.0801379000000002
        },
        "TrainerController.start_learning": {
            "total": 1906.7196976999999,
            "count": 1,
            "self": 0.7649786000044969,
            "children": {
                "TrainerController._reset_env": {
                    "total": 4.8133306,
                    "count": 1,
                    "self": 4.8133306
                },
                "TrainerController.advance": {
                    "total": 1901.0789308999956,
                    "count": 31249,
                    "self": 0.7392493000088507,
                    "children": {
                        "env_step": {
                            "total": 1505.8881257999928,
                            "count": 31249,
                            "self": 1383.1718790999785,
                            "children": {
                                "SubprocessEnvManager._take_step": {
                                    "total": 122.25971970001405,
                                    "count": 31249,
                                    "self": 2.3964034000127867,
                                    "children": {
                                        "TorchPolicy.evaluate": {
                                            "total": 119.86331630000126,
                                            "count": 31249,
                                            "self": 45.16235240001075,
                                            "children": {
                                                "TorchPolicy.sample_actions": {
                                                    "total": 74.70096389999051,
                                                    "count": 31249,
                                                    "self": 74.70096389999051
                                                }
                                            }
                                        }
                                    }
                                },
                                "workers": {
                                    "total": 0.4565270000003059,
                                    "count": 31248,
                                    "self": 0.0,
                                    "children": {
                                        "worker_root": {
                                            "total": 1901.8604454000047,
                                            "count": 31248,