{
    "name": "root",
    "gauges": {
        "AIDriver.Policy.Entropy.mean": {
            "value": 1.6391572952270508,
            "min": 1.635197639465332,
            "max": 1.7044364213943481,
            "count": 11
        },
        "AIDriver.Policy.Entropy.sum": {
            "value": 164230.453125,
            "min": 64450.3203125,
            "max": 170225.46875,
            "count": 11
        },
        "AIDriver.Step.mean": {
            "value": 8699954.0,
            "min": 7699967.0,
            "max": 8699954.0,
            "count": 11
        },
        "AIDriver.Step.sum": {
            "value": 8699954.0,
            "min": 7699967.0,
            "max": 8699954.0,
            "count": 11
        },
        "AIDriver.Policy.ExtrinsicValueEstimate.mean": {
            "value": 26.502033233642578,
            "min": 25.227365493774414,
            "max": 27.420377731323242,
            "count": 11
        },
        "AIDriver.Policy.ExtrinsicValueEstimate.sum": {
            "value": 41952.71875,
            "min": 16156.3837890625,
            "max": 43187.09375,
            "count": 11
        },
        "AIDriver.Losses.PolicyLoss.mean": {
            "value": 0.05201823319153239,
            "min": 0.04730914675121851,
            "max": 0.0523539089798484,
            "count": 11
        },
        "AIDriver.Losses.PolicyLoss.sum": {
            "value": 0.5201823319153239,
            "min": 0.14860273656797493,
            "max": 0.5201823319153239,
            "count": 11
        },
        "AIDriver.Losses.ValueLoss.mean": {
            "value": 33.04431521654129,
            "min": 21.455026279334664,
            "max": 41.10077875216802,
            "count": 11
        },
        "AIDriver.Losses.ValueLoss.sum": {
            "value": 330.4431521654129,
            "min": 64.365078838004,
            "max": 411.0077875216802,
            "count": 11
        },
        "AIDriver.Policy.LearningRate.mean": {
            "value": 0.0002974042815852397,
            "min": 0.0002974042815852397,
            "max": 0.0002976943697685437,
            "count": 11
        },
        "AIDriver.Policy.LearningRate.sum": {
            "value": 0.002974042815852397,
            "min": 0.000893083109305631,
            "max": 0.0029764519245493613,
            "count": 11
        },
        "AIDriver.Policy.Epsilon.mean": {
            "value": 0.19913476024,
            "min": 0.19913476024,
            "max": 0.19923145633333336,
            "count": 11
        },
        "AIDriver.Policy.Epsilon.sum": {
            "value": 1.9913476024,
            "min": 0.5976943690000001,
            "max": 1.9921506389,
            "count": 11
        },
        "AIDriver.Policy.Beta.mean": {
            "value": 0.000495760325176,
            "min": 0.000495760325176,
            "max": 0.0004962341360333333,
            "count": 11
        },
        "AIDriver.Policy.Beta.sum": {
            "value": 0.00495760325176,
            "min": 0.0014887024080999997,
            "max": 0.00496153813061,
            "count": 11
        },
        "AIDriver.Environment.EpisodeLength.mean": {
            "value": 2883.3076923076924,
            "min": 1171.5,
            "max": 3720.1875,
            "count": 11
        },
        "AIDriver.Environment.EpisodeLength.sum": {
            "value": 112449.0,
            "min": 2343.0,
            "max": 133664.0,
            "count": 11
        },
        "AIDriver.Environment.CumulativeReward.mean": {
            "value": 771.5426152867193,
            "min": 226.51397173851728,
            "max": 991.0652736131451,
            "count": 11
        },
        "AIDriver.Environment.CumulativeReward.sum": {
            "value": 30090.161996182054,
            "min": 453.02794347703457,
            "max": 33965.46702871472,
            "count": 11
        },
        "AIDriver.Policy.ExtrinsicReward.mean": {
            "value": 771.5426152867193,
            "min": 226.51397173851728,
            "max": 991.0652736131451,
            "count": 11
        },
        "AIDriver.Policy.ExtrinsicReward.sum": {
            "value": 30090.161996182054,
            "min": 453.02794347703457,
            "max": 33965.46702871472,
            "count": 11
        },
        "AIDriver.IsTraining.mean": {
            "value": 1.0,
            "min": 1.0,
            "max": 1.0,
            "count": 11
        },
        "AIDriver.IsTraining.sum": {
            "value": 1.0,
            "min": 1.0,
            "max": 1.0,
            "count": 11
        }
    },
    "metadata": {
        "timer_format_version": "0.1.0",
        "start_time_seconds": "1640364382",
        "python_version": "3.7.9 (tags/v3.7.9:13c94747c7, Aug 17 2020, 18:58:18) [MSC v.1900 64 bit (AMD64)]",
        "command_line_arguments": "C:\\Users\\Student\\OneDrive - Loughborough University\\Documents\\GitHub\\AIDriver\\AIDriver\\venv\\Scripts\\mlagents-learn config/AIDriverImitation5.yaml --run-id=8AIDriver26 --resume",
        "mlagents_version": "0.27.0",
        "mlagents_envs_version": "0.27.0",
        "communication_protocol_version": "1.5.0",
        "pytorch_version": "1.7.0+cu110",
        "numpy_version": "1.21.2",
        "end_time_seconds": "1640366262"
    },
    "total": 1880.074237,
    "count": 1,
    "self": 0.004880599999978585,
    "children": {
        "run_training.setup": {
            "total": 0.13935560000000002,
            "count": 1,
            "self": 0.13935560000000002
        },
        "TrainerController.start_learning": {
            "total": 1879.9300008,
            "count": 1,
            "self": 0.8078187000044181,
            "children": {
                "TrainerController._reset_env": {
                    "total": 7.092922700000001,
                    "count": 1,
                    "self": 7.092922700000001
                },
                "TrainerController.advance": {
                    "total": 1871.970857599996,
                    "count": 35531,
                    "self": 0.8598309999849789,
                    "children": {
                        "env_step": {
                            "total": 1432.1727466000084,
                            "count": 35531,
                            "self": 1292.9324634000254,
                            "children": {
                                "SubprocessEnvManager._take_step": {
                                    "total": 138.7413142999888,
                                    "count": 35531,
                                    "self": 2.553411900016499,
                                    "children": {
                                        "TorchPolicy.evaluate": {
                                            "total": 136.1879023999723,
                                            "count": 35531,
                                            "self": 49.66712149994581,
                                            "children": {
                                                "TorchPolicy.sample_actions": {
                                                    "total": 86.5207809000265,
                                                    "count": 35531,
                                                    "self": 86.5207809000265
                                                }
                                            }
                                        }
                                    }
                                },
                                "workers": {
                                    "total": 0.49896889999420857,
                                    "count": 35530,
                                    "self": 0.0,
                                    "children": {
                                        "worker_root": {
                                            "total": 1872.5907677000093,
                                            "count": 35530,
                                            "is_parallel": true,