{
    "name": "root",
    "gauges": {
        "AIDriver.Policy.Entropy.mean": {
            "value": -6.15432071685791,
            "min": -6.42426872253418,
            "max": -5.850908279418945,
            "count": 409
        },
        "AIDriver.Policy.Entropy.sum": {
            "value": -614447.375,
            "min": -641399.0,
            "max": -119826.6015625,
            "count": 409
        },
        "AIDriver.Step.mean": {
            "value": 75599967.0,
            "min": 34799982.0,
            "max": 75599967.0,
            "count": 409
        },
        "AIDriver.Step.sum": {
            "value": 75599967.0,
            "min": 34799982.0,
            "max": 75599967.0,
            "count": 409
        },
        "AIDriver.Policy.ExtrinsicValueEstimate.mean": {
            "value": 0.8204051852226257,
            "min": 0.4824299216270447,
            "max": 2.3722615242004395,
            "count": 409
        },
        "AIDriver.Policy.ExtrinsicValueEstimate.sum": {
            "value": 1361.05224609375,
            "min": 633.393798828125,
            "max": 2175.73291015625,
            "count": 409
        },
        "AIDriver.Policy.GailValueEstimate.mean": {
            "value": 16.889402389526367,
            "min": 14.525718688964844,
            "max": 29.511043548583984,
            "count": 409
        },
        "AIDriver.Policy.GailValueEstimate.sum": {
            "value": 28019.517578125,
            "min": 7879.44873046875,
            "max": 36242.14453125,
            "count": 409
        },
        "AIDriver.Losses.PolicyLoss.mean": {
            "value": 0.11124402568442748,
            "min": 0.08888553499942645,
            "max": 0.1577276913707869,
            "count": 409
        },
        "AIDriver.Losses.PolicyLoss.sum": {
            "value": 1.1124402568442748,
            "min": 0.1577276913707869,
            "max": 1.4807166708788524,
            "count": 409
        },
        "AIDriver.Losses.ValueLoss.mean": {
            "value": 21.95977579991023,
            "min": 12.601527406374613,
            "max": 45.0858727172569,
            "count": 409
        },
        "AIDriver.Losses.ValueLoss.sum": {
            "value": 219.5977579991023,
            "min": 20.78651374578476,
            "max": 405.7728544553121,
            "count": 409
        },
        "AIDriver.Policy.LearningRate.mean": {
            "value": 0.0002773348041850678,
            "min": 0.0002773348041850678,
            "max": 0.0002895613930795368,
            "count": 409
        },
        "AIDriver.Policy.LearningRate.sum": {
            "value": 0.002773348041850678,
            "min": 0.0002895613930795368,
            "max": 0.0028951585012471776,
            "count": 409
        },
        "AIDriver.Policy.Epsilon.mean": {
            "value": 0.19244493221,
            "min": 0.19244493221,
            "max": 0.19652046319999997,
            "count": 409
        },
        "AIDriver.Policy.Epsilon.sum": {
            "value": 1.9244493221,
            "min": 0.19652046319999997,
            "max": 1.9650528221,
            "count": 409
        },
        "AIDriver.Policy.Beta.mean": {
            "value": 0.000462980167829,
            "min": 0.000462980167829,
            "max": 0.00048295026968,
            "count": 409
        },
        "AIDriver.Policy.Beta.sum": {
            "value": 0.00462980167829,
            "min": 0.00048295026968,
            "max": 0.00482875882829,
            "count": 409
        },
        "AIDriver.Policy.GAILPolicyEstimate.mean": {
            "value": 0.14657632247855265,
            "min": 0.12656444294585123,
            "max": 0.2901727580982778,
            "count": 409
        },
        "AIDriver.Policy.GAILPolicyEstimate.sum": {
            "value": 1.4657632247855266,
            "min": 0.2901727580982778,
            "max": 2.1214814566075804,
            "count": 409
        },
        "AIDriver.Policy.GAILExpertEstimate.mean": {
            "value": 0.8545074850817521,
            "min": 0.7511169633103741,
            "max": 0.8684018470622875,
            "count": 409
        },
        "AIDriver.Policy.GAILExpertEstimate.sum": {
            "value": 8.545074850817521,
            "min": 0.7511169633103741,
            "max": 8.683204792936642,
            "count": 409
        },
        "AIDriver.Losses.GAILLoss.mean": {
            "value": 0.4260908788442611,
            "min": 0.37644204571843143,
            "max": 0.7742892611357901,
            "count": 409
        },
        "AIDriver.Losses.GAILLoss.sum": {
            "value": 4.260908788442611,
            "min": 0.7742892611357901,
            "max": 5.706199843684833,
            "count": 409
        },
        "AIDriver.Policy.GAILGradMagLoss.mean": {
            "value": 0.03020899058824094,
            "min": 0.019312364266952497,
            "max": 0.03791665456266384,
            "count": 409
        },
        "AIDriver.Policy.GAILGradMagLoss.sum": {
            "value": 0.3020899058824094,
            "min": 0.02312321237857557,
            "max": 0.3754167941670554,
            "count": 409
        },
        "AIDriver.Losses.PretrainingLoss.mean": {
            "value": 0.2388643532279287,
            "min": 0.2366221083446073,
            "max": 0.3008539699258343,
            "count": 409
        },
        "AIDriver.Losses.PretrainingLoss.sum": {
            "value": 2.388643532279287,
            "min": 0.29344586821511087,
            "max": 3.008539699258343,
            "count": 409
        },
        "AIDriver.Environment.EpisodeLength.mean": {
            "value": 519.2625698324023,
            "min": 295.75,
            "max": 787.4179104477612,
            "count": 409
        },
        "AIDriver.Environment.EpisodeLength.sum": {
            "value": 92948.0,
            "min": 2366.0,
            "max": 117744.0,
            "count": 409
        },
        "AIDriver.Environment.CumulativeReward.mean": {
            "value": 62.494697342811385,
            "min": 40.199805848200015,
            "max": 91.58538551965826,
            "count": 409
        },
        "AIDriver.Environment.CumulativeReward.sum": {
            "value": 11124.056127020427,
            "min": 604.9477565549314,
            "max": 19050.89625004911,
            "count": 409
        },
        "AIDriver.Policy.ExtrinsicReward.mean": {
            "value": 6.249469830285968,
            "min": 4.019980684552763,
            "max": 9.15853874251991,
            "count": 409
        },
        "AIDriver.Policy.ExtrinsicReward.sum": {
            "value": 1112.4056297909024,
            "min": 60.494777001207694,
            "max": 1905.0896770132515,
            "count": 409
        },
        "AIDriver.Policy.GailReward.mean": {
            "value": 138.55448506890522,
            "min": 126.78055019457058,
            "max": 229.05045116122315,
            "count": 409
        },
        "AIDriver.Policy.GailReward.sum": {
            "value": 24662.698342265132,
            "min": 1072.7523928171431,
            "max": 38190.34578179364,
            "count": 409
        },
        "AIDriver.IsTraining.mean": {
            "value": 1.0,
            "min": 1.0,
            "max": 1.0,
            "count": 409
        },
        "AIDriver.IsTraining.sum": {
            "value": 1.0,
            "min": 1.0,
            "max": 1.0,
            "count": 409
        }
    },
    "metadata": {
        "timer_format_version": "0.1.0",
        "start_time_seconds": "1629407163",
        "python_version": "3.7.9 (tags/v3.7.9:13c94747c7, Aug 17 2020, 18:58:18) [MSC v.1900 64 bit (AMD64)]",
        "command_line_arguments": "C:\\Users\\Student\\Documents\\GitHub\\AIDriver\\AIDriver\\venv\\Scripts\\mlagents-learn config/AIDriverImitation2.yaml --run-id=AIDriverDiscrete1 --resume",
        "mlagents_version": "0.27.0",
        "mlagents_envs_version": "0.27.0",
        "communication_protocol_version": "1.5.0",