{
    "name": "root",
    "gauges": {
        "AIDriver.Policy.Entropy.mean": {
            "value": -0.046639781445264816,
            "min": -0.06679807603359222,
            "max": 0.6368622183799744,
            "count": 182
        },
        "AIDriver.Policy.Entropy.sum": {
            "value": -4656.515625,
            "min": -6701.966796875,
            "max": 62606.1015625,
            "count": 182
        },
        "AIDriver.Step.mean": {
            "value": 19099947.0,
            "min": 999993.0,
            "max": 19099947.0,
            "count": 182
        },
        "AIDriver.Step.sum": {
            "value": 19099947.0,
            "min": 999993.0,
            "max": 19099947.0,
            "count": 182
        },
        "AIDriver.Policy.ExtrinsicValueEstimate.mean": {
            "value": 27.31671714782715,
            "min": 7.621959209442139,
            "max": 44.5888671875,
            "count": 182
        },
        "AIDriver.Policy.ExtrinsicValueEstimate.sum": {
            "value": 43570.1640625,
            "min": 7119.20947265625,
            "max": 72367.734375,
            "count": 182
        },
        "AIDriver.Losses.PolicyLoss.mean": {
            "value": 0.05026848946186918,
            "min": 0.04592193535479336,
            "max": 0.08166295709630086,
            "count": 182
        },
        "AIDriver.Losses.PolicyLoss.sum": {
            "value": 0.5026848946186918,
            "min": 0.05490316968158974,
            "max": 0.6533036567704069,
            "count": 182
        },
        "AIDriver.Losses.ValueLoss.mean": {
            "value": 7.310323733857008,
            "min": 1.5614933803327575,
            "max": 12884.640665173254,
            "count": 182
        },
        "AIDriver.Losses.ValueLoss.sum": {
            "value": 73.10323733857008,
            "min": 7.356190796941519,
            "max": 115961.76598655929,
            "count": 182
        },
        "AIDriver.Policy.LearningRate.mean": {
            "value": 0.00029428582108472694,
            "min": 0.00029428582108472694,
            "max": 0.00029970151899949375,
            "count": 182
        },
        "AIDriver.Policy.LearningRate.sum": {
            "value": 0.0029428582108472694,
            "min": 0.00029970151899949375,
            "max": 0.002995954765048412,
            "count": 182
        },
        "AIDriver.Policy.Epsilon.mean": {
            "value": 0.19809527306000002,
            "min": 0.19809527306000002,
            "max": 0.19990050630000003,
            "count": 182
        },
        "AIDriver.Policy.Epsilon.sum": {
            "value": 1.9809527306000003,
            "min": 0.19990050630000003,
            "max": 1.9986515879,
            "count": 182
        },
        "AIDriver.Policy.Beta.mean": {
            "value": 0.000490666837994,
            "min": 0.000490666837994,
            "max": 0.0004995124808699999,
            "count": 182
        },
        "AIDriver.Policy.Beta.sum": {
            "value": 0.00490666837994,
            "min": 0.0004995124808699999,
            "max": 0.004993392780709999,
            "count": 182
        },
        "AIDriver.IsTraining.mean": {
            "value": 1.0,
            "min": 1.0,
            "max": 1.0,
            "count": 182
        },
        "AIDriver.IsTraining.sum": {
            "value": 1.0,
            "min": 1.0,
            "max": 1.0,
            "count": 182
        },
        "AIDriver.Environment.EpisodeLength.mean": {
            "value": 1635.474358974359,
            "min": 496.8314606741573,
            "max": 2611.8260869565215,
            "count": 181
        },
        "AIDriver.Environment.EpisodeLength.sum": {
            "value": 127567.0,
            "min": 15010.0,
            "max": 180216.0,
            "count": 181
        },
        "AIDriver.Environment.CumulativeReward.mean": {
            "value": 485.1734353342222,
            "min": -1.5488443434238435,
            "max": 943.9129828960952,
            "count": 181
        },
        "AIDriver.Environment.CumulativeReward.sum": {
            "value": 37843.52795606933,
            "min": -46.4653303027153,
            "max": 65129.99581983057,
            "count": 181
        },
        "AIDriver.Policy.ExtrinsicReward.mean": {
            "value": 485.1734353342222,
            "min": -1.5488443434238435,
            "max": 943.9129828960952,
            "count": 181
        },
        "AIDriver.Policy.ExtrinsicReward.sum": {
            "value": 37843.52795606933,
            "min": -46.4653303027153,
            "max": 65129.99581983057,
            "count": 181
        }
    },
    "metadata": {
        "timer_format_version": "0.1.0",
        "start_time_seconds": "1631980588",
        "python_version": "3.7.9 (tags/v3.7.9:13c94747c7, Aug 17 2020, 18:58:18) [MSC v.1900 64 bit (AMD64)]",
        "command_line_arguments": "C:\\Users\\Student\\OneDrive - Loughborough University\\Documents\\GitHub\\AIDriver\\AIDriver\\venv\\Scripts\\mlagents-learn config/AIDriverImitation5.yaml --run-id=8AIDriver8 --resume",
        "mlagents_version": "0.27.0",
        "mlagents_envs_version": "0.27.0",
        "communication_protocol_version": "1.5.0",
        "pytorch_version": "1.7.0+cu110",
        "numpy_version": "1.21.2",
        "end_time_seconds": "1631994948"
    },
    "total": 14360.5663847,
    "count": 1,
    "self": 0.006389099999069003,
    "children": {
        "run_training.setup": {
            "total": 0.08676119999999998,
            "count": 1,
            "self": 0.08676119999999998
        },
        "TrainerController.start_learning": {
            "total": 14360.4732344,
            "count": 1,
            "self": 2.2447756001165544,
            "children": {
                "TrainerController._reset_env": {
                    "total": 7.5974926,
                    "count": 1,
                    "self": 7.5974926
                },
                "TrainerController.advance": {
                    "total": 14350.576068499886,
                    "count": 71033,
                    "self": 2.2008648000301037,
                    "children": {
                        "env_step": {
                            "total": 7967.376543199847,
                            "count": 71033,
                            "self": 7764.284020299735,
                            "children": {
                                "SubprocessEnvManager._take_step": {
                                    "total": 202.06886129999103,
                                    "count": 71033,
                                    "self": 12.118042200054788,
                                    "children": {
                                        "TorchPolicy.evaluate": {
                                            "total": 189.95081909993624,
                                            "count": 71033,
                                            "self": 57.23587290025259,
                                            "children": {
                                                "TorchPolicy.sample_actions": {
                                                    "total": 132.71494619968365,
                                                    "count": 71033,
                                                    "self": 132.71494619968365
                                                }
                                            }
                                        }
                                    }
                                },
                                "workers": {
                                    "total": 1.0236616001209082,
                                    "count": 71032,
                                    "self": 0.0,
                                    "children": {
                                        "worker_root": {
                                            "total": 14351.102842600012,
                                            "count": 71032,