{
    "name": "root",
    "gauges": {
        "AIDriver.Policy.Entropy.mean": {
            "value": 0.6296221017837524,
            "min": 0.6296221017837524,
            "max": 0.6296221017837524,
            "count": 1
        },
        "AIDriver.Policy.Entropy.sum": {
            "value": 72210.1015625,
            "min": 72210.1015625,
            "max": 72210.1015625,
            "count": 1
        },
        "AIDriver.Step.mean": {
            "value": 99999.0,
            "min": 99999.0,
            "max": 99999.0,
            "count": 1
        },
        "AIDriver.Step.sum": {
            "value": 99999.0,
            "min": 99999.0,
            "max": 99999.0,
            "count": 1
        },
        "AIDriver.Policy.ExtrinsicValueEstimate.mean": {
            "value": 19.82404899597168,
            "min": 19.82404899597168,
            "max": 19.82404899597168,
            "count": 1
        },
        "AIDriver.Policy.ExtrinsicValueEstimate.sum": {
            "value": 32055.48828125,
            "min": 32055.48828125,
            "max": 32055.48828125,
            "count": 1
        },
        "AIDriver.Losses.PolicyLoss.mean": {
            "value": 0.07360970379296404,
            "min": 0.07360970379296404,
            "max": 0.07360970379296404,
            "count": 1
        },
        "AIDriver.Losses.PolicyLoss.sum": {
            "value": 0.44165822275778427,
            "min": 0.44165822275778427,
            "max": 0.44165822275778427,
            "count": 1
        },
        "AIDriver.Losses.ValueLoss.mean": {
            "value": 8.077471708762976,
            "min": 8.077471708762976,
            "max": 8.077471708762976,
            "count": 1
        },
        "AIDriver.Losses.ValueLoss.sum": {
            "value": 48.464830252577855,
            "min": 48.464830252577855,
            "max": 48.464830252577855,
            "count": 1
        },
        "AIDriver.Policy.LearningRate.mean": {
            "value": 0.0002999829712556762,
            "min": 0.0002999829712556762,
            "max": 0.0002999829712556762,
            "count": 1
        },
        "AIDriver.Policy.LearningRate.sum": {
            "value": 0.0017998978275340573,
            "min": 0.0017998978275340573,
            "max": 0.0017998978275340573,
            "count": 1
        },
        "AIDriver.Policy.Epsilon.mean": {
            "value": 0.19999432375,
            "min": 0.19999432375,
            "max": 0.19999432375,
            "count": 1
        },
        "AIDriver.Policy.Epsilon.sum": {
            "value": 1.1999659425,
            "min": 1.1999659425,
            "max": 1.1999659425,
            "count": 1
        },
        "AIDriver.Policy.Beta.mean": {
            "value": 0.000499972186375,
            "min": 0.000499972186375,
            "max": 0.000499972186375,
            "count": 1
        },
        "AIDriver.Policy.Beta.sum": {
            "value": 0.00299983311825,
            "min": 0.00299983311825,
            "max": 0.00299983311825,
            "count": 1
        },
        "AIDriver.Environment.EpisodeLength.mean": {
            "value": 337.68831168831167,
            "min": 337.68831168831167,
            "max": 337.68831168831167,
            "count": 1
        },
        "AIDriver.Environment.EpisodeLength.sum": {
            "value": 26002.0,
            "min": 26002.0,
            "max": 26002.0,
            "count": 1
        },
        "AIDriver.Environment.CumulativeReward.mean": {
            "value": -1.1424164359227984,
            "min": -1.1424164359227984,
            "max": -1.1424164359227984,
            "count": 1
        },
        "AIDriver.Environment.CumulativeReward.sum": {
            "value": -87.96606556605548,
            "min": -87.96606556605548,
            "max": -87.96606556605548,
            "count": 1
        },
        "AIDriver.Policy.ExtrinsicReward.mean": {
            "value": -1.1424164359227984,
            "min": -1.1424164359227984,
            "max": -1.1424164359227984,
            "count": 1
        },
        "AIDriver.Policy.ExtrinsicReward.sum": {
            "value": -87.96606556605548,
            "min": -87.96606556605548,
            "max": -87.96606556605548,
            "count": 1
        },
        "AIDriver.IsTraining.mean": {
            "value": 1.0,
            "min": 1.0,
            "max": 1.0,
            "count": 1
        },
        "AIDriver.IsTraining.sum": {
            "value": 1.0,
            "min": 1.0,
            "max": 1.0,
            "count": 1
        }
    },
    "metadata": {
        "timer_format_version": "0.1.0",
        "start_time_seconds": "1631932330",
        "python_version": "3.7.9 (tags/v3.7.9:13c94747c7, Aug 17 2020, 18:58:18) [MSC v.1900 64 bit (AMD64)]",
        "command_line_arguments": "C:\\Users\\Student\\OneDrive - Loughborough University\\Documents\\GitHub\\AIDriver\\AIDriver\\venv\\Scripts\\mlagents-learn config/AIDriverImitation5.yaml --initialize-from=8AIDriver6 --run-id=8AIDriver8",
        "mlagents_version": "0.27.0",
        "mlagents_envs_version": "0.27.0",
        "communication_protocol_version": "1.5.0",
        "pytorch_version": "1.7.0+cu110",
        "numpy_version": "1.21.2",
        "end_time_seconds": "1631932483"
    },
    "total": 152.7102379,
    "count": 1,
    "self": 0.005489500000010139,
    "children": {
        "run_training.setup": {
            "total": 0.1381848000000001,
            "count": 1,
            "self": 0.1381848000000001
        },
        "TrainerController.start_learning": {
            "total": 152.5665636,
            "count": 1,
            "self": 0.015230200000246441,
            "children": {
                "TrainerController._reset_env": {
                    "total": 10.1868381,
                    "count": 1,
                    "self": 10.1868381
                },
                "TrainerController.advance": {
                    "total": 142.28372989999977,
                    "count": 577,
                    "self": 0.019574099999857708,
                    "children": {
                        "env_step": {
                            "total": 92.13419660000021,
                            "count": 577,
                            "self": 89.42543840000016,
                            "children": {
                                "SubprocessEnvManager._take_step": {
                                    "total": 2.7004077999999954,
                                    "count": 577,
                                    "self": 0.10034339999988973,
                                    "children": {
                                        "TorchPolicy.evaluate": {
                                            "total": 2.6000644000001056,
                                            "count": 577,
                                            "self": 0.6497965000002477,
                                            "children": {
                                                "TorchPolicy.sample_actions": {
                                                    "total": 1.950267899999858,
                                                    "count": 577,
                                                    "self": 1.950267899999858
                                                }
                                            }
                                        }
                                    }
                                },
                                "workers": {
                                    "total": 0.008350400000054492,
                                    "count": 576,
                                    "self": 0.0,
                                    "children": {
                                        "worker_root": {
                                            "total": 138.20229319999996,
                                            "count": 576,
                                            "is_parallel": true,