{
    "name": "root",
    "metadata": {
        "timer_format_version": "0.1.0",
        "start_time_seconds": "1632099565",
        "python_version": "3.7.9 (tags/v3.7.9:13c94747c7, Aug 17 2020, 18:58:18) [MSC v.1900 64 bit (AMD64)]",
        "command_line_arguments": "C:\\Users\\Student\\OneDrive - Loughborough University\\Documents\\GitHub\\AIDriver\\AIDriver\\venv\\Scripts\\mlagents-learn config/AIDriverImitation5.yaml --run-id=8AIDriver8 --resume",
        "mlagents_version": "0.27.0",
        "mlagents_envs_version": "0.27.0",
        "communication_protocol_version": "1.5.0",
        "pytorch_version": "1.7.0+cu110",
        "numpy_version": "1.21.2",
        "end_time_seconds": "1632099581"
    },
    "total": 16.7381171,
    "count": 1,
    "self": 0.004970500000002431,
    "children": {
        "run_training.setup": {
            "total": 0.12567020000000007,
            "count": 1,
            "self": 0.12567020000000007
        },
        "TrainerController.start_learning": {
            "total": 16.6074764,
            "count": 1,
            "self": 0.0012840999999994551,
            "children": {
                "TrainerController._reset_env": {
                    "total": 6.6267202,
                    "count": 1,
                    "self": 6.6267202
                },
                "TrainerController.advance": {
                    "total": 9.901547699999998,
                    "count": 45,
                    "self": 0.0009686999999996004,
                    "children": {
                        "env_step": {
                            "total": 9.899470500000003,
                            "count": 45,
                            "self": 9.165554400000005,
                            "children": {
                                "SubprocessEnvManager._take_step": {
                                    "total": 0.7334211999999916,
                                    "count": 45,
                                    "self": 0.006315799999994098,
                                    "children": {
                                        "TorchPolicy.evaluate": {
                                            "total": 0.7271053999999975,
                                            "count": 45,
                                            "self": 0.058376599999991896,
                                            "children": {
                                                "TorchPolicy.sample_actions": {
                                                    "total": 0.6687288000000056,
                                                    "count": 45,
                                                    "self": 0.6687288000000056
                                                }
                                            }
                                        }
                                    }
                                },
                                "workers": {
                                    "total": 0.0004949000000067372,
                                    "count": 44,
                                    "self": 0.0,
                                    "children": {
                                        "worker_root": {
                                            "total": 10.748620699999991,
                                            "count": 44,
                                            "is_parallel": true,
                                            "self": 1.9983674999999987,
                                            "children": {
                                                "steps_from_proto": {
                                                    "total": 0.00371900000000025,
                                                    "count": 1,
                                                    "is_parallel": true,
                                                    "self": 0.0005247999999991038,
                                                    "children": {
                                                        "_process_rank_one_or_two_observation": {
                                                            "total": 0.003194200000001146,
                                                            "count": 6,
                                                            "is_parallel": true,
                                                            "self": 0.003194200000001146
                                                        }
                                                    }
                                                },
                                                "UnityEnvironment.step": {
                                                    "total": 8.746534199999992,
                                                    "count": 44,
                                                    "is_parallel": true,
                                                    "self": 0.08162300000000045,
                                                    "children": {
                                                        "UnityEnvironment._generate_step_input": {
                                                            "total": 0.10121909999999357,
                                                            "count": 44,
                                                            "is_parallel": true,
                                                            "self": 0.10121909999999357
                                                        },
                                                        "communicator.exchange": {
                                                            "total": 8.387412699999999,
                                                            "count": 44,
                                                            "is_parallel": true,
                                                            "self": 8.387412699999999
                                                        },
                                                        "steps_from_proto": {
                                                            "total": 0.17627939999999853,
                                                            "count": 44,
                                                            "is_parallel": true,
                                                            "self": 0.024854400000002386,
                                                            "children": {
                                                                "_process_rank_one_or_two_observation": {
                                                                    "total": 0.15142499999999615,
                                                                    "count": 264,
                                                                    "is_parallel": true,
                                                                    "self": 0.15142499999999615
                                                                }
                                                            }
                                                        }
                                                    }
                                                }
                                            }
                                        }
                                    }
                                }
                            }
                        },
                        "trainer_advance": {
                            "total": 0.0011084999999955159,
                            "count": 44,
                            "self": 0.0007724999999894067,
                            "children": {
                                "process_trajectory": {
                                    "total": 0.0003360000000061092,
                                    "count": 44,