{
    "name": "root",
    "gauges": {
        "AIDriver.Policy.Entropy.mean": {
            "value": 1.519006609916687,
            "min": 0.933415412902832,
            "max": 1.5263278484344482,
            "count": 586
        },
        "AIDriver.Policy.Entropy.sum": {
            "value": 151268.75,
            "min": 51768.734375,
            "max": 152388.578125,
            "count": 586
        },
        "AIDriver.Step.mean": {
            "value": 166699944.0,
            "min": 108199938.0,
            "max": 166699944.0,
            "count": 586
        },
        "AIDriver.Step.sum": {
            "value": 166699944.0,
            "min": 108199938.0,
            "max": 166699944.0,
            "count": 586
        },
        "AIDriver.Policy.ExtrinsicValueEstimate.mean": {
            "value": 22.6342716217041,
            "min": 16.58315658569336,
            "max": 38.79319763183594,
            "count": 586
        },
        "AIDriver.Policy.ExtrinsicValueEstimate.sum": {
            "value": 36576.984375,
            "min": 25943.65234375,
            "max": 60944.11328125,
            "count": 586
        },
        "AIDriver.Losses.PolicyLoss.mean": {
            "value": 0.048875574294872375,
            "min": 0.04623468805414935,
            "max": 0.05834616319291299,
            "count": 586
        },
        "AIDriver.Losses.PolicyLoss.sum": {
            "value": 0.48875574294872376,
            "min": 0.09724846218887251,
            "max": 0.5834616319291299,
            "count": 586
        },
        "AIDriver.Losses.ValueLoss.mean": {
            "value": 13.768507739072891,
            "min": 2.8273397056230656,
            "max": 174.060605149492,
            "count": 586
        },
        "AIDriver.Losses.ValueLoss.sum": {
            "value": 137.6850773907289,
            "min": 5.654679411246131,
            "max": 1740.60605149492,
            "count": 586
        },
        "AIDriver.Policy.LearningRate.mean": {
            "value": 0.0002500042714052484,
            "min": 0.0002500042714052484,
            "max": 0.0002675471526176193,
            "count": 586
        },
        "AIDriver.Policy.LearningRate.sum": {
            "value": 0.002500042714052484,
            "min": 0.0005350943052352386,
            "max": 0.002674346741651122,
            "count": 586
        },
        "AIDriver.Policy.Epsilon.mean": {
            "value": 0.18333475158000004,
            "min": 0.18333475158000004,
            "max": 0.1891823806,
            "count": 586
        },
        "AIDriver.Policy.Epsilon.sum": {
            "value": 1.8333475158000003,
            "min": 0.3783647612,
            "max": 1.8914488776999998,
            "count": 586
        },
        "AIDriver.Policy.Beta.mean": {
            "value": 0.00041834028274199996,
            "min": 0.00041834028274199996,
            "max": 0.00044699366494,
            "count": 586
        },
        "AIDriver.Policy.Beta.sum": {
            "value": 0.00418340282742,
            "min": 0.00089398732988,
            "max": 0.0044680995007300005,
            "count": 586
        },
        "AIDriver.IsTraining.mean": {
            "value": 1.0,
            "min": 1.0,
            "max": 1.0,
            "count": 586
        },
        "AIDriver.IsTraining.sum": {
            "value": 1.0,
            "min": 1.0,
            "max": 1.0,
            "count": 586
        },
        "AIDriver.Environment.EpisodeLength.mean": {
            "value": 1055.235294117647,
            "min": 615.5238095238095,
            "max": 1588.58,
            "count": 585
        },
        "AIDriver.Environment.EpisodeLength.sum": {
            "value": 107634.0,
            "min": 12926.0,
            "max": 172579.0,
            "count": 585
        },
        "AIDriver.Environment.CumulativeReward.mean": {
            "value": 259.63848780527877,
            "min": 185.9439484992375,
            "max": 366.22848555964697,
            "count": 585
        },
        "AIDriver.Environment.CumulativeReward.sum": {
            "value": 26483.125756138434,
            "min": 3904.8229184839875,
            "max": 52370.673435029516,
            "count": 585
        },
        "AIDriver.Policy.ExtrinsicReward.mean": {
            "value": 259.63848780527877,
            "min": 185.9439484992375,
            "max": 366.22848555964697,
            "count": 585
        },
        "AIDriver.Policy.ExtrinsicReward.sum": {
            "value": 26483.125756138434,
            "min": 3904.8229184839875,
            "max": 52370.673435029516,
            "count": 585
        }
    },
    "metadata": {
        "timer_format_version": "0.1.0",
        "start_time_seconds": "1632100967",
        "python_version": "3.7.9 (tags/v3.7.9:13c94747c7, Aug 17 2020, 18:58:18) [MSC v.1900 64 bit (AMD64)]",
        "command_line_arguments": "C:\\Users\\Student\\OneDrive - Loughborough University\\Documents\\GitHub\\AIDriver\\AIDriver\\venv\\Scripts\\mlagents-learn config/AIDriverImitation5.yaml --run-id=8AIDriver8 --resume",
        "mlagents_version": "0.27.0",
        "mlagents_envs_version": "0.27.0",
        "communication_protocol_version": "1.5.0",
        "pytorch_version": "1.7.0+cu110",
        "numpy_version": "1.21.2",
        "end_time_seconds": "1632143035"
    },
    "total": 42067.2448943,
    "count": 1,
    "self": 0.004757499998959247,
    "children": {
        "run_training.setup": {
            "total": 0.07408390000000009,
            "count": 1,
            "self": 0.07408390000000009
        },
        "TrainerController.start_learning": {
            "total": 42067.1660529,
            "count": 1,
            "self": 6.218334099372441,
            "children": {
                "TrainerController._reset_env": {
                    "total": 8.7714805,
                    "count": 1,
                    "self": 8.7714805
                },
                "TrainerController.advance": {
                    "total": 42052.115974900626,
                    "count": 228942,
                    "self": 5.941197801286762,
                    "children": {
                        "env_step": {
                            "total": 22149.126942299332,
                            "count": 228942,
                            "self": 21518.241232898883,
                            "children": {
                                "SubprocessEnvManager._take_step": {
                                    "total": 627.7126531993879,
                                    "count": 228942,
                                    "self": 33.9308841983576,
                                    "children": {
                                        "TorchPolicy.evaluate": {
                                            "total": 593.7817690010303,
                                            "count": 228942,
                                            "self": 167.04406230053434,
                                            "children": {
                                                "TorchPolicy.sample_actions": {
                                                    "total": 426.73770670049595,
                                                    "count": 228942,
                                                    "self": 426.73770670049595
                                                }
                                            }
                                        }
                                    }
                                },
                                "workers": {
                                    "total": 3.1730562010624457,
                                    "count": 228941,
                                    "self": 0.0,
                                    "children": {
                                        "worker_root": {
                                            "total": 42052.81468889962,
                                            "count": 228941,