{
    "name": "root",
    "gauges": {
        "AIDriver.Policy.Entropy.mean": {
            "value": 0.9011815786361694,
            "min": 0.8827101588249207,
            "max": 0.9172062277793884,
            "count": 9
        },
        "AIDriver.Policy.Entropy.sum": {
            "value": 90666.078125,
            "min": 87157.890625,
            "max": 91104.2578125,
            "count": 9
        },
        "AIDriver.Step.mean": {
            "value": 94199938.0,
            "min": 93399989.0,
            "max": 94199938.0,
            "count": 9
        },
        "AIDriver.Step.sum": {
            "value": 94199938.0,
            "min": 93399989.0,
            "max": 94199938.0,
            "count": 9
        },
        "AIDriver.Policy.ExtrinsicValueEstimate.mean": {
            "value": 25.34475326538086,
            "min": 22.672863006591797,
            "max": 29.695589065551758,
            "count": 9
        },
        "AIDriver.Policy.ExtrinsicValueEstimate.sum": {
            "value": 41033.15625,
            "min": 36775.3828125,
            "max": 44011.6953125,
            "count": 9
        },
        "AIDriver.Losses.PolicyLoss.mean": {
            "value": 0.04994571393740938,
            "min": 0.04832932307517414,
            "max": 0.05118753341715395,
            "count": 9
        },
        "AIDriver.Losses.PolicyLoss.sum": {
            "value": 0.4994571393740938,
            "min": 0.25593766708576976,
            "max": 0.50863997004311,
            "count": 9
        },
        "AIDriver.Losses.ValueLoss.mean": {
            "value": 14.168548493874752,
            "min": 3.873198985137666,
            "max": 26.91851544417703,
            "count": 9
        },
        "AIDriver.Losses.ValueLoss.sum": {
            "value": 141.68548493874752,
            "min": 19.36599492568833,
            "max": 189.7178893519789,
            "count": 9
        },
        "AIDriver.Policy.LearningRate.mean": {
            "value": 0.00027175472594509443,
            "min": 0.00027175472594509443,
            "max": 0.00027199243503585807,
            "count": 9
        },
        "AIDriver.Policy.LearningRate.sum": {
            "value": 0.0027175472594509445,
            "min": 0.0013599621751792903,
            "max": 0.002719047375650906,
            "count": 9
        },
        "AIDriver.Policy.Epsilon.mean": {
            "value": 0.19058490551,
            "min": 0.19058490551,
            "max": 0.1906641419,
            "count": 9
        },
        "AIDriver.Policy.Epsilon.sum": {
            "value": 1.9058490551,
            "min": 0.9533207095,
            "max": 1.906349094,
            "count": 9
        },
        "AIDriver.Policy.Beta.mean": {
            "value": 0.00045386603699900004,
            "min": 0.00045386603699900004,
            "max": 0.00045425429531,
            "count": 9
        },
        "AIDriver.Policy.Beta.sum": {
            "value": 0.00453866036999,
            "min": 0.00227127147655,
            "max": 0.0045411105606000006,
            "count": 9
        },
        "AIDriver.IsTraining.mean": {
            "value": 1.0,
            "min": 1.0,
            "max": 1.0,
            "count": 9
        },
        "AIDriver.IsTraining.sum": {
            "value": 1.0,
            "min": 1.0,
            "max": 1.0,
            "count": 9
        },
        "AIDriver.Environment.EpisodeLength.mean": {
            "value": 866.4363636363636,
            "min": 621.8939393939394,
            "max": 895.5801526717557,
            "count": 8
        },
        "AIDriver.Environment.EpisodeLength.sum": {
            "value": 95308.0,
            "min": 76804.0,
            "max": 117321.0,
            "count": 8
        },
        "AIDriver.Environment.CumulativeReward.mean": {
            "value": 247.2907208980654,
            "min": 142.08508689757912,
            "max": 247.2907208980654,
            "count": 8
        },
        "AIDriver.Environment.CumulativeReward.sum": {
            "value": 27201.97929878719,
            "min": 18755.231470480445,
            "max": 31311.742013147268,
            "count": 8
        },
        "AIDriver.Policy.ExtrinsicReward.mean": {
            "value": 247.2907208980654,
            "min": 142.08508689757912,
            "max": 247.2907208980654,
            "count": 8
        },
        "AIDriver.Policy.ExtrinsicReward.sum": {
            "value": 27201.97929878719,
            "min": 18755.231470480445,
            "max": 31311.742013147268,
            "count": 8
        }
    },
    "metadata": {
        "timer_format_version": "0.1.0",
        "start_time_seconds": "1632053910",
        "python_version": "3.7.9 (tags/v3.7.9:13c94747c7, Aug 17 2020, 18:58:18) [MSC v.1900 64 bit (AMD64)]",
        "command_line_arguments": "C:\\Users\\Student\\OneDrive - Loughborough University\\Documents\\GitHub\\AIDriver\\AIDriver\\venv\\Scripts\\mlagents-learn config/AIDriverImitation5.yaml --run-id=8AIDriver8 --resume",
        "mlagents_version": "0.27.0",
        "mlagents_envs_version": "0.27.0",
        "communication_protocol_version": "1.5.0",
        "pytorch_version": "1.7.0+cu110",
        "numpy_version": "1.21.2",
        "end_time_seconds": "1632054721"
    },
    "total": 811.1582994,
    "count": 1,
    "self": 0.004431599999975333,
    "children": {
        "run_training.setup": {
            "total": 0.07555080000000003,
            "count": 1,
            "self": 0.07555080000000003
        },
        "TrainerController.start_learning": {
            "total": 811.0783170000001,
            "count": 1,
            "self": 0.0939821999996866,
            "children": {
                "TrainerController._reset_env": {
                    "total": 8.728234,
                    "count": 1,
                    "self": 8.728234
                },
                "TrainerController.advance": {
                    "total": 802.1973800000003,
                    "count": 3515,
                    "self": 0.09561770000016168,
                    "children": {
                        "env_step": {
                            "total": 491.78774500000065,
                            "count": 3515,
                            "self": 479.72529830000326,
                            "children": {
                                "SubprocessEnvManager._take_step": {
                                    "total": 12.012007599999174,
                                    "count": 3515,
                                    "self": 0.5513976999998977,
                                    "children": {
                                        "TorchPolicy.evaluate": {
                                            "total": 11.460609899999277,
                                            "count": 3515,
                                            "self": 3.1976882999949865,
                                            "children": {
                                                "TorchPolicy.sample_actions": {
                                                    "total": 8.26292160000429,
                                                    "count": 3515,
                                                    "self": 8.26292160000429
                                                }
                                            }
                                        }
                                    }
                                },
                                "workers": {
                                    "total": 0.05043909999822027,
                                    "count": 3514,
                                    "self": 0.0,
                                    "children": {
                                        "worker_root": {
                                            "total": 803.0249722000001,
                                            "count": 3514,
                                            "is_parallel": true,