{
    "name": "root",
    "gauges": {
        "AIDriver.Policy.Entropy.mean": {
            "value": 1.0393295288085938,
            "min": -0.3843242824077606,
            "max": 1.2011256217956543,
            "count": 529
        },
        "AIDriver.Policy.Entropy.sum": {
            "value": 103500.5859375,
            "min": -38469.32421875,
            "max": 119612.890625,
            "count": 529
        },
        "AIDriver.Step.mean": {
            "value": 179099998.0,
            "min": 126299976.0,
            "max": 179099998.0,
            "count": 529
        },
        "AIDriver.Step.sum": {
            "value": 179099998.0,
            "min": 126299976.0,
            "max": 179099998.0,
            "count": 529
        },
        "AIDriver.Policy.ExtrinsicValueEstimate.mean": {
            "value": 35.13922882080078,
            "min": 6.409818172454834,
            "max": 39.75969696044922,
            "count": 529
        },
        "AIDriver.Policy.ExtrinsicValueEstimate.sum": {
            "value": 57136.38671875,
            "min": 10262.119140625,
            "max": 64251.671875,
            "count": 529
        },
        "AIDriver.Losses.PolicyLoss.mean": {
            "value": 0.0717815982286508,
            "min": 0.049346871875875775,
            "max": 0.1576056477431576,
            "count": 529
        },
        "AIDriver.Losses.PolicyLoss.sum": {
            "value": 0.717815982286508,
            "min": 0.27392824456002446,
            "max": 1.576056477431576,
            "count": 529
        },
        "AIDriver.Losses.ValueLoss.mean": {
            "value": 44.116871004569816,
            "min": 9.188884955649453,
            "max": 90.0425143140226,
            "count": 529
        },
        "AIDriver.Losses.ValueLoss.sum": {
            "value": 441.16871004569816,
            "min": 89.32796159110418,
            "max": 810.3826288262034,
            "count": 529
        },
        "AIDriver.Policy.LearningRate.mean": {
            "value": 0.00024628502651499707,
            "min": 0.00024628502651499707,
            "max": 0.00026211954797682153,
            "count": 529
        },
        "AIDriver.Policy.LearningRate.sum": {
            "value": 0.002462850265149971,
            "min": 0.0010484781919072861,
            "max": 0.002620056805247773,
            "count": 529
        },
        "AIDriver.Policy.Epsilon.mean": {
            "value": 0.18209500287000002,
            "min": 0.18209500287000002,
            "max": 0.18737317845000004,
            "count": 529
        },
        "AIDriver.Policy.Epsilon.sum": {
            "value": 1.8209500287000002,
            "min": 0.7494927138000002,
            "max": 1.8733522262000002,
            "count": 529
        },
        "AIDriver.Policy.Beta.mean": {
            "value": 0.000412265514063,
            "min": 0.000412265514063,
            "max": 0.000438128574405,
            "count": 529
        },
        "AIDriver.Policy.Beta.sum": {
            "value": 0.00412265514063,
            "min": 0.00175251429762,
            "max": 0.004379425908380001,
            "count": 529
        },
        "AIDriver.Environment.EpisodeLength.mean": {
            "value": 821.6330935251799,
            "min": 272.81632653061223,
            "max": 1295.9916666666666,
            "count": 529
        },
        "AIDriver.Environment.EpisodeLength.sum": {
            "value": 114207.0,
            "min": 13368.0,
            "max": 156609.0,
            "count": 529
        },
        "AIDriver.Environment.CumulativeReward.mean": {
            "value": 344.26588522507006,
            "min": 0.5697867038412666,
            "max": 456.22210491614015,
            "count": 529
        },
        "AIDriver.Environment.CumulativeReward.sum": {
            "value": 47852.95804628474,
            "min": 27.919548488222063,
            "max": 55755.47095617151,
            "count": 529
        },
        "AIDriver.Policy.ExtrinsicReward.mean": {
            "value": 344.26588522507006,
            "min": 0.5697867038412666,
            "max": 456.22210491614015,
            "count": 529
        },
        "AIDriver.Policy.ExtrinsicReward.sum": {
            "value": 47852.95804628474,
            "min": 27.919548488222063,
            "max": 55755.47095617151,
            "count": 529
        },
        "AIDriver.IsTraining.mean": {
            "value": 1.0,
            "min": 1.0,
            "max": 1.0,
            "count": 529
        },
        "AIDriver.IsTraining.sum": {
            "value": 1.0,
            "min": 1.0,
            "max": 1.0,
            "count": 529
        }
    },
    "metadata": {
        "timer_format_version": "0.1.0",
        "start_time_seconds": "1631663071",
        "python_version": "3.7.9 (tags/v3.7.9:13c94747c7, Aug 17 2020, 18:58:18) [MSC v.1900 64 bit (AMD64)]",
        "command_line_arguments": "C:\\Users\\Student\\OneDrive - Loughborough University\\Documents\\GitHub\\AIDriver\\AIDriver\\venv\\Scripts\\mlagents-learn config/AIDriverImitation5.yaml --run-id=8AIDriver4 --resume",
        "mlagents_version": "0.27.0",
        "mlagents_envs_version": "0.27.0",
        "communication_protocol_version": "1.5.0",
        "pytorch_version": "1.7.0+cu110",
        "numpy_version": "1.21.2",
        "end_time_seconds": "1631704072"
    },
    "total": 41000.821018999995,
    "count": 1,
    "self": 0.004366099994513206,
    "children": {
        "run_training.setup": {
            "total": 0.30067200000000005,
            "count": 1,
            "self": 0.30067200000000005
        },
        "TrainerController.start_learning": {
            "total": 41000.5159809,
            "count": 1,
            "self": 6.049568899405131,
            "children": {
                "TrainerController._reset_env": {
                    "total": 17.294286099999997,
                    "count": 1,
                    "self": 17.294286099999997
                },
                "TrainerController.advance": {
                    "total": 40977.0983866006,
                    "count": 206655,
                    "self": 5.7669138998680864,
                    "children": {
                        "env_step": {
                            "total": 22795.130051199856,
                            "count": 206655,
                            "self": 22218.88164480125,
                            "children": {
                                "SubprocessEnvManager._take_step": {
                                    "total": 573.4369729988467,
                                    "count": 206655,
                                    "self": 32.700531599499186,
                                    "children": {
                                        "TorchPolicy.evaluate": {
                                            "total": 540.7364413993475,
                                            "count": 206655,
                                            "self": 156.65141339981437,
                                            "children": {
                                                "TorchPolicy.sample_actions": {
                                                    "total": 384.08502799953317,
                                                    "count": 206655,
                                                    "self": 384.08502799953317
                                                }
                                            }
                                        }
                                    }
                                },
                                "workers": {
                                    "total": 2.811433399756293,
                                    "count": 206654,
                                    "self": 0.0,
                                    "children": {
                                        "worker_root": {
                                            "total": 40979.409570400385,