{
    "name": "root",
    "gauges": {
        "AIDriver.Policy.Entropy.mean": {
            "value": 2.026414155960083,
            "min": 1.9827423095703125,
            "max": 2.1960535049438477,
            "count": 70
        },
        "AIDriver.Policy.Entropy.sum": {
            "value": 202706.265625,
            "min": 197920.15625,
            "max": 220064.953125,
            "count": 70
        },
        "AIDriver.Step.mean": {
            "value": 100399948.0,
            "min": 93499976.0,
            "max": 100399948.0,
            "count": 70
        },
        "AIDriver.Step.sum": {
            "value": 100399948.0,
            "min": 93499976.0,
            "max": 100399948.0,
            "count": 70
        },
        "AIDriver.Policy.ExtrinsicValueEstimate.mean": {
            "value": -0.02109198458492756,
            "min": -0.8330840468406677,
            "max": 0.019120872020721436,
            "count": 70
        },
        "AIDriver.Policy.ExtrinsicValueEstimate.sum": {
            "value": -33.26205825805664,
            "min": -1311.2742919921875,
            "max": 30.325702667236328,
            "count": 70
        },
        "AIDriver.Losses.PolicyLoss.mean": {
            "value": 0.045252207143542666,
            "min": 0.04172492119910506,
            "max": 0.05464529893403211,
            "count": 70
        },
        "AIDriver.Losses.PolicyLoss.sum": {
            "value": 0.45252207143542666,
            "min": 0.39702423195121805,
            "max": 0.5162719405527847,
            "count": 70
        },
        "AIDriver.Losses.ValueLoss.mean": {
            "value": 0.061214416315585066,
            "min": 0.003622132814998622,
            "max": 0.7833831043941124,
            "count": 70
        },
        "AIDriver.Losses.ValueLoss.sum": {
            "value": 0.6121441631558506,
            "min": 0.03622132814998622,
            "max": 7.833831043941124,
            "count": 70
        },
        "AIDriver.Policy.LearningRate.mean": {
            "value": 0.0002698960480646539,
            "min": 0.0002698960480646539,
            "max": 0.00027196365780795054,
            "count": 70
        },
        "AIDriver.Policy.LearningRate.sum": {
            "value": 0.0026989604806465393,
            "min": 0.0021757092624636043,
            "max": 0.0027193563512479136,
            "count": 70
        },
        "AIDriver.Policy.Epsilon.mean": {
            "value": 0.18996534601,
            "min": 0.18996534601,
            "max": 0.19065454948750002,
            "count": 70
        },
        "AIDriver.Policy.Epsilon.sum": {
            "value": 1.8996534601000001,
            "min": 1.5252363959000002,
            "max": 1.9064520859000003,
            "count": 70
        },
        "AIDriver.Policy.Beta.mean": {
            "value": 0.000450830195449,
            "min": 0.000450830195449,
            "max": 0.00045420729248875,
            "count": 70
        },
        "AIDriver.Policy.Beta.sum": {
            "value": 0.00450830195449,
            "min": 0.00363365833991,
            "max": 0.00454161522091,
            "count": 70
        },
        "AIDriver.Environment.EpisodeLength.mean": {
            "value": 2260.52,
            "min": 555.9772727272727,
            "max": 4122.434782608696,
            "count": 70
        },
        "AIDriver.Environment.EpisodeLength.sum": {
            "value": 56513.0,
            "min": 43181.0,
            "max": 152146.0,
            "count": 70
        },
        "AIDriver.Environment.CumulativeReward.mean": {
            "value": -4.8295904795785605,
            "min": -7.870206284831289,
            "max": -0.9316171668068585,
            "count": 70
        },
        "AIDriver.Environment.CumulativeReward.sum": {
            "value": -120.73976198946401,
            "min": -1030.9970233128988,
            "max": -21.427194836557746,
            "count": 70
        },
        "AIDriver.Policy.ExtrinsicReward.mean": {
            "value": -4.8295904795785605,
            "min": -7.870206284831289,
            "max": -0.9316171668068585,
            "count": 70
        },
        "AIDriver.Policy.ExtrinsicReward.sum": {
            "value": -120.73976198946401,
            "min": -1030.9970233128988,
            "max": -21.427194836557746,
            "count": 70
        },
        "AIDriver.IsTraining.mean": {
            "value": 1.0,
            "min": 1.0,
            "max": 1.0,
            "count": 70
        },
        "AIDriver.IsTraining.sum": {
            "value": 1.0,
            "min": 1.0,
            "max": 1.0,
            "count": 70
        }
    },
    "metadata": {
        "timer_format_version": "0.1.0",
        "start_time_seconds": "1640164414",
        "python_version": "3.7.9 (tags/v3.7.9:13c94747c7, Aug 17 2020, 18:58:18) [MSC v.1900 64 bit (AMD64)]",
        "command_line_arguments": "C:\\Users\\Student\\OneDrive - Loughborough University\\Documents\\GitHub\\AIDriver\\AIDriver\\venv\\Scripts\\mlagents-learn config/AIDriverImitation5.yaml --run-id=8AIDriver22 --resume",
        "mlagents_version": "0.27.0",
        "mlagents_envs_version": "0.27.0",
        "communication_protocol_version": "1.5.0",
        "pytorch_version": "1.7.0+cu110",
        "numpy_version": "1.21.2",
        "end_time_seconds": "1640170715"
    },
    "total": 6301.5698068,
    "count": 1,
    "self": 0.004438200000549841,
    "children": {
        "run_training.setup": {
            "total": 0.13294359999999994,
            "count": 1,
            "self": 0.13294359999999994
        },
        "TrainerController.start_learning": {
            "total": 6301.432425,
            "count": 1,
            "self": 2.3473988000305326,
            "children": {
                "TrainerController._reset_env": {
                    "total": 8.3650849,
                    "count": 1,
                    "self": 8.3650849
                },
                "TrainerController.advance": {
                    "total": 6290.66231489997,
                    "count": 110857,
                    "self": 2.094012099964857,
                    "children": {
                        "env_step": {
                            "total": 3650.8152055000123,
                            "count": 110857,
                            "self": 3260.9677674998466,
                            "children": {
                                "SubprocessEnvManager._take_step": {
                                    "total": 388.3561925000387,
                                    "count": 110857,
                                    "self": 7.559056800056169,
                                    "children": {
                                        "TorchPolicy.evaluate": {
                                            "total": 380.7971356999825,
                                            "count": 110857,
                                            "self": 157.42415089987497,
                                            "children": {
                                                "TorchPolicy.sample_actions": {
                                                    "total": 223.37298480010753,
                                                    "count": 110857,
                                                    "self": 223.37298480010753
                                                }
                                            }
                                        }
                                    }
                                },
                                "workers": {
                                    "total": 1.4912455001271567,
                                    "count": 110856,
                                    "self": 0.0,
                                    "children": {
                                        "worker_root": {
                                            "total": 6288.41545290001,
                                            "count": 110856,