{
    "name": "root",
    "gauges": {
        "AIDriver.Policy.Entropy.mean": {
            "value": 0.5475440621376038,
            "min": 0.5475440621376038,
            "max": 0.9468516707420349,
            "count": 202
        },
        "AIDriver.Policy.Entropy.sum": {
            "value": 54877.05859375,
            "min": 54536.875,
            "max": 94776.0625,
            "count": 202
        },
        "AIDriver.Step.mean": {
            "value": 154899973.0,
            "min": 134799943.0,
            "max": 154899973.0,
            "count": 202
        },
        "AIDriver.Step.sum": {
            "value": 154899973.0,
            "min": 134799943.0,
            "max": 154899973.0,
            "count": 202
        },
        "AIDriver.Policy.ExtrinsicValueEstimate.mean": {
            "value": 21.949661254882812,
            "min": 9.638544082641602,
            "max": 27.17692756652832,
            "count": 202
        },
        "AIDriver.Policy.ExtrinsicValueEstimate.sum": {
            "value": 34921.91015625,
            "min": 15768.658203125,
            "max": 42885.19140625,
            "count": 202
        },
        "AIDriver.Losses.PolicyLoss.mean": {
            "value": 0.04932829182051743,
            "min": 0.04638168274638398,
            "max": 0.06040872765674807,
            "count": 202
        },
        "AIDriver.Losses.PolicyLoss.sum": {
            "value": 0.4932829182051743,
            "min": 0.25286127408293796,
            "max": 0.5601746236109951,
            "count": 202
        },
        "AIDriver.Losses.ValueLoss.mean": {
            "value": 36.99625431140264,
            "min": 15.044408749143281,
            "max": 71.95394300778706,
            "count": 202
        },
        "AIDriver.Losses.ValueLoss.sum": {
            "value": 369.96254311402635,
            "min": 140.12189998229346,
            "max": 719.5394300778706,
            "count": 202
        },
        "AIDriver.Policy.LearningRate.mean": {
            "value": 0.000253544679305112,
            "min": 0.000253544679305112,
            "max": 0.00025956883995705785,
            "count": 202
        },
        "AIDriver.Policy.LearningRate.sum": {
            "value": 0.0025354467930511202,
            "min": 0.0012978441997852893,
            "max": 0.0025954573201476044,
            "count": 202
        },
        "AIDriver.Policy.Epsilon.mean": {
            "value": 0.18451488794000004,
            "min": 0.18451488794000004,
            "max": 0.18652294216000004,
            "count": 202
        },
        "AIDriver.Policy.Epsilon.sum": {
            "value": 1.8451488794000004,
            "min": 0.9326147108000002,
            "max": 1.8651523951000004,
            "count": 202
        },
        "AIDriver.Policy.Beta.mean": {
            "value": 0.00042412295090599997,
            "min": 0.00042412295090599997,
            "max": 0.0004339624165840001,
            "count": 202
        },
        "AIDriver.Policy.Beta.sum": {
            "value": 0.00424122950906,
            "min": 0.0021698120829200004,
            "max": 0.0043392467359900004,
            "count": 202
        },
        "AIDriver.Environment.EpisodeLength.mean": {
            "value": 1914.3333333333333,
            "min": 761.2684563758389,
            "max": 3213.1176470588234,
            "count": 202
        },
        "AIDriver.Environment.EpisodeLength.sum": {
            "value": 97631.0,
            "min": 20993.0,
            "max": 122263.0,
            "count": 202
        },
        "AIDriver.Environment.CumulativeReward.mean": {
            "value": 430.9954767016067,
            "min": 23.57712893927613,
            "max": 859.2223864658417,
            "count": 202
        },
        "AIDriver.Environment.CumulativeReward.sum": {
            "value": 21980.769311781944,
            "min": 424.3883209069703,
            "max": 31933.4997866788,
            "count": 202
        },
        "AIDriver.Policy.ExtrinsicReward.mean": {
            "value": 430.9954767016067,
            "min": 23.57712893927613,
            "max": 859.2223864658417,
            "count": 202
        },
        "AIDriver.Policy.ExtrinsicReward.sum": {
            "value": 21980.769311781944,
            "min": 424.3883209069703,
            "max": 31933.4997866788,
            "count": 202
        },
        "AIDriver.IsTraining.mean": {
            "value": 1.0,
            "min": 1.0,
            "max": 1.0,
            "count": 202
        },
        "AIDriver.IsTraining.sum": {
            "value": 1.0,
            "min": 1.0,
            "max": 1.0,
            "count": 202
        }
    },
    "metadata": {
        "timer_format_version": "0.1.0",
        "start_time_seconds": "1641930285",
        "python_version": "3.7.9 (tags/v3.7.9:13c94747c7, Aug 17 2020, 18:58:18) [MSC v.1900 64 bit (AMD64)]",
        "command_line_arguments": "C:\\Users\\Student\\OneDrive - Loughborough University\\Documents\\GitHub\\AIDriver\\AIDriver\\venv\\Scripts\\mlagents-learn config/AIDriverImitation5.yaml --run-id=8AIDriver37 --resume",
        "mlagents_version": "0.27.0",
        "mlagents_envs_version": "0.27.0",
        "communication_protocol_version": "1.5.0",
        "pytorch_version": "1.7.0+cu110",
        "numpy_version": "1.21.2",
        "end_time_seconds": "1641981018"
    },
    "total": 50732.9739104,
    "count": 1,
    "self": 0.004763699995237403,
    "children": {
        "run_training.setup": {
            "total": 0.14506469999999982,
            "count": 1,
            "self": 0.14506469999999982
        },
        "TrainerController.start_learning": {
            "total": 50732.824082,
            "count": 1,
            "self": 21.423315100051695,
            "children": {
                "TrainerController._reset_env": {
                    "total": 3.4229575,
                    "count": 1,
                    "self": 3.4229575
                },
                "TrainerController.advance": {
                    "total": 50707.916502399945,
                    "count": 630595,
                    "self": 22.796090098679997,
                    "children": {
                        "env_step": {
                            "total": 37204.56760350141,
                            "count": 630595,
                            "self": 33779.99994530105,
                            "children": {
                                "SubprocessEnvManager._take_step": {
                                    "total": 3411.5550803984283,
                                    "count": 630595,
                                    "self": 69.4447732987237,
                                    "children": {
                                        "TorchPolicy.evaluate": {
                                            "total": 3342.1103070997046,
                                            "count": 630595,
                                            "self": 1168.0127094997774,
                                            "children": {
                                                "TorchPolicy.sample_actions": {
                                                    "total": 2174.097597599927,
                                                    "count": 630595,
                                                    "self": 2174.097597599927
                                                }
                                            }
                                        }
                                    }
                                },
                                "workers": {
                                    "total": 13.012577801928188,
                                    "count": 630594,
                                    "self": 0.0,
                                    "children": {
                                        "worker_root": {
                                            "total": 50704.35071429917,