{
    "name": "root",
    "gauges": {
        "AIDriver.Policy.Entropy.mean": {
            "value": 2.017007827758789,
            "min": 2.0162296295166016,
            "max": 2.4283151626586914,
            "count": 370
        },
        "AIDriver.Policy.Entropy.sum": {
            "value": 201829.875,
            "min": 201364.875,
            "max": 243064.640625,
            "count": 370
        },
        "AIDriver.Step.mean": {
            "value": 221099990.0,
            "min": 184199989.0,
            "max": 221099990.0,
            "count": 370
        },
        "AIDriver.Step.sum": {
            "value": 221099990.0,
            "min": 184199989.0,
            "max": 221099990.0,
            "count": 370
        },
        "AIDriver.Policy.ExtrinsicValueEstimate.mean": {
            "value": 11.40627384185791,
            "min": 1.662867546081543,
            "max": 22.827138900756836,
            "count": 370
        },
        "AIDriver.Policy.ExtrinsicValueEstimate.sum": {
            "value": 18364.1015625,
            "min": 2653.9365234375,
            "max": 36135.359375,
            "count": 370
        },
        "AIDriver.Losses.PolicyLoss.mean": {
            "value": 0.04793552055187454,
            "min": 0.04616318963774205,
            "max": 0.05465191503986716,
            "count": 370
        },
        "AIDriver.Losses.PolicyLoss.sum": {
            "value": 0.4314196849668709,
            "min": 0.40980514219392916,
            "max": 0.5465191503986716,
            "count": 370
        },
        "AIDriver.Losses.ValueLoss.mean": {
            "value": 13.363013759586545,
            "min": 3.388516773338671,
            "max": 229.809465713501,
            "count": 370
        },
        "AIDriver.Losses.ValueLoss.sum": {
            "value": 120.26712383627891,
            "min": 30.49665096004804,
            "max": 2298.09465713501,
            "count": 370
        },
        "AIDriver.Policy.LearningRate.mean": {
            "value": 0.00023368496573835214,
            "min": 0.00023368496573835214,
            "max": 0.0002447513557162209,
            "count": 370
        },
        "AIDriver.Policy.LearningRate.sum": {
            "value": 0.0021031646916451693,
            "min": 0.001958010845729767,
            "max": 0.0024469585630472065,
            "count": 370
        },
        "AIDriver.Policy.Epsilon.mean": {
            "value": 0.17789498121111114,
            "min": 0.17789498121111114,
            "max": 0.1815837791,
            "count": 370
        },
        "AIDriver.Policy.Epsilon.sum": {
            "value": 1.6010548309000001,
            "min": 1.4526702328,
            "max": 1.8156527929000001,
            "count": 370
        },
        "AIDriver.Policy.Beta.mean": {
            "value": 0.0003916854079344445,
            "min": 0.0003916854079344445,
            "max": 0.00040976051759000006,
            "count": 370
        },
        "AIDriver.Policy.Beta.sum": {
            "value": 0.0035251686714100005,
            "min": 0.0032780841407200004,
            "max": 0.00409669868521,
            "count": 370
        },
        "AIDriver.Environment.EpisodeLength.mean": {
            "value": 1048.5217391304348,
            "min": 904.344262295082,
            "max": 2484.8823529411766,
            "count": 370
        },
        "AIDriver.Environment.EpisodeLength.sum": {
            "value": 96464.0,
            "min": 55165.0,
            "max": 120750.0,
            "count": 370
        },
        "AIDriver.Environment.CumulativeReward.mean": {
            "value": 126.89411249307716,
            "min": 30.623260717138155,
            "max": 559.5324338285507,
            "count": 370
        },
        "AIDriver.Environment.CumulativeReward.sum": {
            "value": 11674.2583493631,
            "min": 1844.5916964790433,
            "max": 24619.42708845623,
            "count": 370
        },
        "AIDriver.Policy.ExtrinsicReward.mean": {
            "value": 126.89411249307716,
            "min": 30.623260717138155,
            "max": 559.5324338285507,
            "count": 370
        },
        "AIDriver.Policy.ExtrinsicReward.sum": {
            "value": 11674.2583493631,
            "min": 1844.5916964790433,
            "max": 24619.42708845623,
            "count": 370
        },
        "AIDriver.IsTraining.mean": {
            "value": 1.0,
            "min": 1.0,
            "max": 1.0,
            "count": 370
        },
        "AIDriver.IsTraining.sum": {
            "value": 1.0,
            "min": 1.0,
            "max": 1.0,
            "count": 370
        }
    },
    "metadata": {
        "timer_format_version": "0.1.0",
        "start_time_seconds": "1642204285",
        "python_version": "3.7.9 (tags/v3.7.9:13c94747c7, Aug 17 2020, 18:58:18) [MSC v.1900 64 bit (AMD64)]",
        "command_line_arguments": "C:\\Users\\Student\\OneDrive - Loughborough University\\Documents\\GitHub\\AIDriver\\AIDriver\\venv\\Scripts\\mlagents-learn config/AIDriverImitation5.yaml --run-id=8AIDriver37 --resume",
        "mlagents_version": "0.27.0",
        "mlagents_envs_version": "0.27.0",
        "communication_protocol_version": "1.5.0",
        "pytorch_version": "1.7.0+cu110",
        "numpy_version": "1.21.2",
        "end_time_seconds": "1642252640"
    },
    "total": 48354.923035600004,
    "count": 1,
    "self": 0.005218100006459281,
    "children": {
        "run_training.setup": {
            "total": 0.16352179999999983,
            "count": 1,
            "self": 0.16352179999999983
        },
        "TrainerController.start_learning": {
            "total": 48354.7542957,
            "count": 1,
            "self": 23.945660699653672,
            "children": {
                "TrainerController._reset_env": {
                    "total": 11.9140224,
                    "count": 1,
                    "self": 11.9140224
                },
                "TrainerController.advance": {
                    "total": 48318.83883350035,
                    "count": 1157395,
                    "self": 22.974618399210158,
                    "children": {
                        "env_step": {
                            "total": 35657.02325270164,
                            "count": 1157395,
                            "self": 31946.21852820158,
                            "children": {
                                "SubprocessEnvManager._take_step": {
                                    "total": 3695.337702900839,
                                    "count": 1157395,
                                    "self": 66.78690749933412,
                                    "children": {
                                        "TorchPolicy.evaluate": {
                                            "total": 3628.5507954015047,
                                            "count": 1157395,
                                            "self": 1429.3255333014686,
                                            "children": {
                                                "TorchPolicy.sample_actions": {
                                                    "total": 2199.225262100036,
                                                    "count": 1157395,
                                                    "self": 2199.225262100036
                                                }
                                            }
                                        }
                                    }
                                },
                                "workers": {
                                    "total": 15.467021599221852,
                                    "count": 1157394,
                                    "self": 0.0,
                                    "children": {
                                        "worker_root": {
                                            "total": 48315.308303196194,