{
    "name": "root",
    "gauges": {
        "AIDriver.Policy.Entropy.mean": {
            "value": -0.19004285335540771,
            "min": -0.2823510766029358,
            "max": 0.34195247292518616,
            "count": 570
        },
        "AIDriver.Policy.Entropy.sum": {
            "value": -18973.87890625,
            "min": -28262.21484375,
            "max": 34228.07421875,
            "count": 570
        },
        "AIDriver.Step.mean": {
            "value": 86899948.0,
            "min": 29999950.0,
            "max": 86899948.0,
            "count": 570
        },
        "AIDriver.Step.sum": {
            "value": 86899948.0,
            "min": 29999950.0,
            "max": 86899948.0,
            "count": 570
        },
        "AIDriver.Policy.ExtrinsicValueEstimate.mean": {
            "value": 51.99304962158203,
            "min": 9.62436580657959,
            "max": 75.69427490234375,
            "count": 570
        },
        "AIDriver.Policy.ExtrinsicValueEstimate.sum": {
            "value": 82876.921875,
            "min": 15177.625,
            "max": 118310.15625,
            "count": 570
        },
        "AIDriver.Losses.PolicyLoss.mean": {
            "value": 0.05199859467019872,
            "min": 0.04822512165237977,
            "max": 0.08780067668131712,
            "count": 570
        },
        "AIDriver.Losses.PolicyLoss.sum": {
            "value": 0.5199859467019872,
            "min": 0.29236461809826625,
            "max": 0.8780067668131712,
            "count": 570
        },
        "AIDriver.Losses.ValueLoss.mean": {
            "value": 23.990117511729885,
            "min": 3.395757332841959,
            "max": 30.593152250371332,
            "count": 570
        },
        "AIDriver.Losses.ValueLoss.sum": {
            "value": 239.90117511729883,
            "min": 17.329892714197438,
            "max": 305.9315225037133,
            "count": 570
        },
        "AIDriver.Policy.LearningRate.mean": {
            "value": 0.0002739446743051114,
            "min": 0.0002739446743051114,
            "max": 0.0002910086195971278,
            "count": 570
        },
        "AIDriver.Policy.LearningRate.sum": {
            "value": 0.002739446743051114,
            "min": 0.0011640344783885113,
            "max": 0.0029089510437496618,
            "count": 570
        },
        "AIDriver.Policy.Epsilon.mean": {
            "value": 0.19131488854,
            "min": 0.19131488854,
            "max": 0.1970028722,
            "count": 570
        },
        "AIDriver.Policy.Epsilon.sum": {
            "value": 1.9131488854,
            "min": 0.7880114888,
            "max": 1.9696503378,
            "count": 570
        },
        "AIDriver.Policy.Beta.mean": {
            "value": 0.00045744295384600003,
            "min": 0.00045744295384600003,
            "max": 0.00048531407378000005,
            "count": 570
        },
        "AIDriver.Policy.Beta.sum": {
            "value": 0.00457442953846,
            "min": 0.0019412562951200002,
            "max": 0.00485128665522,
            "count": 570
        },
        "AIDriver.IsTraining.mean": {
            "value": 1.0,
            "min": 1.0,
            "max": 1.0,
            "count": 570
        },
        "AIDriver.IsTraining.sum": {
            "value": 1.0,
            "min": 1.0,
            "max": 1.0,
            "count": 570
        },
        "AIDriver.Environment.EpisodeLength.mean": {
            "value": 1244.875,
            "min": 652.5384615384615,
            "max": 2513.7391304347825,
            "count": 568
        },
        "AIDriver.Environment.EpisodeLength.sum": {
            "value": 99590.0,
            "min": 706.0,
            "max": 279274.0,
            "count": 568
        },
        "AIDriver.Environment.CumulativeReward.mean": {
            "value": 591.7607104026731,
            "min": 243.9427678473421,
            "max": 860.6743250757651,
            "count": 568
        },
        "AIDriver.Environment.CumulativeReward.sum": {
            "value": 47340.85683221385,
            "min": 448.5717313643545,
            "max": 133404.5203867436,
            "count": 568
        },
        "AIDriver.Policy.ExtrinsicReward.mean": {
            "value": 591.7607104026731,
            "min": 243.9427678473421,
            "max": 860.6743250757651,
            "count": 568
        },
        "AIDriver.Policy.ExtrinsicReward.sum": {
            "value": 47340.85683221385,
            "min": 448.5717313643545,
            "max": 133404.5203867436,
            "count": 568
        }
    },
    "metadata": {
        "timer_format_version": "0.1.0",
        "start_time_seconds": "1631415293",
        "python_version": "3.7.9 (tags/v3.7.9:13c94747c7, Aug 17 2020, 18:58:18) [MSC v.1900 64 bit (AMD64)]",
        "command_line_arguments": "C:\\Users\\Student\\Documents\\GitHub\\AIDriver\\AIDriver\\venv\\Scripts\\mlagents-learn config/AIDriverImitation5.yaml --run-id=8AIDriver3 --resume",
        "mlagents_version": "0.27.0",
        "mlagents_envs_version": "0.27.0",
        "communication_protocol_version": "1.5.0",
        "pytorch_version": "1.7.0+cu110",
        "numpy_version": "1.21.1",
        "end_time_seconds": "1631453588"
    },
    "total": 38293.5893106,
    "count": 1,
    "self": 0.004348399997979868,
    "children": {
        "run_training.setup": {
            "total": 0.1252134999999992,
            "count": 1,
            "self": 0.1252134999999992
        },
        "TrainerController.start_learning": {
            "total": 38293.4597487,
            "count": 1,
            "self": 5.719543800572865,
            "children": {
                "TrainerController._reset_env": {
                    "total": 8.885714100000001,
                    "count": 1,
                    "self": 8.885714100000001
                },
                "TrainerController.advance": {
                    "total": 38278.78849699943,
                    "count": 222715,
                    "self": 5.1424805005663075,
                    "children": {
                        "env_step": {
                            "total": 20027.35827730033,
                            "count": 222715,
                            "self": 19424.825016902603,
                            "children": {
                                "SubprocessEnvManager._take_step": {
                                    "total": 599.4058171993618,
                                    "count": 222715,
                                    "self": 32.06368550044044,
                                    "children": {
                                        "TorchPolicy.evaluate": {
                                            "total": 567.3421316989213,
                                            "count": 222715,
                                            "self": 162.45219019936263,
                                            "children": {
                                                "TorchPolicy.sample_actions": {
                                                    "total": 404.8899414995587,
                                                    "count": 222715,
                                                    "self": 404.8899414995587
                                                }
                                            }
                                        }
                                    }
                                },
                                "workers": {
                                    "total": 3.1274431983639914,
                                    "count": 222714,
                                    "self": 0.0,
                                    "children": {
                                        "worker_root": {
                                            "total": 38279.85339840009,
                                            "count": 222714,
                                            "is_parallel": true,