{
    "name": "root",
    "gauges": {
        "AIDriver.Policy.Entropy.mean": {
            "value": 2.55149507522583,
            "min": 2.428270101547241,
            "max": 2.572532892227173,
            "count": 89
        },
        "AIDriver.Policy.Entropy.sum": {
            "value": 256700.8125,
            "min": 123850.2578125,
            "max": 257811.9375,
            "count": 89
        },
        "AIDriver.Step.mean": {
            "value": 319999970.0,
            "min": 311199955.0,
            "max": 319999970.0,
            "count": 89
        },
        "AIDriver.Step.sum": {
            "value": 319999970.0,
            "min": 311199955.0,
            "max": 319999970.0,
            "count": 89
        },
        "AIDriver.Policy.ExtrinsicValueEstimate.mean": {
            "value": 13.071524620056152,
            "min": 10.562216758728027,
            "max": 16.524606704711914,
            "count": 89
        },
        "AIDriver.Policy.ExtrinsicValueEstimate.sum": {
            "value": 20705.294921875,
            "min": 10988.86328125,
            "max": 22753.3359375,
            "count": 89
        },
        "AIDriver.Losses.PolicyLoss.mean": {
            "value": 0.048762346847897126,
            "min": 0.04708729181999202,
            "max": 0.06996203526289685,
            "count": 89
        },
        "AIDriver.Losses.PolicyLoss.sum": {
            "value": 0.48762346847897126,
            "min": 0.10437810552684823,
            "max": 0.6526564087020233,
            "count": 89
        },
        "AIDriver.Losses.ValueLoss.mean": {
            "value": 18.66022200440973,
            "min": 7.360919238068163,
            "max": 21.284053785271116,
            "count": 89
        },
        "AIDriver.Losses.ValueLoss.sum": {
            "value": 186.6022200440973,
            "min": 14.721838476136327,
            "max": 202.43802977403007,
            "count": 89
        },
        "AIDriver.Policy.LearningRate.mean": {
            "value": 0.00020401599160468014,
            "min": 0.00020401599160468014,
            "max": 0.00020664543981819706,
            "count": 89
        },
        "AIDriver.Policy.LearningRate.sum": {
            "value": 0.0020401599160468015,
            "min": 0.00041329087963639413,
            "max": 0.0020650563785479777,
            "count": 89
        },
        "AIDriver.Policy.Epsilon.mean": {
            "value": 0.16800531987,
            "min": 0.16800531987,
            "max": 0.1688818029,
            "count": 89
        },
        "AIDriver.Policy.Epsilon.sum": {
            "value": 1.6800531987,
            "min": 0.3377636058,
            "max": 1.6883520223000001,
            "count": 89
        },
        "AIDriver.Policy.Beta.mean": {
            "value": 0.00034322606736299997,
            "min": 0.00034322606736299997,
            "max": 0.00034752083421,
            "count": 89
        },
        "AIDriver.Policy.Beta.sum": {
            "value": 0.0034322606736299998,
            "min": 0.00069504166842,
            "max": 0.0034729249092699996,
            "count": 89
        },
        "AIDriver.IsTraining.mean": {
            "value": 1.0,
            "min": 1.0,
            "max": 1.0,
            "count": 89
        },
        "AIDriver.IsTraining.sum": {
            "value": 1.0,
            "min": 1.0,
            "max": 1.0,
            "count": 89
        },
        "AIDriver.Environment.EpisodeLength.mean": {
            "value": 2824.3513513513512,
            "min": 889.0322580645161,
            "max": 3143.78125,
            "count": 88
        },
        "AIDriver.Environment.EpisodeLength.sum": {
            "value": 104501.0,
            "min": 27560.0,
            "max": 155963.0,
            "count": 88
        },
        "AIDriver.Environment.CumulativeReward.mean": {
            "value": 363.5721173218189,
            "min": 83.30450348785116,
            "max": 447.96286450955336,
            "count": 88
        },
        "AIDriver.Environment.CumulativeReward.sum": {
            "value": 13452.1683409073,
            "min": 2582.4396081233863,
            "max": 23019.43348334061,
            "count": 88
        },
        "AIDriver.Policy.ExtrinsicReward.mean": {
            "value": 363.5721173218189,
            "min": 83.30450348785116,
            "max": 447.96286450955336,
            "count": 88
        },
        "AIDriver.Policy.ExtrinsicReward.sum": {
            "value": 13452.1683409073,
            "min": 2582.4396081233863,
            "max": 23019.43348334061,
            "count": 88
        }
    },
    "metadata": {
        "timer_format_version": "0.1.0",
        "start_time_seconds": "1636503915",
        "python_version": "3.7.9 (tags/v3.7.9:13c94747c7, Aug 17 2020, 18:58:18) [MSC v.1900 64 bit (AMD64)]",
        "command_line_arguments": "C:\\Users\\Student\\OneDrive - Loughborough University\\Documents\\GitHub\\AIDriver\\AIDriver\\venv\\Scripts\\mlagents-learn config/AIDriverImitation5.yaml --run-id=8AIDriver12 --resume",
        "mlagents_version": "0.27.0",
        "mlagents_envs_version": "0.27.0",
        "communication_protocol_version": "1.5.0",
        "pytorch_version": "1.7.0+cu110",
        "numpy_version": "1.21.2",
        "end_time_seconds": "1636534718"
    },
    "total": 30802.9119879,
    "count": 1,
    "self": 0.008077599999523954,
    "children": {
        "run_training.setup": {
            "total": 0.5565625000000018,
            "count": 1,
            "self": 0.5565625000000018
        },
        "TrainerController.start_learning": {
            "total": 30802.347347799998,
            "count": 1,
            "self": 4.6964378004740865,
            "children": {
                "TrainerController._reset_env": {
                    "total": 20.003667399999998,
                    "count": 1,
                    "self": 20.003667399999998
                },
                "TrainerController.advance": {
                    "total": 30777.589866299524,
                    "count": 69177,
                    "self": 5.086302899289876,
                    "children": {
                        "env_step": {
                            "total": 18724.614460999917,
                            "count": 69177,
                            "self": 18024.84698550003,
                            "children": {
                                "SubprocessEnvManager._take_step": {
                                    "total": 697.2053491998307,
                                    "count": 69177,
                                    "self": 24.779453699574674,
                                    "children": {
                                        "TorchPolicy.evaluate": {
                                            "total": 672.425895500256,
                                            "count": 69177,
                                            "self": 207.83824300058916,
                                            "children": {
                                                "TorchPolicy.sample_actions": {
                                                    "total": 464.5876524996669,
                                                    "count": 69177,
                                                    "self": 464.5876524996669
                                                }
                                            }
                                        }
                                    }
                                },
                                "workers": {
                                    "total": 2.562126300057244,
                                    "count": 69176,
                                    "self": 0.0,
                                    "children": {
                                        "worker_root": {
                                            "total": 30781.46061480027,
                                            "count": 69176,