{
    "name": "root",
    "gauges": {
        "AIDriver.Policy.Entropy.mean": {
            "value": 1.40541672706604,
            "min": 0.8468525409698486,
            "max": 1.40541672706604,
            "count": 110
        },
        "AIDriver.Policy.Entropy.sum": {
            "value": 141036.375,
            "min": 28786.46484375,
            "max": 141036.375,
            "count": 110
        },
        "AIDriver.Step.mean": {
            "value": 287799981.0,
            "min": 276899941.0,
            "max": 287799981.0,
            "count": 110
        },
        "AIDriver.Step.sum": {
            "value": 287799981.0,
            "min": 276899941.0,
            "max": 287799981.0,
            "count": 110
        },
        "AIDriver.Policy.ExtrinsicValueEstimate.mean": {
            "value": 9.113310813903809,
            "min": 5.873140335083008,
            "max": 27.075288772583008,
            "count": 110
        },
        "AIDriver.Policy.ExtrinsicValueEstimate.sum": {
            "value": 14399.03125,
            "min": 7263.52197265625,
            "max": 42508.203125,
            "count": 110
        },
        "AIDriver.Losses.PolicyLoss.mean": {
            "value": 0.06060068239426671,
            "min": 0.04796728052625743,
            "max": 0.06855267663602717,
            "count": 110
        },
        "AIDriver.Losses.PolicyLoss.sum": {
            "value": 0.6060068239426671,
            "min": 0.05159294621262234,
            "max": 0.6855267663602717,
            "count": 110
        },
        "AIDriver.Losses.ValueLoss.mean": {
            "value": 7.647216016916724,
            "min": 0.15774140041321516,
            "max": 46.37417668955973,
            "count": 110
        },
        "AIDriver.Losses.ValueLoss.sum": {
            "value": 76.47216016916724,
            "min": 0.15774140041321516,
            "max": 417.3675902060376,
            "count": 110
        },
        "AIDriver.Policy.LearningRate.mean": {
            "value": 0.00021367474707509391,
            "min": 0.00021367474707509391,
            "max": 0.00021693388538871408,
            "count": 110
        },
        "AIDriver.Policy.LearningRate.sum": {
            "value": 0.002136747470750939,
            "min": 0.00021693388538871408,
            "max": 0.0021685541432487116,
            "count": 110
        },
        "AIDriver.Policy.Epsilon.mean": {
            "value": 0.17122490610000002,
            "min": 0.17122490610000002,
            "max": 0.1723112859,
            "count": 110
        },
        "AIDriver.Policy.Epsilon.sum": {
            "value": 1.712249061,
            "min": 0.1723112859,
            "max": 1.7228512887,
            "count": 110
        },
        "AIDriver.Policy.Beta.mean": {
            "value": 0.00035900203989,
            "min": 0.00035900203989,
            "max": 0.00036432530091,
            "count": 110
        },
        "AIDriver.Policy.Beta.sum": {
            "value": 0.0035900203989000005,
            "min": 0.00036432530091,
            "max": 0.0036419713146300004,
            "count": 110
        },
        "AIDriver.IsTraining.mean": {
            "value": 1.0,
            "min": 1.0,
            "max": 1.0,
            "count": 110
        },
        "AIDriver.IsTraining.sum": {
            "value": 1.0,
            "min": 1.0,
            "max": 1.0,
            "count": 110
        },
        "AIDriver.Environment.EpisodeLength.mean": {
            "value": 2276.1315789473683,
            "min": 659.3333333333334,
            "max": 2372.531914893617,
            "count": 109
        },
        "AIDriver.Environment.EpisodeLength.sum": {
            "value": 86493.0,
            "min": 7912.0,
            "max": 174215.0,
            "count": 109
        },
        "AIDriver.Environment.CumulativeReward.mean": {
            "value": 169.49592456971234,
            "min": 123.6081777336852,
            "max": 320.28439837625615,
            "count": 109
        },
        "AIDriver.Environment.CumulativeReward.sum": {
            "value": 6440.845133649069,
            "min": 1483.2981328042224,
            "max": 31056.003324743942,
            "count": 109
        },
        "AIDriver.Policy.ExtrinsicReward.mean": {
            "value": 169.49592456971234,
            "min": 123.6081777336852,
            "max": 320.28439837625615,
            "count": 109
        },
        "AIDriver.Policy.ExtrinsicReward.sum": {
            "value": 6440.845133649069,
            "min": 1483.2981328042224,
            "max": 31056.003324743942,
            "count": 109
        }
    },
    "metadata": {
        "timer_format_version": "0.1.0",
        "start_time_seconds": "1633564748",
        "python_version": "3.7.9 (tags/v3.7.9:13c94747c7, Aug 17 2020, 18:58:18) [MSC v.1900 64 bit (AMD64)]",
        "command_line_arguments": "C:\\Users\\Student\\OneDrive - Loughborough University\\Documents\\GitHub\\AIDriver\\AIDriver\\venv\\Scripts\\mlagents-learn config/AIDriverImitation5.yaml --run-id=8AIDriver12 --resume",
        "mlagents_version": "0.27.0",
        "mlagents_envs_version": "0.27.0",
        "communication_protocol_version": "1.5.0",
        "pytorch_version": "1.7.0+cu110",
        "numpy_version": "1.21.2",
        "end_time_seconds": "1633598589"
    },
    "total": 33840.7912103,
    "count": 1,
    "self": 0.0045529000053647906,
    "children": {
        "run_training.setup": {
            "total": 0.14562410000000003,
            "count": 1,
            "self": 0.14562410000000003
        },
        "TrainerController.start_learning": {
            "total": 33840.641033299995,
            "count": 1,
            "self": 5.611653999672853,
            "children": {
                "TrainerController._reset_env": {
                    "total": 14.037231799999999,
                    "count": 1,
                    "self": 14.037231799999999
                },
                "TrainerController.advance": {
                    "total": 33820.92954500032,
                    "count": 85727,
                    "self": 5.935931500273,
                    "children": {
                        "env_step": {
                            "total": 20057.86205350025,
                            "count": 85727,
                            "self": 19269.07197379993,
                            "children": {
                                "SubprocessEnvManager._take_step": {
                                    "total": 785.7201685003834,
                                    "count": 85727,
                                    "self": 29.141250200269724,
                                    "children": {
                                        "TorchPolicy.evaluate": {
                                            "total": 756.5789183001136,
                                            "count": 85727,
                                            "self": 207.85573910065614,
                                            "children": {
                                                "TorchPolicy.sample_actions": {
                                                    "total": 548.7231791994575,
                                                    "count": 85727,
                                                    "self": 548.7231791994575
                                                }
                                            }
                                        }
                                    }
                                },
                                "workers": {
                                    "total": 3.069911199934012,
                                    "count": 85726,
                                    "self": 0.0,
                                    "children": {
                                        "worker_root": {
                                            "total": 33821.16220880023,
                                            "count": 85726,