{
    "name": "root",
    "gauges": {
        "AIDriver.Policy.Entropy.mean": {
            "value": 3.1658270359039307,
            "min": 2.535276174545288,
            "max": 3.1658270359039307,
            "count": 375
        },
        "AIDriver.Policy.Entropy.sum": {
            "value": 316481.40625,
            "min": 250178.28125,
            "max": 316481.40625,
            "count": 375
        },
        "AIDriver.Step.mean": {
            "value": 357499969.0,
            "min": 320099944.0,
            "max": 357499969.0,
            "count": 375
        },
        "AIDriver.Step.sum": {
            "value": 357499969.0,
            "min": 320099944.0,
            "max": 357499969.0,
            "count": 375
        },
        "AIDriver.Policy.ExtrinsicValueEstimate.mean": {
            "value": 8.388471603393555,
            "min": 7.092578887939453,
            "max": 17.555278778076172,
            "count": 375
        },
        "AIDriver.Policy.ExtrinsicValueEstimate.sum": {
            "value": 13304.115234375,
            "min": 11263.015625,
            "max": 25367.37890625,
            "count": 375
        },
        "AIDriver.Losses.PolicyLoss.mean": {
            "value": 0.0537746332519843,
            "min": 0.04607970534190544,
            "max": 0.05708003298696547,
            "count": 375
        },
        "AIDriver.Losses.PolicyLoss.sum": {
            "value": 0.5377463325198429,
            "min": 0.2571872645761081,
            "max": 0.5708003298696547,
            "count": 375
        },
        "AIDriver.Losses.ValueLoss.mean": {
            "value": 15.745866693655648,
            "min": 8.801217919808847,
            "max": 73.78397922237713,
            "count": 375
        },
        "AIDriver.Losses.ValueLoss.sum": {
            "value": 157.45866693655648,
            "min": 70.5259661404416,
            "max": 737.8397922237713,
            "count": 375
        },
        "AIDriver.Policy.LearningRate.mean": {
            "value": 0.0001927653199049053,
            "min": 0.0001927653199049053,
            "max": 0.00020398299920567758,
            "count": 375
        },
        "AIDriver.Policy.LearningRate.sum": {
            "value": 0.001927653199049053,
            "min": 0.0010199149960283878,
            "max": 0.0020386525023492726,
            "count": 375
        },
        "AIDriver.Policy.Epsilon.mean": {
            "value": 0.16425509472000002,
            "min": 0.16425509472000002,
            "max": 0.1679943224,
            "count": 375
        },
        "AIDriver.Policy.Epsilon.sum": {
            "value": 1.6425509472000002,
            "min": 0.839971612,
            "max": 1.6795507273,
            "count": 375
        },
        "AIDriver.Policy.Beta.mean": {
            "value": 0.0003248499641280001,
            "min": 0.0003248499641280001,
            "max": 0.00034317217976,
            "count": 375
        },
        "AIDriver.Policy.Beta.sum": {
            "value": 0.0032484996412800006,
            "min": 0.0017158608988,
            "max": 0.0034297985637700003,
            "count": 375
        },
        "AIDriver.Environment.EpisodeLength.mean": {
            "value": 2316.767441860465,
            "min": 719.0,
            "max": 3447.65,
            "count": 375
        },
        "AIDriver.Environment.EpisodeLength.sum": {
            "value": 99621.0,
            "min": 4314.0,
            "max": 149339.0,
            "count": 375
        },
        "AIDriver.Environment.CumulativeReward.mean": {
            "value": 224.0156628883904,
            "min": 105.15423012959461,
            "max": 456.17761196778326,
            "count": 375
        },
        "AIDriver.Environment.CumulativeReward.sum": {
            "value": 9632.673504200788,
            "min": 630.9253807775676,
            "max": 19381.594742901627,
            "count": 375
        },
        "AIDriver.Policy.ExtrinsicReward.mean": {
            "value": 224.0156628883904,
            "min": 105.15423012959461,
            "max": 456.17761196778326,
            "count": 375
        },
        "AIDriver.Policy.ExtrinsicReward.sum": {
            "value": 9632.673504200788,
            "min": 630.9253807775676,
            "max": 19381.594742901627,
            "count": 375
        },
        "AIDriver.IsTraining.mean": {
            "value": 1.0,
            "min": 1.0,
            "max": 1.0,
            "count": 375
        },
        "AIDriver.IsTraining.sum": {
            "value": 1.0,
            "min": 1.0,
            "max": 1.0,
            "count": 375
        }
    },
    "metadata": {
        "timer_format_version": "0.1.0",
        "start_time_seconds": "1637200440",
        "python_version": "3.7.9 (tags/v3.7.9:13c94747c7, Aug 17 2020, 18:58:18) [MSC v.1900 64 bit (AMD64)]",
        "command_line_arguments": "C:\\Users\\Student\\OneDrive - Loughborough University\\Documents\\GitHub\\AIDriver\\AIDriver\\venv\\Scripts\\mlagents-learn config/AIDriverImitation5.yaml --run-id=8AIDriver12 --resume",
        "mlagents_version": "0.27.0",
        "mlagents_envs_version": "0.27.0",
        "communication_protocol_version": "1.5.0",
        "pytorch_version": "1.7.0+cu110",
        "numpy_version": "1.21.2",
        "end_time_seconds": "1637231910"
    },
    "total": 31470.3736197,
    "count": 1,
    "self": 0.006283900002017617,
    "children": {
        "run_training.setup": {
            "total": 0.11670210000000036,
            "count": 1,
            "self": 0.11670210000000036
        },
        "TrainerController.start_learning": {
            "total": 31470.250633699998,
            "count": 1,
            "self": 7.4650558994289895,
            "children": {
                "TrainerController._reset_env": {
                    "total": 13.650489700000001,
                    "count": 1,
                    "self": 13.650489700000001
                },
                "TrainerController.advance": {
                    "total": 31449.074379000573,
                    "count": 292958,
                    "self": 6.867929101794289,
                    "children": {
                        "env_step": {
                            "total": 18636.600308099092,
                            "count": 292958,
                            "self": 17732.3480126992,
                            "children": {
                                "SubprocessEnvManager._take_step": {
                                    "total": 900.1548917996307,
                                    "count": 292958,
                                    "self": 28.346626999434875,
                                    "children": {
                                        "TorchPolicy.evaluate": {
                                            "total": 871.8082648001958,
                                            "count": 292958,
                                            "self": 339.5668157003612,
                                            "children": {
                                                "TorchPolicy.sample_actions": {
                                                    "total": 532.2414490998347,
                                                    "count": 292958,
                                                    "self": 532.2414490998347
                                                }
                                            }
                                        }
                                    }
                                },
                                "workers": {
                                    "total": 4.097403600263412,
                                    "count": 292957,
                                    "self": 0.0,
                                    "children": {
                                        "worker_root": {
                                            "total": 31449.976129399514,
                                            "count": 292957,