{
    "name": "root",
    "gauges": {
        "AIDriver.Policy.Entropy.mean": {
            "value": 2.068920850753784,
            "min": 1.5415393114089966,
            "max": 2.2457518577575684,
            "count": 559
        },
        "AIDriver.Policy.Entropy.sum": {
            "value": 207355.53125,
            "min": 50513.16015625,
            "max": 224215.875,
            "count": 559
        },
        "AIDriver.Step.mean": {
            "value": 132499989.0,
            "min": 76699982.0,
            "max": 132499989.0,
            "count": 559
        },
        "AIDriver.Step.sum": {
            "value": 132499989.0,
            "min": 76699982.0,
            "max": 132499989.0,
            "count": 559
        },
        "AIDriver.Policy.ExtrinsicValueEstimate.mean": {
            "value": 18.273700714111328,
            "min": 13.617660522460938,
            "max": 29.313167572021484,
            "count": 559
        },
        "AIDriver.Policy.ExtrinsicValueEstimate.sum": {
            "value": 28854.173828125,
            "min": 9582.466796875,
            "max": 46080.30078125,
            "count": 559
        },
        "AIDriver.Losses.PolicyLoss.mean": {
            "value": 0.04989098954674167,
            "min": 0.04623900511883184,
            "max": 0.08083620217085506,
            "count": 559
        },
        "AIDriver.Losses.PolicyLoss.sum": {
            "value": 0.4989098954674167,
            "min": 0.048968905025200606,
            "max": 0.8083620217085506,
            "count": 559
        },
        "AIDriver.Losses.ValueLoss.mean": {
            "value": 26.5305038022995,
            "min": 6.037657454609871,
            "max": 85.7138380185763,
            "count": 559
        },
        "AIDriver.Losses.ValueLoss.sum": {
            "value": 265.305038022995,
            "min": 6.037657454609871,
            "max": 857.138380185763,
            "count": 559
        },
        "AIDriver.Policy.LearningRate.mean": {
            "value": 0.0002602655223748303,
            "min": 0.0002602655223748303,
            "max": 0.0002769927202690958,
            "count": 559
        },
        "AIDriver.Policy.LearningRate.sum": {
            "value": 0.0026026552237483035,
            "min": 0.0002769927202690958,
            "max": 0.0027688488704504023,
            "count": 559
        },
        "AIDriver.Policy.Epsilon.mean": {
            "value": 0.18675516971,
            "min": 0.18675516971,
            "max": 0.1923309042,
            "count": 559
        },
        "AIDriver.Policy.Epsilon.sum": {
            "value": 1.8675516971000001,
            "min": 0.1923309042,
            "max": 1.9229495978,
            "count": 559
        },
        "AIDriver.Policy.Beta.mean": {
            "value": 0.0004351003315790001,
            "min": 0.0004351003315790001,
            "max": 0.00046242143057999985,
            "count": 559
        },
        "AIDriver.Policy.Beta.sum": {
            "value": 0.004351003315790001,
            "min": 0.00046242143057999985,
            "max": 0.00462245302922,
            "count": 559
        },
        "AIDriver.IsTraining.mean": {
            "value": 1.0,
            "min": 1.0,
            "max": 1.0,
            "count": 559
        },
        "AIDriver.IsTraining.sum": {
            "value": 1.0,
            "min": 1.0,
            "max": 1.0,
            "count": 559
        },
        "AIDriver.Environment.EpisodeLength.mean": {
            "value": 2858.548387096774,
            "min": 835.952380952381,
            "max": 4008.2894736842104,
            "count": 558
        },
        "AIDriver.Environment.EpisodeLength.sum": {
            "value": 88615.0,
            "min": 17555.0,
            "max": 189619.0,
            "count": 558
        },
        "AIDriver.Environment.CumulativeReward.mean": {
            "value": 593.3908740722237,
            "min": 145.2314415250661,
            "max": 996.6354940469237,
            "count": 558
        },
        "AIDriver.Environment.CumulativeReward.sum": {
            "value": 18395.117096238933,
            "min": 3049.860272026388,
            "max": 35368.40980416703,
            "count": 558
        },
        "AIDriver.Policy.ExtrinsicReward.mean": {
            "value": 593.3908740722237,
            "min": 145.2314415250661,
            "max": 996.6354940469237,
            "count": 558
        },
        "AIDriver.Policy.ExtrinsicReward.sum": {
            "value": 18395.117096238933,
            "min": 3049.860272026388,
            "max": 35368.40980416703,
            "count": 558
        }
    },
    "metadata": {
        "timer_format_version": "0.1.0",
        "start_time_seconds": "1632922500",
        "python_version": "3.7.9 (tags/v3.7.9:13c94747c7, Aug 17 2020, 18:58:18) [MSC v.1900 64 bit (AMD64)]",
        "command_line_arguments": "C:\\Users\\Student\\OneDrive - Loughborough University\\Documents\\GitHub\\AIDriver\\AIDriver\\venv\\Scripts\\mlagents-learn config/AIDriverImitation5.yaml --run-id=8AIDriver12 --resume",
        "mlagents_version": "0.27.0",
        "mlagents_envs_version": "0.27.0",
        "communication_protocol_version": "1.5.0",
        "pytorch_version": "1.7.0+cu110",
        "numpy_version": "1.21.2",
        "end_time_seconds": "1632988963"
    },
    "total": 66463.2007142,
    "count": 1,
    "self": 0.005021200006012805,
    "children": {
        "run_training.setup": {
            "total": 0.0733239,
            "count": 1,
            "self": 0.0733239
        },
        "TrainerController.start_learning": {
            "total": 66463.12236909999,
            "count": 1,
            "self": 12.405434899716056,
            "children": {
                "TrainerController._reset_env": {
                    "total": 13.282755900000002,
                    "count": 1,
                    "self": 13.282755900000002
                },
                "TrainerController.advance": {
                    "total": 66437.36495300027,
                    "count": 436350,
                    "self": 11.584518796444172,
                    "children": {
                        "env_step": {
                            "total": 43379.60381730246,
                            "count": 436350,
                            "self": 41913.40179350044,
                            "children": {
                                "SubprocessEnvManager._take_step": {
                                    "total": 1459.299734101213,
                                    "count": 436350,
                                    "self": 53.51242250071482,
                                    "children": {
                                        "TorchPolicy.evaluate": {
                                            "total": 1405.7873116004982,
                                            "count": 436350,
                                            "self": 399.3672919000528,
                                            "children": {
                                                "TorchPolicy.sample_actions": {
                                                    "total": 1006.4200197004454,
                                                    "count": 436350,
                                                    "self": 1006.4200197004454
                                                }
                                            }
                                        }
                                    }
                                },
                                "workers": {
                                    "total": 6.90228970080841,
                                    "count": 436349,
                                    "self": 0.0,
                                    "children": {
                                        "worker_root": {
                                            "total": 66437.23427510084,
                                            "count": 436349,