{
    "name": "root",
    "gauges": {
        "AIDriver.Policy.Entropy.mean": {
            "value": 1.1041581630706787,
            "min": 1.0335285663604736,
            "max": 2.4371676445007324,
            "count": 614
        },
        "AIDriver.Policy.Entropy.sum": {
            "value": 110097.8203125,
            "min": 103319.78125,
            "max": 244146.5,
            "count": 614
        },
        "AIDriver.Step.mean": {
            "value": 256999949.0,
            "min": 195699936.0,
            "max": 256999949.0,
            "count": 614
        },
        "AIDriver.Step.sum": {
            "value": 256999949.0,
            "min": 195699936.0,
            "max": 256999949.0,
            "count": 614
        },
        "AIDriver.Policy.ExtrinsicValueEstimate.mean": {
            "value": 20.98968505859375,
            "min": 19.948699951171875,
            "max": 28.76060676574707,
            "count": 614
        },
        "AIDriver.Policy.ExtrinsicValueEstimate.sum": {
            "value": 33688.4453125,
            "min": 32416.638671875,
            "max": 46160.7734375,
            "count": 614
        },
        "AIDriver.Losses.PolicyLoss.mean": {
            "value": 0.0565733707595306,
            "min": 0.0490145813144045,
            "max": 0.06482924075467357,
            "count": 614
        },
        "AIDriver.Losses.PolicyLoss.sum": {
            "value": 0.5657337075953061,
            "min": 0.2904474616945898,
            "max": 0.6482924075467357,
            "count": 614
        },
        "AIDriver.Losses.ValueLoss.mean": {
            "value": 10.204974867105483,
            "min": 5.833258016995729,
            "max": 61.85702495813369,
            "count": 614
        },
        "AIDriver.Losses.ValueLoss.sum": {
            "value": 102.04974867105483,
            "min": 52.49932215296156,
            "max": 618.570249581337,
            "count": 614
        },
        "AIDriver.Policy.LearningRate.mean": {
            "value": 0.00022291408093531493,
            "min": 0.00022291408093531493,
            "max": 0.0002413012076462706,
            "count": 614
        },
        "AIDriver.Policy.LearningRate.sum": {
            "value": 0.0022291408093531493,
            "min": 0.001206506038231353,
            "max": 0.0024124576937475006,
            "count": 614
        },
        "AIDriver.Policy.Epsilon.mean": {
            "value": 0.17430468508,
            "min": 0.17430468508,
            "max": 0.18043372936000002,
            "count": 614
        },
        "AIDriver.Policy.Epsilon.sum": {
            "value": 1.7430468507999999,
            "min": 0.9021686468000001,
            "max": 1.8041524993000004,
            "count": 614
        },
        "AIDriver.Policy.Beta.mean": {
            "value": 0.0003740929568920001,
            "min": 0.0003740929568920001,
            "max": 0.000404125273864,
            "count": 614
        },
        "AIDriver.Policy.Beta.sum": {
            "value": 0.003740929568920001,
            "min": 0.00202062636932,
            "max": 0.004040347246570001,
            "count": 614
        },
        "AIDriver.Environment.EpisodeLength.mean": {
            "value": 969.0,
            "min": 651.8958333333334,
            "max": 1298.784090909091,
            "count": 614
        },
        "AIDriver.Environment.EpisodeLength.sum": {
            "value": 87210.0,
            "min": 31291.0,
            "max": 119318.0,
            "count": 614
        },
        "AIDriver.Environment.CumulativeReward.mean": {
            "value": 254.4543077357913,
            "min": 152.30103570307256,
            "max": 323.13603843869805,
            "count": 614
        },
        "AIDriver.Environment.CumulativeReward.sum": {
            "value": 22900.887696221216,
            "min": 7310.449713747483,
            "max": 32642.019380629295,
            "count": 614
        },
        "AIDriver.Policy.ExtrinsicReward.mean": {
            "value": 254.4543077357913,
            "min": 152.30103570307256,
            "max": 323.13603843869805,
            "count": 614
        },
        "AIDriver.Policy.ExtrinsicReward.sum": {
            "value": 22900.887696221216,
            "min": 7310.449713747483,
            "max": 32642.019380629295,
            "count": 614
        },
        "AIDriver.IsTraining.mean": {
            "value": 1.0,
            "min": 1.0,
            "max": 1.0,
            "count": 614
        },
        "AIDriver.IsTraining.sum": {
            "value": 1.0,
            "min": 1.0,
            "max": 1.0,
            "count": 614
        }
    },
    "metadata": {
        "timer_format_version": "0.1.0",
        "start_time_seconds": "1633197227",
        "python_version": "3.7.9 (tags/v3.7.9:13c94747c7, Aug 17 2020, 18:58:18) [MSC v.1900 64 bit (AMD64)]",
        "command_line_arguments": "C:\\Users\\Student\\OneDrive - Loughborough University\\Documents\\GitHub\\AIDriver\\AIDriver\\venv\\Scripts\\mlagents-learn config/AIDriverImitation5.yaml --run-id=8AIDriver12 --resume",
        "mlagents_version": "0.27.0",
        "mlagents_envs_version": "0.27.0",
        "communication_protocol_version": "1.5.0",
        "pytorch_version": "1.7.0+cu110",
        "numpy_version": "1.21.2",
        "end_time_seconds": "1633271968"
    },
    "total": 74740.9794541,
    "count": 1,
    "self": 0.004922800013446249,
    "children": {
        "run_training.setup": {
            "total": 0.14105520000000027,
            "count": 1,
            "self": 0.14105520000000027
        },
        "TrainerController.start_learning": {
            "total": 74740.83347609999,
            "count": 1,
            "self": 15.531632102050935,
            "children": {
                "TrainerController._reset_env": {
                    "total": 8.641814100000001,
                    "count": 1,
                    "self": 8.641814100000001
                },
                "TrainerController.advance": {
                    "total": 74716.58184909791,
                    "count": 480256,
                    "self": 15.522325600410113,
                    "children": {
                        "env_step": {
                            "total": 41917.872354797786,
                            "count": 480256,
                            "self": 39678.34529219487,
                            "children": {
                                "SubprocessEnvManager._take_step": {
                                    "total": 2231.0536201018954,
                                    "count": 480256,
                                    "self": 67.76376170216145,
                                    "children": {
                                        "TorchPolicy.evaluate": {
                                            "total": 2163.289858399734,
                                            "count": 480256,
                                            "self": 603.2647349966453,
                                            "children": {
                                                "TorchPolicy.sample_actions": {
                                                    "total": 1560.0251234030886,
                                                    "count": 480256,
                                                    "self": 1560.0251234030886
                                                }
                                            }
                                        }
                                    }
                                },
                                "workers": {
                                    "total": 8.473442501021292,
                                    "count": 480255,
                                    "self": 0.0,
                                    "children": {
                                        "worker_root": {
                                            "total": 74713.1721645985,
                                            "count": 480255,