{
    "name": "root",
    "gauges": {
        "AIDriver.Policy.Entropy.mean": {
            "value": 2.533169984817505,
            "min": 1.4151402711868286,
            "max": 2.541640281677246,
            "count": 233
        },
        "AIDriver.Policy.Entropy.sum": {
            "value": 252587.4375,
            "min": 92890.984375,
            "max": 254408.015625,
            "count": 233
        },
        "AIDriver.Step.mean": {
            "value": 311099945.0,
            "min": 287899997.0,
            "max": 311099945.0,
            "count": 233
        },
        "AIDriver.Step.sum": {
            "value": 311099945.0,
            "min": 287899997.0,
            "max": 311099945.0,
            "count": 233
        },
        "AIDriver.Policy.ExtrinsicValueEstimate.mean": {
            "value": 13.780609130859375,
            "min": 10.62169075012207,
            "max": 21.915210723876953,
            "count": 233
        },
        "AIDriver.Policy.ExtrinsicValueEstimate.sum": {
            "value": 21787.142578125,
            "min": 16877.8671875,
            "max": 30761.576171875,
            "count": 233
        },
        "AIDriver.Losses.PolicyLoss.mean": {
            "value": 0.04857572382510019,
            "min": 0.047370097745830814,
            "max": 0.05855509438513158,
            "count": 233
        },
        "AIDriver.Losses.PolicyLoss.sum": {
            "value": 0.4857572382510019,
            "min": 0.14802170231026443,
            "max": 0.5855509438513158,
            "count": 233
        },
        "AIDriver.Losses.ValueLoss.mean": {
            "value": 21.973763998349508,
            "min": 4.039649221425255,
            "max": 21.973763998349508,
            "count": 233
        },
        "AIDriver.Losses.ValueLoss.sum": {
            "value": 219.7376399834951,
            "min": 12.118947664275765,
            "max": 219.7376399834951,
            "count": 233
        },
        "AIDriver.Policy.LearningRate.mean": {
            "value": 0.0002066848159150717,
            "min": 0.0002066848159150717,
            "max": 0.00021363830488724128,
            "count": 233
        },
        "AIDriver.Policy.LearningRate.sum": {
            "value": 0.002066848159150717,
            "min": 0.0006409149146617239,
            "max": 0.0021355460065514273,
            "count": 233
        },
        "AIDriver.Policy.Epsilon.mean": {
            "value": 0.16889492827,
            "min": 0.16889492827,
            "max": 0.1712127587,
            "count": 233
        },
        "AIDriver.Policy.Epsilon.sum": {
            "value": 1.6889492826999999,
            "min": 0.5136382761,
            "max": 1.7118485728000001,
            "count": 233
        },
        "AIDriver.Policy.Beta.mean": {
            "value": 0.00034758514852299997,
            "min": 0.00034758514852299997,
            "max": 0.00035894251763,
            "count": 233
        },
        "AIDriver.Policy.Beta.sum": {
            "value": 0.0034758514852299997,
            "min": 0.00107682755289,
            "max": 0.0035880580067200003,
            "count": 233
        },
        "AIDriver.IsTraining.mean": {
            "value": 1.0,
            "min": 1.0,
            "max": 1.0,
            "count": 233
        },
        "AIDriver.IsTraining.sum": {
            "value": 1.0,
            "min": 1.0,
            "max": 1.0,
            "count": 233
        },
        "AIDriver.Environment.EpisodeLength.mean": {
            "value": 2702.5945945945946,
            "min": 867.0,
            "max": 2842.275,
            "count": 232
        },
        "AIDriver.Environment.EpisodeLength.sum": {
            "value": 99996.0,
            "min": 15606.0,
            "max": 167099.0,
            "count": 232
        },
        "AIDriver.Environment.CumulativeReward.mean": {
            "value": 388.89922194152354,
            "min": 124.431323296882,
            "max": 453.0682987898965,
            "count": 232
        },
        "AIDriver.Environment.CumulativeReward.sum": {
            "value": 14389.27121183637,
            "min": 2239.763819343876,
            "max": 28146.969200266292,
            "count": 232
        },
        "AIDriver.Policy.ExtrinsicReward.mean": {
            "value": 388.89922194152354,
            "min": 124.431323296882,
            "max": 453.0682987898965,
            "count": 232
        },
        "AIDriver.Policy.ExtrinsicReward.sum": {
            "value": 14389.27121183637,
            "min": 2239.763819343876,
            "max": 28146.969200266292,
            "count": 232
        }
    },
    "metadata": {
        "timer_format_version": "0.1.0",
        "start_time_seconds": "1634587307",
        "python_version": "3.7.9 (tags/v3.7.9:13c94747c7, Aug 17 2020, 18:58:18) [MSC v.1900 64 bit (AMD64)]",
        "command_line_arguments": "C:\\Users\\Student\\OneDrive - Loughborough University\\Documents\\GitHub\\AIDriver\\AIDriver\\venv\\Scripts\\mlagents-learn config/AIDriverImitation5.yaml --run-id=8AIDriver12 --resume",
        "mlagents_version": "0.27.0",
        "mlagents_envs_version": "0.27.0",
        "communication_protocol_version": "1.5.0",
        "pytorch_version": "1.7.0+cu110",
        "numpy_version": "1.21.2",
        "end_time_seconds": "1634634909"
    },
    "total": 47602.5863611,
    "count": 1,
    "self": 0.014583500000298955,
    "children": {
        "run_training.setup": {
            "total": 0.1386579999999995,
            "count": 1,
            "self": 0.1386579999999995
        },
        "TrainerController.start_learning": {
            "total": 47602.4331196,
            "count": 1,
            "self": 8.023036499987938,
            "children": {
                "TrainerController._reset_env": {
                    "total": 6.2968571,
                    "count": 1,
                    "self": 6.2968571
                },
                "TrainerController.advance": {
                    "total": 47587.91679260001,
                    "count": 181881,
                    "self": 7.565471599751618,
                    "children": {
                        "env_step": {
                            "total": 30971.550672700374,
                            "count": 181881,
                            "self": 29840.082769900757,
                            "children": {
                                "SubprocessEnvManager._take_step": {
                                    "total": 1127.2761518997595,
                                    "count": 181881,
                                    "self": 36.87466680049056,
                                    "children": {
                                        "TorchPolicy.evaluate": {
                                            "total": 1090.401485099269,
                                            "count": 181881,
                                            "self": 290.74117669914835,
                                            "children": {
                                                "TorchPolicy.sample_actions": {
                                                    "total": 799.6603084001206,
                                                    "count": 181881,
                                                    "self": 799.6603084001206
                                                }
                                            }
                                        }
                                    }
                                },
                                "workers": {
                                    "total": 4.191750899856533,
                                    "count": 181880,
                                    "self": 0.0,
                                    "children": {
                                        "worker_root": {
                                            "total": 47588.67965230037,
                                            "count": 181880,