{
    "name": "root",
    "gauges": {
        "AIDriver.Policy.Entropy.mean": {
            "value": -6.004263877868652,
            "min": -6.140319347381592,
            "max": -5.261679649353027,
            "count": 86
        },
        "AIDriver.Policy.Entropy.sum": {
            "value": -602539.875,
            "min": -615875.75,
            "max": -86207.359375,
            "count": 86
        },
        "AIDriver.Step.mean": {
            "value": 10399991.0,
            "min": 1899942.0,
            "max": 10399991.0,
            "count": 86
        },
        "AIDriver.Step.sum": {
            "value": 10399991.0,
            "min": 1899942.0,
            "max": 10399991.0,
            "count": 86
        },
        "AIDriver.Policy.ExtrinsicValueEstimate.mean": {
            "value": 1.8978995084762573,
            "min": 1.7212539911270142,
            "max": 12.41771125793457,
            "count": 86
        },
        "AIDriver.Policy.ExtrinsicValueEstimate.sum": {
            "value": 3057.51611328125,
            "min": 1654.763671875,
            "max": 20538.89453125,
            "count": 86
        },
        "AIDriver.Policy.GailValueEstimate.mean": {
            "value": 32.93430709838867,
            "min": 30.79258155822754,
            "max": 61.414642333984375,
            "count": 86
        },
        "AIDriver.Policy.GailValueEstimate.sum": {
            "value": 53057.16796875,
            "min": 8290.9765625,
            "max": 71816.03125,
            "count": 86
        },
        "AIDriver.IsTraining.mean": {
            "value": 1.0,
            "min": 1.0,
            "max": 1.0,
            "count": 86
        },
        "AIDriver.IsTraining.sum": {
            "value": 1.0,
            "min": 1.0,
            "max": 1.0,
            "count": 86
        },
        "AIDriver.Losses.PolicyLoss.mean": {
            "value": 0.13830637242179364,
            "min": 0.13830637242179364,
            "max": 0.27980900846505874,
            "count": 85
        },
        "AIDriver.Losses.PolicyLoss.sum": {
            "value": 1.3830637242179364,
            "min": 1.2797828269346305,
            "max": 2.588923673890531,
            "count": 85
        },
        "AIDriver.Losses.ValueLoss.mean": {
            "value": 25.869067772229517,
            "min": 13.795709240436555,
            "max": 39.72421896611455,
            "count": 85
        },
        "AIDriver.Losses.ValueLoss.sum": {
            "value": 258.69067772229516,
            "min": 128.79810349543888,
            "max": 331.0692400896453,
            "count": 85
        },
        "AIDriver.Policy.LearningRate.mean": {
            "value": 0.0002968944289051907,
            "min": 0.0002968944289051907,
            "max": 0.0002994128122207293,
            "count": 85
        },
        "AIDriver.Policy.LearningRate.sum": {
            "value": 0.002968944289051907,
            "min": 0.0023953024977658344,
            "max": 0.0029935524933491697,
            "count": 85
        },
        "AIDriver.Policy.Epsilon.mean": {
            "value": 0.19896480929,
            "min": 0.19896480929,
            "max": 0.19980427067500006,
            "count": 85
        },
        "AIDriver.Policy.Epsilon.sum": {
            "value": 1.9896480929,
            "min": 1.5984341654000005,
            "max": 1.9978508304,
            "count": 85
        },
        "AIDriver.Policy.Beta.mean": {
            "value": 0.0004949275655210001,
            "min": 0.0004949275655210001,
            "max": 0.0004990409263075001,
            "count": 85
        },
        "AIDriver.Policy.Beta.sum": {
            "value": 0.004949275655210001,
            "min": 0.0039923274104600006,
            "max": 0.00498946906896,
            "count": 85
        },
        "AIDriver.Policy.GAILPolicyEstimate.mean": {
            "value": 0.24524457518011333,
            "min": 0.24025855200986068,
            "max": 0.32274771350125475,
            "count": 85
        },
        "AIDriver.Policy.GAILPolicyEstimate.sum": {
            "value": 2.4524457518011333,
            "min": 2.1623269680887462,
            "max": 3.2274771350125473,
            "count": 85
        },
        "AIDriver.Policy.GAILExpertEstimate.mean": {
            "value": 0.7404603797694047,
            "min": 0.6789785152177016,
            "max": 0.7436205394842007,
            "count": 85
        },
        "AIDriver.Policy.GAILExpertEstimate.sum": {
            "value": 7.4046037976940475,
            "min": 5.5567491766014365,
            "max": 7.411917606492838,
            "count": 85
        },
        "AIDriver.Losses.GAILLoss.mean": {
            "value": 0.7295391433934372,
            "min": 0.7121503510960827,
            "max": 0.9030578329165776,
            "count": 85
        },
        "AIDriver.Losses.GAILLoss.sum": {
            "value": 7.2953914339343715,
            "min": 6.409353159864744,
            "max": 9.030578329165776,
            "count": 85
        },
        "AIDriver.Policy.GAILGradMagLoss.mean": {
            "value": 0.02500160474058551,
            "min": 0.017524293402212822,
            "max": 0.028068739833428887,
            "count": 85
        },
        "AIDriver.Policy.GAILGradMagLoss.sum": {
            "value": 0.2500160474058551,
            "min": 0.1577186406199154,
            "max": 0.270945972413756,
            "count": 85
        },
        "AIDriver.Losses.PretrainingLoss.mean": {
            "value": 0.12081887320435922,
            "min": 0.1201568501110015,
            "max": 0.16293473842066772,
            "count": 85
        },
        "AIDriver.Losses.PretrainingLoss.sum": {
            "value": 1.2081887320435922,
            "min": 1.097364549482361,
            "max": 1.6121463471915378,
            "count": 85
        },
        "AIDriver.Environment.EpisodeLength.mean": {
            "value": 1430.6527777777778,
            "min": 501.48201438848923,
            "max": 1459.888888888889,
            "count": 85
        },
        "AIDriver.Environment.EpisodeLength.sum": {
            "value": 103007.0,
            "min": 69706.0,
            "max": 120857.0,
            "count": 85
        },
        "AIDriver.Environment.CumulativeReward.mean": {
            "value": 69.68570898282312,
            "min": 58.44235673176419,
            "max": 173.17346927798556,
            "count": 85
        },
        "AIDriver.Environment.CumulativeReward.sum": {
            "value": 5017.3710467632645,
            "min": 4674.888350083431,
            "max": 31115.38051775191,
            "count": 85
        },
        "AIDriver.Policy.ExtrinsicReward.mean": {
            "value": 34.84285449141156,
            "min": 29.221178365882096,
            "max": 86.58673463899278,
            "count": 85
        },
        "AIDriver.Policy.ExtrinsicReward.sum": {
            "value": 2508.6855233816323,
            "min": 2337.4441750417154,
            "max": 15557.690258875955,
            "count": 85
        },
        "AIDriver.Policy.GailReward.mean": {
            "value": 497.55594361436346,
            "min": 236.44184585793292,
            "max": 505.03765510322967,
            "count": 85
        },
        "AIDriver.Policy.GailReward.sum": {
            "value": 35824.02794023417,
            "min": 30807.538847539574,
            "max": 53083.57155865384,
            "count": 85
        }
    },
    "metadata": {
        "timer_format_version": "0.1.0",
        "start_time_seconds": "1629295968",
        "python_version": "3.7.9 (tags/v3.7.9:13c94747c7, Aug 17 2020, 18:58:18) [MSC v.1900 64 bit (AMD64)]",
        "command_line_arguments": "C:\\Users\\Student\\Documents\\GitHub\\AIDriver\\AIDriver\\venv\\Scripts\\mlagents-learn config/AIDriverImitation2.yaml --run-id=AIDriverNotColImitation1 --resume",
        "mlagents_version": "0.27.0",
        "mlagents_envs_version": "0.27.0",
        "communication_protocol_version": "1.5.0",