{
    "name": "root",
    "metadata": {
        "timer_format_version": "0.1.0",
        "start_time_seconds": "1640602417",
        "python_version": "3.7.9 (tags/v3.7.9:13c94747c7, Aug 17 2020, 18:58:18) [MSC v.1900 64 bit (AMD64)]",
        "command_line_arguments": "C:\\Users\\Student\\OneDrive - Loughborough University\\Documents\\GitHub\\AIDriver\\AIDriver\\venv\\Scripts\\mlagents-learn config/AIDriverImitation5.yaml --run-id=8AIDriver31 --resume",
        "mlagents_version": "0.27.0",
        "mlagents_envs_version": "0.27.0",
        "communication_protocol_version": "1.5.0",
        "pytorch_version": "1.7.0+cu110",
        "numpy_version": "1.21.2",
        "end_time_seconds": "1640602439"
    },
    "total": 21.8730746,
    "count": 1,
    "self": 0.007680799999999266,
    "children": {
        "run_training.setup": {
            "total": 0.1309933000000001,
            "count": 1,
            "self": 0.1309933000000001
        },
        "TrainerController.start_learning": {
            "total": 21.7344005,
            "count": 1,
            "self": 0.0008576999999903023,
            "children": {
                "TrainerController._reset_env": {
                    "total": 18.542479800000002,
                    "count": 1,
                    "self": 18.542479800000002
                },
                "TrainerController.advance": {
                    "total": 3.076950300000007,
                    "count": 14,
                    "self": 0.00043360000000447485,
                    "children": {
                        "env_step": {
                            "total": 3.07611,
                            "count": 14,
                            "self": 2.412558199999996,
                            "children": {
                                "SubprocessEnvManager._take_step": {
                                    "total": 0.6633532000000031,
                                    "count": 14,
                                    "self": 0.0016619000000090978,
                                    "children": {
                                        "TorchPolicy.evaluate": {
                                            "total": 0.661691299999994,
                                            "count": 14,
                                            "self": 0.035483800000008614,
                                            "children": {
                                                "TorchPolicy.sample_actions": {
                                                    "total": 0.6262074999999854,
                                                    "count": 14,
                                                    "self": 0.6262074999999854
                                                }
                                            }
                                        }
                                    }
                                },
                                "workers": {
                                    "total": 0.00019860000000093692,
                                    "count": 13,
                                    "self": 0.0,
                                    "children": {
                                        "worker_root": {
                                            "total": 4.218485699999995,
                                            "count": 13,
                                            "is_parallel": true,
                                            "self": 1.9136643999999983,
                                            "children": {
                                                "steps_from_proto": {
                                                    "total": 0.00191470000000038,
                                                    "count": 1,
                                                    "is_parallel": true,
                                                    "self": 0.0005288999999990551,
                                                    "children": {
                                                        "_process_rank_one_or_two_observation": {
                                                            "total": 0.0013858000000013249,
                                                            "count": 6,
                                                            "is_parallel": true,
                                                            "self": 0.0013858000000013249
                                                        }
                                                    }
                                                },
                                                "UnityEnvironment.step": {
                                                    "total": 2.3029065999999965,
                                                    "count": 13,
                                                    "is_parallel": true,
                                                    "self": 0.0068663999999962755,
                                                    "children": {
                                                        "UnityEnvironment._generate_step_input": {
                                                            "total": 0.007102400000007947,
                                                            "count": 13,
                                                            "is_parallel": true,
                                                            "self": 0.007102400000007947
                                                        },
                                                        "communicator.exchange": {
                                                            "total": 2.2732332000000035,
                                                            "count": 13,
                                                            "is_parallel": true,
                                                            "self": 2.2732332000000035
                                                        },
                                                        "steps_from_proto": {
                                                            "total": 0.015704599999988744,
                                                            "count": 13,
                                                            "is_parallel": true,
                                                            "self": 0.004140499999987668,
                                                            "children": {
                                                                "_process_rank_one_or_two_observation": {
                                                                    "total": 0.011564100000001076,
                                                                    "count": 78,
                                                                    "is_parallel": true,
                                                                    "self": 0.011564100000001076
                                                                }
                                                            }
                                                        }
                                                    }
                                                }
                                            }
                                        }
                                    }
                                }
                            }
                        },
                        "trainer_advance": {
                            "total": 0.00040670000000275763,
                            "count": 13,
                            "self": 0.00028719999999893275,
                            "children": {
                                "process_trajectory": {
                                    "total": 0.00011950000000382488,
                                    "count": 13,