{
    "name": "root",
    "gauges": {
        "AIDriver.Policy.Entropy.mean": {
            "value": 2.0426738262176514,
            "min": 2.0426738262176514,
            "max": 2.0426738262176514,
            "count": 1
        },
        "AIDriver.Policy.Entropy.sum": {
            "value": 206097.625,
            "min": 206097.625,
            "max": 206097.625,
            "count": 1
        },
        "AIDriver.Step.mean": {
            "value": 99995.0,
            "min": 99995.0,
            "max": 99995.0,
            "count": 1
        },
        "AIDriver.Step.sum": {
            "value": 99995.0,
            "min": 99995.0,
            "max": 99995.0,
            "count": 1
        },
        "AIDriver.Policy.ExtrinsicValueEstimate.mean": {
            "value": 11.230411529541016,
            "min": 11.230411529541016,
            "max": 11.230411529541016,
            "count": 1
        },
        "AIDriver.Policy.ExtrinsicValueEstimate.sum": {
            "value": 18159.576171875,
            "min": 18159.576171875,
            "max": 18159.576171875,
            "count": 1
        },
        "AIDriver.Environment.EpisodeLength.mean": {
            "value": 716.2457627118644,
            "min": 716.2457627118644,
            "max": 716.2457627118644,
            "count": 1
        },
        "AIDriver.Environment.EpisodeLength.sum": {
            "value": 84517.0,
            "min": 84517.0,
            "max": 84517.0,
            "count": 1
        },
        "AIDriver.Environment.CumulativeReward.mean": {
            "value": 66.57055585141555,
            "min": 66.57055585141555,
            "max": 66.57055585141555,
            "count": 1
        },
        "AIDriver.Environment.CumulativeReward.sum": {
            "value": 7855.325590467034,
            "min": 7855.325590467034,
            "max": 7855.325590467034,
            "count": 1
        },
        "AIDriver.Policy.ExtrinsicReward.mean": {
            "value": 66.57055585141555,
            "min": 66.57055585141555,
            "max": 66.57055585141555,
            "count": 1
        },
        "AIDriver.Policy.ExtrinsicReward.sum": {
            "value": 7855.325590467034,
            "min": 7855.325590467034,
            "max": 7855.325590467034,
            "count": 1
        },
        "AIDriver.Losses.PolicyLoss.mean": {
            "value": 0.046277386170415276,
            "min": 0.046277386170415276,
            "max": 0.046277386170415276,
            "count": 1
        },
        "AIDriver.Losses.PolicyLoss.sum": {
            "value": 0.4164964755337375,
            "min": 0.4164964755337375,
            "max": 0.4164964755337375,
            "count": 1
        },
        "AIDriver.Losses.ValueLoss.mean": {
            "value": 40.6632678049582,
            "min": 40.6632678049582,
            "max": 40.6632678049582,
            "count": 1
        },
        "AIDriver.Losses.ValueLoss.sum": {
            "value": 365.9694102446238,
            "min": 365.9694102446238,
            "max": 365.9694102446238,
            "count": 1
        },
        "AIDriver.Policy.LearningRate.mean": {
            "value": 0.0002999846043384652,
            "min": 0.0002999846043384652,
            "max": 0.0002999846043384652,
            "count": 1
        },
        "AIDriver.Policy.LearningRate.sum": {
            "value": 0.002699861439046187,
            "min": 0.002699861439046187,
            "max": 0.002699861439046187,
            "count": 1
        },
        "AIDriver.Policy.Epsilon.mean": {
            "value": 0.1999948681111111,
            "min": 0.1999948681111111,
            "max": 0.1999948681111111,
            "count": 1
        },
        "AIDriver.Policy.Epsilon.sum": {
            "value": 1.7999538130000001,
            "min": 1.7999538130000001,
            "max": 1.7999538130000001,
            "count": 1
        },
        "AIDriver.Policy.Beta.mean": {
            "value": 0.0004999748537444444,
            "min": 0.0004999748537444444,
            "max": 0.0004999748537444444,
            "count": 1
        },
        "AIDriver.Policy.Beta.sum": {
            "value": 0.0044997736837,
            "min": 0.0044997736837,
            "max": 0.0044997736837,
            "count": 1
        },
        "AIDriver.IsTraining.mean": {
            "value": 1.0,
            "min": 1.0,
            "max": 1.0,
            "count": 1
        },
        "AIDriver.IsTraining.sum": {
            "value": 1.0,
            "min": 1.0,
            "max": 1.0,
            "count": 1
        }
    },
    "metadata": {
        "timer_format_version": "0.1.0",
        "start_time_seconds": "1640523749",
        "python_version": "3.7.9 (tags/v3.7.9:13c94747c7, Aug 17 2020, 18:58:18) [MSC v.1900 64 bit (AMD64)]",
        "command_line_arguments": "C:\\Users\\Student\\OneDrive - Loughborough University\\Documents\\GitHub\\AIDriver\\AIDriver\\venv\\Scripts\\mlagents-learn config/AIDriverImitation5.yaml --initialize-from=8AIDriver28 --run-id=8AIDriver31",
        "mlagents_version": "0.27.0",
        "mlagents_envs_version": "0.27.0",
        "communication_protocol_version": "1.5.0",
        "pytorch_version": "1.7.0+cu110",
        "numpy_version": "1.21.2",
        "end_time_seconds": "1640524010"
    },
    "total": 261.4441377,
    "count": 1,
    "self": 0.005123200000014094,
    "children": {
        "run_training.setup": {
            "total": 0.07448419999999989,
            "count": 1,
            "self": 0.07448419999999989
        },
        "TrainerController.start_learning": {
            "total": 261.3645303,
            "count": 1,
            "self": 0.09846090000053209,
            "children": {
                "TrainerController._reset_env": {
                    "total": 6.9239806,
                    "count": 1,
                    "self": 6.9239806
                },
                "TrainerController.advance": {
                    "total": 254.26046879999944,
                    "count": 4525,
                    "self": 0.1011279999980843,
                    "children": {
                        "env_step": {
                            "total": 201.19046540000102,
                            "count": 4525,
                            "self": 184.905261600001,
                            "children": {
                                "SubprocessEnvManager._take_step": {
                                    "total": 16.22108149999966,
                                    "count": 4525,
                                    "self": 0.30800509999847314,
                                    "children": {
                                        "TorchPolicy.evaluate": {
                                            "total": 15.913076400001186,
                                            "count": 4525,
                                            "self": 6.163241800002696,
                                            "children": {
                                                "TorchPolicy.sample_actions": {
                                                    "total": 9.74983459999849,
                                                    "count": 4525,
                                                    "self": 9.74983459999849
                                                }
                                            }
                                        }
                                    }
                                },
                                "workers": {
                                    "total": 0.06412230000034924,
                                    "count": 4524,
                                    "self": 0.0,
                                    "children": {
                                        "worker_root": {
                                            "total": 252.14770159999995,
                                            "count": 4524,
                                            "is_parallel": true,