{
    "name": "root",
    "gauges": {
        "AIDriver.Policy.Entropy.mean": {
            "value": 0.60942542552948,
            "min": 0.60942542552948,
            "max": 1.775732159614563,
            "count": 432
        },
        "AIDriver.Policy.Entropy.sum": {
            "value": 60962.04296875,
            "min": 10384.388671875,
            "max": 177350.140625,
            "count": 432
        },
        "AIDriver.Step.mean": {
            "value": 43399989.0,
            "min": 299979.0,
            "max": 43399989.0,
            "count": 432
        },
        "AIDriver.Step.sum": {
            "value": 43399989.0,
            "min": 299979.0,
            "max": 43399989.0,
            "count": 432
        },
        "AIDriver.Policy.ExtrinsicValueEstimate.mean": {
            "value": 30.9293270111084,
            "min": 11.427064895629883,
            "max": 36.353309631347656,
            "count": 432
        },
        "AIDriver.Policy.ExtrinsicValueEstimate.sum": {
            "value": 48713.69140625,
            "min": 845.602783203125,
            "max": 57510.9375,
            "count": 432
        },
        "AIDriver.IsTraining.mean": {
            "value": 1.0,
            "min": 1.0,
            "max": 1.0,
            "count": 432
        },
        "AIDriver.IsTraining.sum": {
            "value": 1.0,
            "min": 1.0,
            "max": 1.0,
            "count": 432
        },
        "AIDriver.Losses.PolicyLoss.mean": {
            "value": 0.05019665364602891,
            "min": 0.0461062332688986,
            "max": 0.15718428251605168,
            "count": 431
        },
        "AIDriver.Losses.PolicyLoss.sum": {
            "value": 0.5019665364602891,
            "min": 0.4213255810861786,
            "max": 1.5718428251605168,
            "count": 431
        },
        "AIDriver.Losses.ValueLoss.mean": {
            "value": 22.631112820307415,
            "min": 10.613461511135101,
            "max": 926.0026956653594,
            "count": 431
        },
        "AIDriver.Losses.ValueLoss.sum": {
            "value": 226.31112820307413,
            "min": 106.13461511135101,
            "max": 9260.026956653594,
            "count": 431
        },
        "AIDriver.Policy.LearningRate.mean": {
            "value": 0.00028699488658503927,
            "min": 0.00028699488658503927,
            "max": 0.00029989540676819774,
            "count": 431
        },
        "AIDriver.Policy.LearningRate.sum": {
            "value": 0.0028699488658503925,
            "min": 0.0025834954696348565,
            "max": 0.0029986612357462542,
            "count": 431
        },
        "AIDriver.Policy.Epsilon.mean": {
            "value": 0.19566496075000003,
            "min": 0.19566496075000003,
            "max": 0.1999651355777778,
            "count": 431
        },
        "AIDriver.Policy.Epsilon.sum": {
            "value": 1.9566496075000004,
            "min": 1.7611651436000002,
            "max": 1.9995537451,
            "count": 431
        },
        "AIDriver.Policy.Beta.mean": {
            "value": 0.0004787583076750001,
            "min": 0.0004787583076750001,
            "max": 0.000499829164331111,
            "count": 431
        },
        "AIDriver.Policy.Beta.sum": {
            "value": 0.004787583076750001,
            "min": 0.00430970920364,
            "max": 0.0049978133509899995,
            "count": 431
        },
        "AIDriver.Environment.EpisodeLength.mean": {
            "value": 3566.923076923077,
            "min": 1170.6103896103896,
            "max": 3597.655172413793,
            "count": 431
        },
        "AIDriver.Environment.EpisodeLength.sum": {
            "value": 92740.0,
            "min": 23018.0,
            "max": 140304.0,
            "count": 431
        },
        "AIDriver.Environment.CumulativeReward.mean": {
            "value": 1029.929390983065,
            "min": 230.59547779594425,
            "max": 1098.5327771207928,
            "count": 431
        },
        "AIDriver.Environment.CumulativeReward.sum": {
            "value": 26778.16416555969,
            "min": 4956.428679134466,
            "max": 34666.88310766962,
            "count": 431
        },
        "AIDriver.Policy.ExtrinsicReward.mean": {
            "value": 1029.929390983065,
            "min": 230.59547779594425,
            "max": 1098.5327771207928,
            "count": 431
        },
        "AIDriver.Policy.ExtrinsicReward.sum": {
            "value": 26778.16416555969,
            "min": 4956.428679134466,
            "max": 34666.88310766962,
            "count": 431
        }
    },
    "metadata": {
        "timer_format_version": "0.1.0",
        "start_time_seconds": "1640813338",
        "python_version": "3.7.9 (tags/v3.7.9:13c94747c7, Aug 17 2020, 18:58:18) [MSC v.1900 64 bit (AMD64)]",
        "command_line_arguments": "C:\\Users\\Student\\OneDrive - Loughborough University\\Documents\\GitHub\\AIDriver\\AIDriver\\venv\\Scripts\\mlagents-learn config/AIDriverImitation5.yaml --run-id=8AIDriver33 --resume",
        "mlagents_version": "0.27.0",
        "mlagents_envs_version": "0.27.0",
        "communication_protocol_version": "1.5.0",
        "pytorch_version": "1.7.0+cu110",
        "numpy_version": "1.21.2",
        "end_time_seconds": "1640867538"
    },
    "total": 54199.8487215,
    "count": 1,
    "self": 0.004628199996659532,
    "children": {
        "run_training.setup": {
            "total": 0.14919219999999989,
            "count": 1,
            "self": 0.14919219999999989
        },
        "TrainerController.start_learning": {
            "total": 54199.6949011,
            "count": 1,
            "self": 28.03026310032874,
            "children": {
                "TrainerController._reset_env": {
                    "total": 8.146224700000001,
                    "count": 1,
                    "self": 8.146224700000001
                },
                "TrainerController.advance": {
                    "total": 54163.458064499675,
                    "count": 1349719,
                    "self": 28.48099689873925,
                    "children": {
                        "env_step": {
                            "total": 37715.83871120526,
                            "count": 1349719,
                            "self": 33048.526744803785,
                            "children": {
                                "SubprocessEnvManager._take_step": {
                                    "total": 4649.318413300455,
                                    "count": 1349719,
                                    "self": 79.18979090057928,
                                    "children": {
                                        "TorchPolicy.evaluate": {
                                            "total": 4570.128622399876,
                                            "count": 1349719,
                                            "self": 1902.2923534986448,
                                            "children": {
                                                "TorchPolicy.sample_actions": {
                                                    "total": 2667.836268901231,
                                                    "count": 1349719,
                                                    "self": 2667.836268901231
                                                }
                                            }
                                        }
                                    }
                                },
                                "workers": {
                                    "total": 17.99355310101589,
                                    "count": 1349718,
                                    "self": 0.0,
                                    "children": {
                                        "worker_root": {
                                            "total": 54157.66899619622,